job_id,service_category,service_subtype,zip_code,booking_month,job_description,estimate_lo,estimate_hi,original_estimate,final_price,deadline,complexity,scope_size,urgency,cat_Auto,cat_Chimney,cat_Cleaning,cat_Electrical,cat_Exterior,cat_Flooring,cat_General Contractor,cat_HVAC,cat_Handyman,cat_Landscaping,cat_Moving,cat_Painting,cat_Pest Control,cat_Plumbing,cat_Pool,cat_Remodeling,cat_Roofing,deadline_I'm flexible,deadline_Within 1 month,deadline_Within 1-2 weeks,booking_month_numeric,interval_width,interval_width_ratio,cat_is_prod,price_is_high,interval_is_wide
job_000000,Plumbing,Fixture Installation,34365,2026-01,Install new water heater,94,1165,629,717.0,I'm flexible,medium,medium,routine,False,False,False,False,False,False,False,False,False,False,False,False,False,True,False,False,False,True,False,False,1,1071,11.393616900067906,1,0,0
job_000001,Flooring,Flooring,50056,2026-03,Flooring,227,1559,893,765.0,Within 1-2 weeks,medium,medium,routine,False,False,False,False,False,True,False,False,False,False,False,False,False,False,False,False,False,False,False,True,3,1332,5.867841383842109,0,0,0
job_000002,Appliance Repair,Appliance Repair,62585,2026-02,Appliance Repair,236,1944,1090,,I'm flexible,medium,medium,routine,False,False,False,False,False,False,False,False,False,False,False,False,False,False,False,False,False,True,False,False,2,1708,7.237288104926745,0,0,0
job_000003,Auto,Auto,79914,2026-02,Auto,194,2485,1339,,I'm flexible,medium,medium,routine,True,False,False,False,False,False,False,False,False,False,False,False,False,False,False,False,False,True,False,False,2,2291,11.809278289642895,0,0,0
job_000004,Flooring,Flooring,37309,2026-02,Flooring,179,2454,1316,,Within 1 month,medium,medium,routine,False,False,False,False,False,True,False,False,False,False,False,False,False,False,False,False,False,False,True,False,2,2275,12.709497135701133,0,0,0
job_000005,Appliance Repair,Appliance Repair,14708,2026-04,Appliance Repair,245,1520,882,970.0,I'm flexible,medium,medium,routine,False,False,False,False,False,False,False,False,False,False,False,False,False,False,False,False,False,True,False,False,4,1275,5.204081611411912,0,0,0
job_000006,Landscaping,Landscaping,30092,2026-04,Landscaping,208,1804,1006,989.0,I'm flexible,medium,medium,routine,False,False,False,False,False,False,False,False,False,True,False,False,False,False,False,False,False,True,False,False,4,1596,7.673076886187131,1,0,0
job_000007,Pool,Pool,10114,2026-04,Pool,166,2370,1268,1393.0,Within 1 month,medium,medium,routine,False,False,False,False,False,False,False,False,False,False,False,False,False,False,True,False,False,False,True,False,4,2204,13.277108353752359,0,0,0
job_000008,Auto,Auto,76343,2026-01,Auto,239,1793,1016,,Within 1 month,medium,medium,routine,True,False,False,False,False,False,False,False,False,False,False,False,False,False,False,False,False,False,True,False,1,1554,6.502092023003799,0,0,0
job_000009,Electrical,Lighting,96098,2026-04,Install new outlets in kitchen,133,2111,1122,943.0,As soon as possible,medium,medium,routine,False,False,False,True,False,False,False,False,False,False,False,False,False,False,False,False,False,False,False,False,4,1978,14.872180339306915,1,0,0
job_000010,Auto,Auto,38240,2026-01,Auto,176,2113,1144,,Within 1 month,medium,medium,routine,True,False,False,False,False,False,False,False,False,False,False,False,False,False,False,False,False,False,True,False,1,1937,11.005681755649535,0,0,0
job_000011,Pest Control,Termites,61378,2026-02,"Bed bug heat treatment, 2BR apartment",294,2239,1266,1086.0,As soon as possible,medium,medium,routine,False,False,False,False,False,False,False,False,False,False,False,False,True,False,False,False,False,False,False,False,2,1945,6.615646236001203,0,0,0
job_000012,Exterior,Exterior,18498,2026-01,Exterior,556,3377,1966,2023.0,Within 1 month,medium,medium,routine,False,False,False,False,True,False,False,False,False,False,False,False,False,False,False,False,False,False,True,False,1,2821,5.0737409980688115,1,0,0
job_000013,Auto,Auto,84192,2026-02,Auto,167,2091,1129,,As soon as possible,medium,medium,routine,True,False,False,False,False,False,False,False,False,False,False,False,False,False,False,False,False,False,False,False,2,1924,11.520958014844563,0,0,0
job_000014,Plumbing,Leak Repair,40998,2026-04,Fix leaking bathroom faucet,114,1401,757,900.0,Within 1-2 weeks,medium,medium,routine,False,False,False,False,False,False,False,False,False,False,False,False,False,True,False,False,False,False,False,True,4,1287,11.289473585180057,1,0,0
job_000015,Auto,Auto,62585,2026-03,Auto,179,2282,1230,1211.0,As soon as possible,medium,medium,routine,True,False,False,False,False,False,False,False,False,False,False,False,False,False,False,False,False,False,False,False,3,2103,11.748603286320652,0,0,0
job_000016,Remodeling,Remodeling,69609,2026-02,Remodeling,219,1907,1063,987.0,Within 1 month,medium,medium,routine,False,False,False,False,False,False,False,False,False,False,False,False,False,False,False,True,False,False,True,False,2,1688,7.707762521882363,0,0,0
job_000017,Painting,Cabinet,90096,2026-03,Exterior house painting,344,2067,1205,,Within 1 month,medium,medium,routine,False,False,False,False,False,False,False,False,False,False,False,True,False,False,False,False,False,False,True,False,3,1723,5.008720915672323,0,0,0
job_000018,Flooring,Flooring,87197,2026-04,Flooring,229,1589,909,,I'm flexible,medium,medium,routine,False,False,False,False,False,True,False,False,False,False,False,False,False,False,False,False,False,True,False,False,4,1360,5.938864602887055,0,0,0
job_000019,Flooring,Flooring,74678,2026-01,Flooring,244,2093,1168,1357.0,Within 1-2 weeks,medium,medium,routine,False,False,False,False,False,True,False,False,False,False,False,False,False,False,False,False,False,False,False,True,1,1849,7.577868821402177,0,0,0
job_000020,HVAC,AC Repair,79331,2026-03,AC unit repair and maintenance,152,2598,1375,1531.0,Within 1 month,medium,medium,routine,False,False,False,False,False,False,False,True,False,False,False,False,False,False,False,False,False,False,True,False,3,2446,16.09210515728878,1,0,0
job_000021,Pool,Pool,21519,2026-03,Pool,238,2302,1270,,Within 1 month,medium,medium,routine,False,False,False,False,False,False,False,False,False,False,False,False,False,False,True,False,False,False,True,False,3,2064,8.67226887112492,0,0,0
job_000022,Electrical,Outlet Installation,31253,2026-04,Repair faulty electrical panel,119,2460,1289,1141.0,Within 1-2 weeks,medium,medium,routine,False,False,False,True,False,False,False,False,False,False,False,False,False,False,False,False,False,False,False,True,4,2341,19.672268742249845,1,0,0
job_000023,Moving,Moving,94355,2026-02,Moving,165,1801,983,971.0,Within 1 month,medium,medium,routine,False,False,False,False,False,False,False,False,False,False,True,False,False,False,False,False,False,False,True,False,2,1636,9.915151455059688,0,0,0
job_000024,Remodeling,Remodeling,77985,2026-03,Remodeling,205,1629,917,772.0,Within 1 month,medium,medium,routine,False,False,False,False,False,False,False,False,False,False,False,False,False,False,False,True,False,False,True,False,3,1424,6.946341429530042,0,0,0
job_000025,General Contractor,General Contractor,94392,2026-01,General Contractor,900,9922,5411,5778.0,Within 1-2 weeks,medium,medium,routine,False,False,False,False,False,False,True,False,False,False,False,False,False,False,False,False,False,False,False,True,1,9022,10.024444433306172,0,0,1
job_000026,Pool,Pool,83766,2026-02,Pool,201,1691,946,,Within 1 month,medium,medium,routine,False,False,False,False,False,False,False,False,False,False,False,False,False,False,True,False,False,False,True,False,2,1490,7.41293528650281,0,0,0
job_000027,Chimney,Chimney,42419,2026-02,Chimney,151,2414,1282,1450.0,Within 1 month,medium,medium,routine,False,True,False,False,False,False,False,False,False,False,False,False,False,False,False,False,False,False,True,False,2,2263,14.986754867637385,0,0,0
job_000028,Electrical,Lighting,25650,2026-02,Install new outlets in kitchen,136,1995,1065,,As soon as possible,medium,medium,routine,False,False,False,True,False,False,False,False,False,False,False,False,False,False,False,False,False,False,False,False,2,1859,13.669117546550607,1,0,0
job_000029,Auto,Auto,69428,2026-04,Auto,246,1863,1054,857.0,I'm flexible,medium,medium,routine,True,False,False,False,False,False,False,False,False,False,False,False,False,False,False,False,False,True,False,False,4,1617,6.573170704987111,0,0,0
job_000030,Electrical,Wiring,65514,2026-04,Repair faulty electrical panel,181,2167,1174,,I'm flexible,medium,medium,routine,False,False,False,True,False,False,False,False,False,False,False,False,False,False,False,False,False,True,False,False,4,1986,10.972375629986875,1,0,0
job_000031,Electrical,Panel Upgrade,89713,2026-04,Install ceiling fan,165,1968,1066,,As soon as possible,medium,medium,routine,False,False,False,True,False,False,False,False,False,False,False,False,False,False,False,False,False,False,False,False,4,1803,10.927272661046832,1,0,0
job_000032,Appliance Repair,Appliance Repair,45296,2026-03,Appliance Repair,227,2067,1147,1183.0,Within 1-2 weeks,medium,medium,routine,False,False,False,False,False,False,False,False,False,False,False,False,False,False,False,False,False,False,False,True,3,1840,8.105726836538649,0,0,0
job_000033,Chimney,Chimney,68264,2026-02,Chimney,167,1530,848,727.0,Within 1-2 weeks,medium,medium,routine,False,True,False,False,False,False,False,False,False,False,False,False,False,False,False,False,False,False,False,True,2,1363,8.161676597834273,0,0,0
job_000034,Pool,Pool,97342,2026-02,Pool,187,2416,1301,,Within 1 month,medium,medium,routine,False,False,False,False,False,False,False,False,False,False,False,False,False,False,True,False,False,False,True,False,2,2229,11.919786032514514,0,0,0
job_000035,Appliance Repair,Appliance Repair,80674,2026-04,Appliance Repair,182,1563,872,,As soon as possible,medium,medium,routine,False,False,False,False,False,False,False,False,False,False,False,False,False,False,False,False,False,False,False,False,4,1381,7.587912046220263,0,0,0
job_000036,HVAC,Furnace Maintenance,44146,2026-03,Install new thermostat,173,2704,1438,1381.0,I'm flexible,medium,medium,routine,False,False,False,False,False,False,False,True,False,False,False,False,False,False,False,False,False,True,False,False,3,2531,14.630057718901401,1,0,0
job_000037,Electrical,Wiring,23172,2026-03,Repair faulty electrical panel,184,1669,926,761.0,Within 1 month,medium,medium,routine,False,False,False,True,False,False,False,False,False,False,False,False,False,False,False,False,False,False,True,False,3,1485,8.070652130050803,1,0,0
job_000038,Electrical,Panel Upgrade,49983,2026-04,Repair faulty electrical panel,117,1598,857,813.0,As soon as possible,medium,medium,routine,False,False,False,True,False,False,False,False,False,False,False,False,False,False,False,False,False,False,False,False,4,1481,12.658119549930602,1,0,0
job_000039,Flooring,Flooring,18781,2026-03,Flooring,184,1637,910,762.0,Within 1 month,medium,medium,routine,False,False,False,False,False,True,False,False,False,False,False,False,False,False,False,False,False,False,True,False,3,1453,7.896739087517722,0,0,0
job_000040,Exterior,Exterior,46991,2026-02,Exterior,440,3136,1788,,I'm flexible,medium,medium,routine,False,False,False,False,True,False,False,False,False,False,False,False,False,False,False,False,False,True,False,False,2,2696,6.127272713347107,1,0,0
job_000041,Auto,Auto,97219,2026-01,Auto,171,1529,850,842.0,Within 1-2 weeks,medium,medium,routine,True,False,False,False,False,False,False,False,False,False,False,False,False,False,False,False,False,False,False,True,1,1358,7.941520421394618,0,0,0
job_000042,General Contractor,General Contractor,22677,2026-01,General Contractor,750,10249,5499,,I'm flexible,medium,medium,routine,False,False,False,False,False,False,True,False,False,False,False,False,False,False,False,False,False,True,False,False,1,9499,12.665333316446223,0,0,1
job_000043,Painting,Interior,72986,2026-02,Trim painting,349,2520,1434,,Within 1 month,medium,medium,routine,False,False,False,False,False,False,False,False,False,False,False,True,False,False,False,False,False,False,True,False,2,2171,6.220630354668681,0,0,0
job_000044,Remodeling,Remodeling,66913,2026-03,Remodeling,220,1564,892,934.0,I'm flexible,medium,medium,routine,False,False,False,False,False,False,False,False,False,False,False,False,False,False,False,True,False,True,False,False,3,1344,6.109090881322314,0,0,0
job_000045,Handyman,Handyman,82986,2026-02,Handyman,76,606,341,,As soon as possible,medium,medium,routine,False,False,False,False,False,False,False,False,True,False,False,False,False,False,False,False,False,False,False,False,2,530,6.973684118767315,1,0,0
job_000046,Flooring,Flooring,77754,2026-01,Flooring,200,1775,987,,I'm flexible,medium,medium,routine,False,False,False,False,False,True,False,False,False,False,False,False,False,False,False,False,False,True,False,False,1,1575,7.874999960625001,0,0,0
job_000047,Moving,Moving,63390,2026-04,Moving,204,1899,1051,978.0,I'm flexible,medium,medium,routine,False,False,False,False,False,False,False,False,False,False,True,False,False,False,False,False,False,True,False,False,4,1695,8.308823488682238,0,0,0
job_000048,Pest Control,General,94392,2026-04,Termite inspection and treatment,298,1534,916,946.0,Within 1-2 weeks,medium,medium,routine,False,False,False,False,False,False,False,False,False,False,False,False,True,False,False,False,False,False,False,True,4,1236,4.1476509927931176,0,0,0
job_000049,Roofing,Roofing,20771,2026-03,Roofing,238,1589,913,776.0,As soon as possible,medium,medium,routine,False,False,False,False,False,False,False,False,False,False,False,False,False,False,False,False,True,False,False,False,3,1351,5.676470564384577,0,0,0
job_000050,Flooring,Flooring,75507,2026-03,Flooring,151,2457,1304,1291.0,Within 1 month,medium,medium,routine,False,False,False,False,False,True,False,False,False,False,False,False,False,False,False,False,False,False,True,False,3,2306,15.271523077672033,0,0,0
job_000051,Chimney,Chimney,23070,2026-03,Chimney,243,1729,986,851.0,I'm flexible,medium,medium,routine,False,True,False,False,False,False,False,False,False,False,False,False,False,False,False,False,False,True,False,False,3,1486,6.11522631228302,0,0,0
job_000052,Auto,Auto,23916,2026-01,Auto,186,1659,922,814.0,As soon as possible,medium,medium,routine,True,False,False,False,False,False,False,False,False,False,False,False,False,False,False,False,False,False,False,False,1,1473,7.9193547961325015,0,0,0
job_000053,Landscaping,Landscaping,98087,2026-04,Landscaping,233,1235,734,,Within 1 month,medium,medium,routine,False,False,False,False,False,False,False,False,False,True,False,False,False,False,False,False,False,False,True,False,4,1002,4.300429166092579,1,0,0
job_000054,Handyman,Handyman,34193,2026-03,Handyman,69,443,256,205.0,I'm flexible,medium,medium,routine,False,False,False,False,False,False,False,False,True,False,False,False,False,False,False,False,False,True,False,False,3,374,5.4202897765175395,1,0,0
job_000055,HVAC,Furnace Maintenance,66302,2026-03,AC unit repair and maintenance,158,2413,1285,1095.0,I'm flexible,medium,medium,routine,False,False,False,False,False,False,False,True,False,False,False,False,False,False,False,False,False,True,False,False,3,2255,14.272151808404102,1,0,0
job_000056,Remodeling,Remodeling,95369,2026-01,Remodeling,172,1902,1037,1096.0,Within 1-2 weeks,medium,medium,routine,False,False,False,False,False,False,False,False,False,False,False,False,False,False,False,True,False,False,False,True,1,1730,10.058139476406167,0,0,0
job_000057,Roofing,Roofing,96600,2026-04,Roofing,208,1687,947,,Within 1 month,medium,medium,routine,False,False,False,False,False,False,False,False,False,False,False,False,False,False,False,False,True,False,True,False,4,1479,7.110576888891457,0,0,0
job_000058,Landscaping,Landscaping,47653,2026-01,Landscaping,174,1390,782,690.0,As soon as possible,medium,medium,routine,False,False,False,False,False,False,False,False,False,True,False,False,False,False,False,False,False,False,False,False,1,1216,6.988505706962611,1,0,0
job_000059,Electrical,Wiring,91508,2026-02,Install new outlets in kitchen,152,1787,969,822.0,Within 1-2 weeks,medium,medium,routine,False,False,False,True,False,False,False,False,False,False,False,False,False,False,False,False,False,False,False,True,2,1635,10.756578876601456,1,0,0
job_000060,Moving,Moving,13652,2026-04,Moving,233,2496,1364,,Within 1 month,medium,medium,routine,False,False,False,False,False,False,False,False,False,False,True,False,False,False,False,False,False,False,True,False,4,2263,9.712446310247012,0,0,0
job_000061,Auto,Auto,54720,2026-03,Auto,228,2289,1258,,As soon as possible,medium,medium,routine,True,False,False,False,False,False,False,False,False,False,False,False,False,False,False,False,False,False,False,False,3,2061,9.039473644563712,0,0,0
job_000062,Exterior,Exterior,83695,2026-03,Exterior,499,3512,2005,2081.0,Within 1 month,medium,medium,routine,False,False,False,False,True,False,False,False,False,False,False,False,False,False,False,False,False,False,True,False,3,3013,6.038076140204256,1,0,0
job_000063,General Contractor,General Contractor,18526,2026-01,General Contractor,1009,12172,6590,7180.0,Within 1-2 weeks,medium,medium,routine,False,False,False,False,False,False,True,False,False,False,False,False,False,False,False,False,False,False,False,True,1,11163,11.063429126795413,0,0,1
job_000064,Pest Control,Termites,59295,2026-01,Termite inspection and treatment,348,1793,1070,,I'm flexible,medium,medium,routine,False,False,False,False,False,False,False,False,False,False,False,False,True,False,False,False,False,True,False,False,1,1445,4.152298838642819,0,0,0
job_000065,Moving,Moving,68170,2026-02,Moving,227,1760,993,1037.0,Within 1-2 weeks,medium,medium,routine,False,False,False,False,False,False,False,False,False,False,True,False,False,False,False,False,False,False,False,True,2,1533,6.753303935007472,0,0,0
job_000066,Electrical,Panel Upgrade,33227,2026-03,Install ceiling fan,170,2401,1285,,As soon as possible,medium,medium,routine,False,False,False,True,False,False,False,False,False,False,False,False,False,False,False,False,False,False,False,False,3,2231,13.123529334567476,1,0,0
job_000067,Painting,Cabinet,35123,2026-03,Exterior house painting,274,1876,1075,,Within 1-2 weeks,medium,medium,routine,False,False,False,False,False,False,False,False,False,False,False,True,False,False,False,False,False,False,False,True,3,1602,5.846715307128776,0,0,0
job_000068,HVAC,Thermostat,10232,2026-03,AC unit repair and maintenance,187,3603,1895,1783.0,As soon as possible,medium,medium,routine,False,False,False,False,False,False,False,True,False,False,False,False,False,False,False,False,False,False,False,False,3,3416,18.267379581457863,1,0,0
job_000069,Plumbing,Leak Repair,93671,2026-01,Replace kitchen sink shutoff valve (you supply valve),105,1260,682,668.0,Within 1-2 weeks,medium,medium,routine,False,False,False,False,False,False,False,False,False,False,False,False,False,True,False,False,False,False,False,True,1,1155,10.999999895238096,1,0,0
job_000070,Painting,Exterior,30153,2026-01,Paint interior bedroom walls,364,1958,1161,1182.0,Within 1-2 weeks,medium,medium,routine,False,False,False,False,False,False,False,False,False,False,False,True,False,False,False,False,False,False,False,True,1,1594,4.379120867090327,0,0,0
job_000071,Painting,Interior,46973,2026-02,Paint interior bedroom walls,372,2499,1435,1560.0,Within 1 month,medium,medium,routine,False,False,False,False,False,False,False,False,False,False,False,True,False,False,False,False,False,False,True,False,2,2127,5.717741920113597,0,0,0
job_000072,Landscaping,Landscaping,17490,2026-01,Landscaping,168,1274,721,688.0,Within 1 month,medium,medium,routine,False,False,False,False,False,False,False,False,False,True,False,False,False,False,False,False,False,False,True,False,1,1106,6.583333294146826,1,0,0
job_000073,Painting,Cabinet,93404,2026-02,Exterior house painting,267,2747,1507,1631.0,I'm flexible,medium,medium,routine,False,False,False,False,False,False,False,False,False,False,False,True,False,False,False,False,False,True,False,False,2,2480,9.288389478320639,0,0,0
job_000074,Exterior,Exterior,81908,2026-04,Exterior,556,2936,1746,2057.0,I'm flexible,medium,medium,routine,False,False,False,False,True,False,False,False,False,False,False,False,False,False,False,False,False,True,False,False,4,2380,4.280575531869468,1,0,0
job_000075,General Contractor,General Contractor,61524,2026-01,General Contractor,1027,8301,4664,5454.0,As soon as possible,medium,medium,routine,False,False,False,False,False,False,True,False,False,False,False,False,False,False,False,False,False,False,False,False,1,7274,7.082765329033334,0,0,1
job_000076,HVAC,Thermostat,61929,2026-03,Install new thermostat,230,2367,1298,1356.0,Within 1 month,medium,medium,routine,False,False,False,False,False,False,False,True,False,False,False,False,False,False,False,False,False,False,True,False,3,2137,9.291304307429112,1,0,0
job_000077,Chimney,Chimney,61378,2026-04,Chimney,246,1646,946,836.0,Within 1 month,medium,medium,routine,False,True,False,False,False,False,False,False,False,False,False,False,False,False,False,False,False,False,True,False,4,1400,5.691056887434728,0,0,0
job_000078,Landscaping,Landscaping,37309,2026-04,Landscaping,209,1420,814,938.0,Within 1 month,medium,medium,routine,False,False,False,False,False,False,False,False,False,True,False,False,False,False,False,False,False,False,True,False,4,1211,5.794258345482017,1,0,0
job_000079,Pest Control,General,75994,2026-02,Rodent control and sealing,327,1880,1103,1232.0,Within 1-2 weeks,medium,medium,routine,False,False,False,False,False,False,False,False,False,False,False,False,True,False,False,False,False,False,False,True,2,1553,4.749235459482461,0,0,0
job_000080,Exterior,Exterior,30468,2026-01,Exterior,559,3413,1986,,As soon as possible,medium,medium,routine,False,False,False,False,True,False,False,False,False,False,False,False,False,False,False,False,False,False,False,False,1,2854,5.105545608040169,1,0,0
job_000081,Appliance Repair,Appliance Repair,24059,2026-02,Appliance Repair,246,2262,1254,,Within 1 month,medium,medium,routine,False,False,False,False,False,False,False,False,False,False,False,False,False,False,False,False,False,False,True,False,2,2016,8.19512191790601,0,0,0
job_000082,Exterior,Exterior,98834,2026-03,Exterior,427,3526,1976,2039.0,Within 1-2 weeks,medium,medium,routine,False,False,False,False,True,False,False,False,False,False,False,False,False,False,False,False,False,False,False,True,3,3099,7.257611224221051,1,0,0
job_000083,Cleaning,Carpet Cleaning,95663,2026-01,"Exterior window wash, 2-story, 20 windows",95,1246,670,725.0,I'm flexible,medium,medium,routine,False,False,True,False,False,False,False,False,False,False,False,False,False,False,False,False,False,True,False,False,1,1151,12.115789346149587,1,0,0
job_000084,Moving,Moving,76152,2026-01,Moving,180,1791,985,806.0,Within 1-2 weeks,medium,medium,routine,False,False,False,False,False,False,False,False,False,False,True,False,False,False,False,False,False,False,False,True,1,1611,8.949999950277778,0,0,0
job_000085,Flooring,Flooring,83766,2026-02,Flooring,158,2370,1264,1116.0,As soon as possible,medium,medium,routine,False,False,False,False,False,True,False,False,False,False,False,False,False,False,False,False,False,False,False,False,2,2212,13.999999911392406,0,0,0
job_000086,Cleaning,General Cleaning,21110,2026-01,Window washing service,93,1029,561,496.0,As soon as possible,medium,medium,routine,False,False,True,False,False,False,False,False,False,False,False,False,False,False,False,False,False,False,False,False,1,936,10.064516020811656,1,0,0
job_000087,Electrical,Panel Upgrade,93761,2026-04,Repair faulty electrical panel,165,1520,842,867.0,Within 1 month,medium,medium,routine,False,False,False,True,False,False,False,False,False,False,False,False,False,False,False,False,False,False,True,False,4,1355,8.212121162350781,1,0,0
job_000088,Exterior,Exterior,90866,2026-04,Exterior,443,3726,2084,,Within 1-2 weeks,medium,medium,routine,False,False,False,False,True,False,False,False,False,False,False,False,False,False,False,False,False,False,False,True,4,3283,7.410835197718205,1,0,0
job_000089,Pest Control,Rodents,57916,2026-04,Termite inspection and treatment,244,1866,1055,1080.0,As soon as possible,medium,medium,routine,False,False,False,False,False,False,False,False,False,False,False,False,True,False,False,False,False,False,False,False,4,1622,6.647540956362537,0,0,0
job_000090,Landscaping,Landscaping,51814,2026-03,Landscaping,247,1611,929,965.0,As soon as possible,medium,medium,routine,False,False,False,False,False,False,False,False,False,True,False,False,False,False,False,False,False,False,False,False,3,1364,5.522267184120376,1,0,0
job_000091,Exterior,Exterior,59888,2026-01,Exterior,438,3713,2075,,Within 1-2 weeks,medium,medium,routine,False,False,False,False,True,False,False,False,False,False,False,False,False,False,False,False,False,False,False,True,1,3275,7.477168932700527,1,0,0
job_000092,Landscaping,Landscaping,19289,2026-03,Landscaping,162,1652,907,828.0,As soon as possible,medium,medium,routine,False,False,False,False,False,False,False,False,False,True,False,False,False,False,False,False,False,False,False,False,3,1490,9.19753080742265,1,0,0
job_000093,Remodeling,Remodeling,74835,2026-02,Remodeling,206,2423,1314,,I'm flexible,medium,medium,routine,False,False,False,False,False,False,False,False,False,False,False,False,False,False,False,True,False,True,False,False,2,2217,10.76213587008672,0,0,0
job_000094,Handyman,Handyman,46991,2026-03,Handyman,91,410,250,254.0,Within 1 month,medium,medium,routine,False,False,False,False,False,False,False,False,True,False,False,False,False,False,False,False,False,False,True,False,3,319,3.5054944669725883,1,0,0
job_000095,Moving,Moving,28033,2026-02,Moving,226,1944,1085,884.0,Within 1 month,medium,medium,routine,False,False,False,False,False,False,False,False,False,False,True,False,False,False,False,False,False,False,True,False,2,1718,7.601769877868275,0,0,0
job_000096,Landscaping,Landscaping,36654,2026-02,Landscaping,249,1645,947,1037.0,I'm flexible,medium,medium,routine,False,False,False,False,False,False,False,False,False,True,False,False,False,False,False,False,False,True,False,False,2,1396,5.606425680295479,1,0,0
job_000097,Handyman,Handyman,36460,2026-01,Handyman,69,616,342,,Within 1 month,medium,medium,routine,False,False,False,False,False,False,False,False,True,False,False,False,False,False,False,False,False,False,True,False,1,547,7.92753611699223,1,0,0
job_000098,Electrical,Wiring,25769,2026-03,Repair faulty electrical panel,146,1807,976,,Within 1-2 weeks,medium,medium,routine,False,False,False,True,False,False,False,False,False,False,False,False,False,False,False,False,False,False,False,True,3,1661,11.376712250844436,1,0,0
job_000099,Auto,Auto,93404,2026-01,Auto,193,1816,1004,,Within 1 month,medium,medium,routine,True,False,False,False,False,False,False,False,False,False,False,False,False,False,False,False,False,False,True,False,1,1623,8.409326381298827,0,0,0
job_000100,Exterior,Exterior,91140,2026-03,Exterior,461,3137,1799,1746.0,As soon as possible,medium,medium,routine,False,False,False,False,True,False,False,False,False,False,False,False,False,False,False,False,False,False,False,False,3,2676,5.804772221681622,1,0,0
job_000101,Pest Control,Bed Bugs,55927,2026-04,"Bed bug heat treatment, 2BR apartment",260,1709,984,1129.0,Within 1 month,medium,medium,routine,False,False,False,False,False,False,False,False,False,False,False,False,True,False,False,False,False,False,True,False,4,1449,5.573076901642012,0,0,0
job_000102,Exterior,Exterior,92300,2026-01,Exterior,605,3704,2154,,Within 1-2 weeks,medium,medium,routine,False,False,False,False,True,False,False,False,False,False,False,False,False,False,False,False,False,False,False,True,1,3099,5.122314041120142,1,0,0
job_000103,Auto,Auto,45609,2026-01,Auto,207,1751,979,1089.0,As soon as possible,medium,medium,routine,True,False,False,False,False,False,False,False,False,False,False,False,False,False,False,False,False,False,False,False,1,1544,7.45893716203412,0,0,0
job_000104,Flooring,Flooring,97587,2026-04,Flooring,156,1911,1033,848.0,I'm flexible,medium,medium,routine,False,False,False,False,False,True,False,False,False,False,False,False,False,False,False,False,False,True,False,False,4,1755,11.249999927884616,0,0,0
job_000105,Landscaping,Landscaping,86080,2026-01,Landscaping,150,1760,955,930.0,Within 1-2 weeks,medium,medium,routine,False,False,False,False,False,False,False,False,False,True,False,False,False,False,False,False,False,False,False,True,1,1610,10.733333261777778,1,0,0
job_000106,Roofing,Roofing,82288,2026-04,Roofing,176,1885,1030,1157.0,Within 1 month,medium,medium,routine,False,False,False,False,False,False,False,False,False,False,False,False,False,False,False,False,True,False,True,False,4,1709,9.710227217555527,0,0,0
job_000107,Plumbing,Drain Cleaning,99642,2026-02,Replace kitchen sink shutoff valve (you supply valve),80,1282,681,598.0,Within 1 month,medium,medium,routine,False,False,False,False,False,False,False,False,False,False,False,False,False,True,False,False,False,False,True,False,2,1202,15.024999812187502,1,0,0
job_000108,Exterior,Exterior,85447,2026-04,Exterior,520,2332,1426,1178.0,As soon as possible,medium,medium,routine,False,False,False,False,True,False,False,False,False,False,False,False,False,False,False,False,False,False,False,False,4,1812,3.484615377914201,1,0,0
job_000109,General Contractor,General Contractor,35713,2026-04,General Contractor,930,8184,4557,5227.0,As soon as possible,medium,medium,routine,False,False,False,False,False,False,True,False,False,False,False,False,False,False,False,False,False,False,False,False,4,7254,7.7999999916129035,0,0,1
job_000110,Moving,Moving,76868,2026-01,Moving,249,1956,1102,1131.0,Within 1-2 weeks,medium,medium,routine,False,False,False,False,False,False,False,False,False,False,True,False,False,False,False,False,False,False,False,True,1,1707,6.855421659215174,0,0,0
job_000111,Cleaning,General Cleaning,62991,2026-03,Window washing service,79,789,434,481.0,As soon as possible,medium,medium,routine,False,False,True,False,False,False,False,False,False,False,False,False,False,False,False,False,False,False,False,False,3,710,8.98734165838808,1,0,0
job_000112,Landscaping,Landscaping,56273,2026-02,Landscaping,243,1393,818,918.0,I'm flexible,medium,medium,routine,False,False,False,False,False,False,False,False,False,True,False,False,False,False,False,False,False,True,False,False,2,1150,4.7325102685904925,1,0,0
job_000113,Landscaping,Landscaping,80782,2026-04,Landscaping,159,1667,913,,As soon as possible,medium,medium,routine,False,False,False,False,False,False,False,False,False,True,False,False,False,False,False,False,False,False,False,False,4,1508,9.48427666991021,1,0,0
job_000114,Landscaping,Landscaping,60484,2026-01,Landscaping,238,1496,867,927.0,As soon as possible,medium,medium,routine,False,False,False,False,False,False,False,False,False,True,False,False,False,False,False,False,False,False,False,False,1,1258,5.285714263505402,1,0,0
job_000115,Handyman,Handyman,90504,2026-03,Handyman,75,511,293,277.0,I'm flexible,medium,medium,routine,False,False,False,False,False,False,False,False,True,False,False,False,False,False,False,False,False,True,False,False,3,436,5.813333255822223,1,0,0
job_000116,Flooring,Flooring,35414,2026-01,Flooring,215,1919,1067,1156.0,As soon as possible,medium,medium,routine,False,False,False,False,False,True,False,False,False,False,False,False,False,False,False,False,False,False,False,False,1,1704,7.925581358485668,0,0,0
job_000117,Remodeling,Remodeling,81279,2026-03,Remodeling,180,2167,1173,1187.0,As soon as possible,medium,medium,routine,False,False,False,False,False,False,False,False,False,False,False,False,False,False,False,True,False,False,False,False,3,1987,11.03888882756173,0,0,0
job_000118,Auto,Auto,68170,2026-03,Auto,200,2087,1143,960.0,Within 1-2 weeks,medium,medium,routine,True,False,False,False,False,False,False,False,False,False,False,False,False,False,False,False,False,False,False,True,3,1887,9.434999952825,0,0,0
job_000119,Pest Control,Rodents,40495,2026-03,Rodent control and sealing,242,2123,1182,1247.0,I'm flexible,medium,medium,routine,False,False,False,False,False,False,False,False,False,False,False,False,True,False,False,False,False,True,False,False,3,1881,7.772727240608565,0,0,0
job_000120,Exterior,Exterior,52452,2026-04,Exterior,578,2458,1518,1816.0,Within 1-2 weeks,medium,medium,routine,False,False,False,False,True,False,False,False,False,False,False,False,False,False,False,False,False,False,False,True,4,1880,3.252595150082015,1,0,0
job_000121,Painting,Interior,62365,2026-04,Exterior house painting,288,2008,1148,1148.0,Within 1-2 weeks,medium,medium,routine,False,False,False,False,False,False,False,False,False,False,False,True,False,False,False,False,False,False,False,True,4,1720,5.97222220148534,0,0,0
job_000122,Flooring,Flooring,69377,2026-01,Flooring,244,2458,1351,1466.0,As soon as possible,medium,medium,routine,False,False,False,False,False,True,False,False,False,False,False,False,False,False,False,False,False,False,False,False,1,2214,9.073770454615694,0,0,0
job_000123,Handyman,Handyman,52487,2026-04,Handyman,84,444,264,264.0,Within 1 month,medium,medium,routine,False,False,False,False,False,False,False,False,True,False,False,False,False,False,False,False,False,False,True,False,4,360,4.285714234693878,1,0,0
job_000124,Roofing,Roofing,49228,2026-01,Roofing,214,1679,946,856.0,Within 1-2 weeks,medium,medium,routine,False,False,False,False,False,False,False,False,False,False,False,False,False,False,False,False,True,False,False,True,1,1465,6.845794360533671,0,0,0
job_000125,Flooring,Flooring,72577,2026-01,Flooring,223,1551,887,740.0,Within 1-2 weeks,medium,medium,routine,False,False,False,False,False,True,False,False,False,False,False,False,False,False,False,False,False,False,False,True,1,1328,5.955156923967906,0,0,0
job_000126,Exterior,Exterior,19210,2026-04,Exterior,494,3331,1912,1610.0,I'm flexible,medium,medium,routine,False,False,False,False,True,False,False,False,False,False,False,False,False,False,False,False,False,True,False,False,4,2837,5.7429149681317515,1,0,0
job_000127,Handyman,Handyman,88083,2026-02,Handyman,66,591,328,275.0,As soon as possible,medium,medium,routine,False,False,False,False,False,False,False,False,True,False,False,False,False,False,False,False,False,False,False,False,2,525,7.954545334022041,1,0,0
job_000128,Appliance Repair,Appliance Repair,98968,2026-03,Appliance Repair,244,1967,1105,,As soon as possible,medium,medium,routine,False,False,False,False,False,False,False,False,False,False,False,False,False,False,False,False,False,False,False,False,3,1723,7.061475380895593,0,0,0
job_000129,Appliance Repair,Appliance Repair,32435,2026-02,Appliance Repair,171,1663,917,,As soon as possible,medium,medium,routine,False,False,False,False,False,False,False,False,False,False,False,False,False,False,False,False,False,False,False,False,2,1492,8.725146147806162,0,0,0
job_000130,Remodeling,Remodeling,72752,2026-03,Remodeling,218,1833,1025,927.0,I'm flexible,medium,medium,routine,False,False,False,False,False,False,False,False,False,False,False,False,False,False,False,True,False,True,False,False,3,1615,7.408256846751115,0,0,0
job_000131,Electrical,Outlet Installation,17158,2026-03,Install ceiling fan,174,2327,1250,1450.0,Within 1 month,medium,medium,routine,False,False,False,True,False,False,False,False,False,False,False,False,False,False,False,False,False,False,True,False,3,2153,12.373563147278373,1,0,0
job_000132,Plumbing,Leak Repair,34565,2026-02,Install new water heater,124,1353,738,742.0,As soon as possible,medium,medium,routine,False,False,False,False,False,False,False,False,False,False,False,False,False,True,False,False,False,False,False,False,2,1229,9.911290242650885,1,0,0
job_000133,Landscaping,Landscaping,19071,2026-01,Landscaping,208,1701,954,795.0,Within 1 month,medium,medium,routine,False,False,False,False,False,False,False,False,False,True,False,False,False,False,False,False,False,False,True,False,1,1493,7.177884580875555,1,0,0
job_000134,Painting,Exterior,10660,2026-04,Exterior house painting,287,2253,1270,1357.0,Within 1-2 weeks,medium,medium,routine,False,False,False,False,False,False,False,False,False,False,False,True,False,False,False,False,False,False,False,True,4,1966,6.850174192159672,0,0,0
job_000135,HVAC,Thermostat,64807,2026-02,Install new thermostat,216,2354,1285,1148.0,I'm flexible,medium,medium,routine,False,False,False,False,False,False,False,True,False,False,False,False,False,False,False,False,False,True,False,False,2,2138,9.898148102323388,1,0,0
job_000136,General Contractor,General Contractor,33784,2026-03,General Contractor,1153,7580,4366,,I'm flexible,medium,medium,routine,False,False,False,False,False,False,True,False,False,False,False,False,False,False,False,False,False,True,False,False,3,6427,5.574154375044098,0,0,1
job_000137,Painting,Interior,28410,2026-04,Exterior house painting,350,2463,1406,1258.0,As soon as possible,medium,medium,routine,False,False,False,False,False,False,False,False,False,False,False,True,False,False,False,False,False,False,False,False,4,2113,6.037142839893877,0,0,0
job_000138,Appliance Repair,Appliance Repair,68050,2026-01,Appliance Repair,171,1880,1025,1196.0,As soon as possible,medium,medium,routine,False,False,False,False,False,False,False,False,False,False,False,False,False,False,False,False,False,False,False,False,1,1709,9.994151988338293,0,0,0
job_000139,Handyman,Handyman,20454,2026-02,Handyman,90,553,321,,As soon as possible,medium,medium,routine,False,False,False,False,False,False,False,False,True,False,False,False,False,False,False,False,False,False,False,False,2,463,5.144444387283952,1,0,0
job_000140,Painting,Interior,23654,2026-04,Trim painting,297,3124,1710,,I'm flexible,medium,medium,routine,False,False,False,False,False,False,False,False,False,False,False,True,False,False,False,False,False,True,False,False,4,2827,9.518518486469635,0,0,0
job_000141,Handyman,Handyman,25769,2026-04,Handyman,61,536,298,258.0,Within 1-2 weeks,medium,medium,routine,False,False,False,False,False,False,False,False,True,False,False,False,False,False,False,False,False,False,False,True,4,475,7.786885118247786,1,0,0
job_000142,General Contractor,General Contractor,62749,2026-03,General Contractor,1125,8983,5054,,I'm flexible,medium,medium,routine,False,False,False,False,False,False,True,False,False,False,False,False,False,False,False,False,False,True,False,False,3,7858,6.984888882680098,0,0,1
job_000143,Landscaping,Landscaping,67211,2026-01,Landscaping,177,1519,848,734.0,As soon as possible,medium,medium,routine,False,False,False,False,False,False,False,False,False,True,False,False,False,False,False,False,False,False,False,False,1,1342,7.581920861119091,1,0,0
job_000144,Painting,Cabinet,14948,2026-04,Trim painting,274,2003,1138,1221.0,As soon as possible,medium,medium,routine,False,False,False,False,False,False,False,False,False,False,False,True,False,False,False,False,False,False,False,False,4,1729,6.310218955072194,0,0,0
job_000145,Roofing,Roofing,43458,2026-02,Roofing,235,2140,1187,1029.0,As soon as possible,medium,medium,routine,False,False,False,False,False,False,False,False,False,False,False,False,False,False,False,False,True,False,False,False,2,1905,8.106382944228157,0,0,0
job_000146,Pest Control,Termites,40370,2026-01,Rodent control and sealing,370,2118,1244,1350.0,As soon as possible,medium,medium,routine,False,False,False,False,False,False,False,False,False,False,False,False,True,False,False,False,False,False,False,False,1,1748,4.72432431155588,0,0,0
job_000147,Cleaning,Carpet Cleaning,84320,2026-02,Carpet cleaning entire house,117,925,521,,I'm flexible,medium,medium,routine,False,False,True,False,False,False,False,False,False,False,False,False,False,False,False,False,False,True,False,False,2,808,6.905982846957412,1,0,0
job_000148,Pool,Pool,74809,2026-01,Pool,204,1926,1065,,I'm flexible,medium,medium,routine,False,False,False,False,False,False,False,False,False,False,False,False,False,False,True,False,False,True,False,False,1,1722,8.44117642920992,0,0,0
job_000149,Roofing,Roofing,76152,2026-04,Roofing,250,1759,1004,1153.0,Within 1-2 weeks,medium,medium,routine,False,False,False,False,False,False,False,False,False,False,False,False,False,False,False,False,True,False,False,True,4,1509,6.035999975856,0,0,0
job_000150,HVAC,Ductwork,72577,2026-03,Clean ductwork,234,3560,1897,,As soon as possible,medium,medium,routine,False,False,False,False,False,False,False,True,False,False,False,False,False,False,False,False,False,False,False,False,3,3326,14.213675152933012,1,0,0
job_000151,Exterior,Exterior,81095,2026-02,Exterior,445,2992,1718,1756.0,As soon as possible,medium,medium,routine,False,False,False,False,True,False,False,False,False,False,False,False,False,False,False,False,False,False,False,False,2,2547,5.723595492755965,1,0,0
job_000152,Pool,Pool,78412,2026-01,Pool,221,2132,1176,1052.0,Within 1-2 weeks,medium,medium,routine,False,False,False,False,False,False,False,False,False,False,False,False,False,False,True,False,False,False,False,True,1,1911,8.647058784402448,0,0,0
job_000153,Appliance Repair,Appliance Repair,16941,2026-01,Appliance Repair,160,1849,1004,,As soon as possible,medium,medium,routine,False,False,False,False,False,False,False,False,False,False,False,False,False,False,False,False,False,False,False,False,1,1689,10.556249934023437,0,0,0
job_000154,Handyman,Handyman,53282,2026-04,Handyman,56,424,240,284.0,Within 1 month,medium,medium,routine,False,False,False,False,False,False,False,False,True,False,False,False,False,False,False,False,False,False,True,False,4,368,6.5714284540816355,1,0,0
job_000155,Moving,Moving,54484,2026-01,Moving,155,2369,1262,,Within 1-2 weeks,medium,medium,routine,False,False,False,False,False,False,False,False,False,False,True,False,False,False,False,False,False,False,False,True,1,2214,14.28387087558793,0,0,0
job_000156,Plumbing,Drain Cleaning,63372,2026-04,Replace kitchen sink shutoff valve (you supply valve),86,1866,976,,As soon as possible,medium,medium,routine,False,False,False,False,False,False,False,False,False,False,False,False,False,True,False,False,False,False,False,False,4,1780,20.697674177934022,1,0,0
job_000157,Handyman,Handyman,79507,2026-04,Handyman,68,572,320,269.0,Within 1 month,medium,medium,routine,False,False,False,False,False,False,False,False,True,False,False,False,False,False,False,False,False,False,True,False,4,504,7.411764596885815,1,0,0
job_000158,Pool,Pool,58344,2026-04,Pool,191,2065,1128,,As soon as possible,medium,medium,routine,False,False,False,False,False,False,False,False,False,False,False,False,False,False,True,False,False,False,False,False,4,1874,9.811518273238125,0,0,0
job_000159,Roofing,Roofing,84150,2026-03,Roofing,216,1529,872,808.0,Within 1-2 weeks,medium,medium,routine,False,False,False,False,False,False,False,False,False,False,False,False,False,False,False,False,True,False,False,True,3,1313,6.078703675561557,0,0,0
job_000160,Appliance Repair,Appliance Repair,95468,2026-03,Appliance Repair,211,1752,981,,As soon as possible,medium,medium,routine,False,False,False,False,False,False,False,False,False,False,False,False,False,False,False,False,False,False,False,False,3,1541,7.3033175009321445,0,0,0
job_000161,Remodeling,Remodeling,76849,2026-02,Remodeling,150,1922,1036,1016.0,Within 1 month,medium,medium,routine,False,False,False,False,False,False,False,False,False,False,False,False,False,False,False,True,False,False,True,False,2,1772,11.81333325457778,0,0,0
job_000162,Auto,Auto,95906,2026-03,Auto,245,2359,1302,1263.0,Within 1-2 weeks,medium,medium,routine,True,False,False,False,False,False,False,False,False,False,False,False,False,False,False,False,False,False,False,True,3,2114,8.62857139335277,0,0,0
job_000163,Flooring,Flooring,81915,2026-04,Flooring,242,2151,1196,1330.0,I'm flexible,medium,medium,routine,False,False,False,False,False,True,False,False,False,False,False,False,False,False,False,False,False,True,False,False,4,1909,7.888429719469299,0,0,0
job_000164,Pool,Pool,83688,2026-04,Pool,250,1987,1118,,As soon as possible,medium,medium,routine,False,False,False,False,False,False,False,False,False,False,False,False,False,False,True,False,False,False,False,False,4,1737,6.947999972208001,0,0,0
job_000165,Pest Control,General,90112,2026-03,Termite inspection and treatment,334,2482,1408,1647.0,As soon as possible,medium,medium,routine,False,False,False,False,False,False,False,False,False,False,False,False,True,False,False,False,False,False,False,False,3,2148,6.431137705295995,0,0,0
job_000166,Roofing,Roofing,47929,2026-01,Roofing,173,2376,1274,1324.0,I'm flexible,medium,medium,routine,False,False,False,False,False,False,False,False,False,False,False,False,False,False,False,False,True,True,False,False,1,2203,12.734103972635237,0,0,0
job_000167,Painting,Cabinet,13256,2026-02,Trim painting,280,2646,1463,1508.0,Within 1-2 weeks,medium,medium,routine,False,False,False,False,False,False,False,False,False,False,False,True,False,False,False,False,False,False,False,True,2,2366,8.449999969821429,0,0,0
job_000168,Landscaping,Landscaping,76373,2026-02,Landscaping,205,1860,1032,1099.0,I'm flexible,medium,medium,routine,False,False,False,False,False,False,False,False,False,True,False,False,False,False,False,False,False,True,False,False,2,1655,8.073170692325997,1,0,0
job_000169,HVAC,Thermostat,30129,2026-02,Install new thermostat,234,2770,1502,1247.0,Within 1 month,medium,medium,routine,False,False,False,False,False,False,False,True,False,False,False,False,False,False,False,False,False,False,True,False,2,2536,10.837606791292279,1,0,0
job_000170,Exterior,Exterior,66862,2026-03,Exterior,551,3363,1957,,Within 1 month,medium,medium,routine,False,False,False,False,True,False,False,False,False,False,False,False,False,False,False,False,False,False,True,False,3,2812,5.103448266599912,1,0,0
job_000171,General Contractor,General Contractor,95695,2026-04,General Contractor,922,8656,4789,5292.0,As soon as possible,medium,medium,routine,False,False,False,False,False,False,True,False,False,False,False,False,False,False,False,False,False,False,False,False,4,7734,8.388286324958475,0,0,1
job_000172,Plumbing,Leak Repair,23271,2026-03,Fix leaking bathroom faucet,81,1210,645,768.0,Within 1 month,medium,medium,routine,False,False,False,False,False,False,False,False,False,False,False,False,False,True,False,False,False,False,True,False,3,1129,13.938271432860846,1,0,0
job_000173,Appliance Repair,Appliance Repair,33227,2026-01,Appliance Repair,158,2062,1110,894.0,Within 1-2 weeks,medium,medium,routine,False,False,False,False,False,False,False,False,False,False,False,False,False,False,False,False,False,False,False,True,1,1904,12.050632835122578,0,0,0
job_000174,Appliance Repair,Appliance Repair,60154,2026-01,Appliance Repair,156,1686,921,1019.0,Within 1 month,medium,medium,routine,False,False,False,False,False,False,False,False,False,False,False,False,False,False,False,False,False,False,True,False,1,1530,9.807692244822485,0,0,0
job_000175,HVAC,Thermostat,22003,2026-01,Clean ductwork,172,2742,1457,1403.0,I'm flexible,medium,medium,routine,False,False,False,False,False,False,False,True,False,False,False,False,False,False,False,False,False,True,False,False,1,2570,14.941860378244998,1,0,0
job_000176,Exterior,Exterior,34193,2026-03,Exterior,490,2514,1502,,Within 1 month,medium,medium,routine,False,False,False,False,True,False,False,False,False,False,False,False,False,False,False,False,False,False,True,False,3,2024,4.130612236468139,1,0,0
job_000177,Flooring,Flooring,72707,2026-02,Flooring,175,2052,1113,,Within 1 month,medium,medium,routine,False,False,False,False,False,True,False,False,False,False,False,False,False,False,False,False,False,False,True,False,2,1877,10.72571422442449,0,0,0
job_000178,Handyman,Handyman,97783,2026-01,Handyman,73,610,341,362.0,I'm flexible,medium,medium,routine,False,False,False,False,False,False,False,False,True,False,False,False,False,False,False,False,False,True,False,False,1,537,7.35616428279227,1,0,0
job_000179,Exterior,Exterior,10704,2026-04,Exterior,377,3416,1896,2062.0,As soon as possible,medium,medium,routine,False,False,False,False,True,False,False,False,False,False,False,False,False,False,False,False,False,False,False,False,4,3039,8.061007936177697,1,0,0
job_000180,Chimney,Chimney,88325,2026-01,Chimney,212,2411,1311,1103.0,As soon as possible,medium,medium,routine,False,True,False,False,False,False,False,False,False,False,False,False,False,False,False,False,False,False,False,False,1,2199,10.372641460506408,0,0,0
job_000181,Cleaning,General Cleaning,77999,2026-02,"Exterior window wash, 2-story, 20 windows",76,1046,561,664.0,I'm flexible,medium,medium,routine,False,False,True,False,False,False,False,False,False,False,False,False,False,False,False,False,False,True,False,False,2,970,12.763157726800557,1,0,0
job_000182,Roofing,Roofing,12815,2026-01,Roofing,170,2458,1314,,Within 1-2 weeks,medium,medium,routine,False,False,False,False,False,False,False,False,False,False,False,False,False,False,False,False,True,False,False,True,1,2288,13.458823450242216,0,0,0
job_000183,Chimney,Chimney,93671,2026-04,Chimney,246,1584,915,,As soon as possible,medium,medium,routine,False,True,False,False,False,False,False,False,False,False,False,False,False,False,False,False,False,False,False,False,4,1338,5.4390243681340475,0,0,0
job_000184,Exterior,Exterior,44146,2026-02,Exterior,379,2525,1452,,Within 1-2 weeks,medium,medium,routine,False,False,False,False,True,False,False,False,False,False,False,False,False,False,False,False,False,False,False,True,2,2146,5.662269114347575,1,0,0
job_000185,Remodeling,Remodeling,91091,2026-02,Remodeling,205,1937,1071,,Within 1 month,medium,medium,routine,False,False,False,False,False,False,False,False,False,False,False,False,False,False,False,True,False,False,True,False,2,1732,8.448780446591314,0,0,0
job_000186,Exterior,Exterior,45873,2026-01,Exterior,567,2461,1514,1443.0,As soon as possible,medium,medium,routine,False,False,False,False,True,False,False,False,False,False,False,False,False,False,False,False,False,False,False,False,1,1894,3.340388001163337,1,0,0
job_000187,Auto,Auto,86926,2026-01,Auto,203,1931,1067,,Within 1 month,medium,medium,routine,True,False,False,False,False,False,False,False,False,False,False,False,False,False,False,False,False,False,True,False,1,1728,8.512315229003374,0,0,0
job_000188,Remodeling,Remodeling,15492,2026-03,Remodeling,192,2420,1306,1328.0,As soon as possible,medium,medium,routine,False,False,False,False,False,False,False,False,False,False,False,False,False,False,False,True,False,False,False,False,3,2228,11.604166606228299,0,0,0
job_000189,Landscaping,Landscaping,28410,2026-03,Landscaping,179,1664,921,750.0,As soon as possible,medium,medium,routine,False,False,False,False,False,False,False,False,False,True,False,False,False,False,False,False,False,False,False,False,3,1485,8.296089339127994,1,0,0
job_000190,Painting,Cabinet,25760,2026-01,Trim painting,288,2267,1277,1424.0,Within 1 month,medium,medium,routine,False,False,False,False,False,False,False,False,False,False,False,True,False,False,False,False,False,False,True,False,1,1979,6.871527753918307,0,0,0
job_000191,Moving,Moving,88785,2026-04,Moving,168,2018,1093,1195.0,As soon as possible,medium,medium,routine,False,False,False,False,False,False,False,False,False,False,True,False,False,False,False,False,False,False,False,False,4,1850,11.01190469635771,0,0,0
job_000192,Plumbing,Fixture Installation,78632,2026-02,Fix leaking bathroom faucet,118,1231,674,569.0,As soon as possible,medium,medium,routine,False,False,False,False,False,False,False,False,False,False,False,False,False,True,False,False,False,False,False,False,2,1113,9.432203309896583,1,0,0
job_000193,Flooring,Flooring,47240,2026-02,Flooring,190,1866,1028,889.0,As soon as possible,medium,medium,routine,False,False,False,False,False,True,False,False,False,False,False,False,False,False,False,False,False,False,False,False,2,1676,8.821052585152355,0,0,0
job_000194,Moving,Moving,23654,2026-03,Moving,167,1658,912,926.0,Within 1-2 weeks,medium,medium,routine,False,False,False,False,False,False,False,False,False,False,True,False,False,False,False,False,False,False,False,True,3,1491,8.928143659112912,0,0,0
job_000195,Electrical,Panel Upgrade,70188,2026-03,Install ceiling fan,123,1634,878,731.0,As soon as possible,medium,medium,routine,False,False,False,True,False,False,False,False,False,False,False,False,False,False,False,False,False,False,False,False,3,1511,12.284552745654043,1,0,0
job_000196,General Contractor,General Contractor,54681,2026-02,General Contractor,1192,7707,4449,3663.0,As soon as possible,medium,medium,routine,False,False,False,False,False,False,True,False,False,False,False,False,False,False,False,False,False,False,False,False,2,6515,5.465604022260399,0,0,1
job_000197,HVAC,Thermostat,39798,2026-01,AC unit repair and maintenance,171,2372,1271,,I'm flexible,medium,medium,routine,False,False,False,False,False,False,False,True,False,False,False,False,False,False,False,False,False,True,False,False,1,2201,12.871344953968743,1,0,0
job_000198,Roofing,Roofing,74809,2026-01,Roofing,211,1573,892,,As soon as possible,medium,medium,routine,False,False,False,False,False,False,False,False,False,False,False,False,False,False,False,False,True,False,False,False,1,1362,6.454976272725231,0,0,0
job_000199,Electrical,Lighting,24020,2026-03,Install new outlets in kitchen,166,2191,1178,1093.0,Within 1 month,medium,medium,routine,False,False,False,True,False,False,False,False,False,False,False,False,False,False,False,False,False,False,True,False,3,2025,12.198795107236174,1,0,0
job_000200,Flooring,Flooring,84662,2026-01,Flooring,208,1624,916,,As soon as possible,medium,medium,routine,False,False,False,False,False,True,False,False,False,False,False,False,False,False,False,False,False,False,False,False,1,1416,6.807692274963018,0,0,0
job_000201,Moving,Moving,43985,2026-03,Moving,177,2331,1254,1187.0,Within 1-2 weeks,medium,medium,routine,False,False,False,False,False,False,False,False,False,False,True,False,False,False,False,False,False,False,False,True,3,2154,12.16949145666954,0,0,0
job_000202,Pest Control,Rodents,63536,2026-03,General pest control service,361,2336,1348,1432.0,Within 1-2 weeks,medium,medium,routine,False,False,False,False,False,False,False,False,False,False,False,False,True,False,False,False,False,False,False,True,3,1975,5.470914112268936,0,0,0
job_000203,HVAC,Thermostat,72455,2026-02,Clean ductwork,204,3330,1767,1840.0,Within 1-2 weeks,medium,medium,routine,False,False,False,False,False,False,False,True,False,False,False,False,False,False,False,False,False,False,False,True,2,3126,15.323529336649367,1,0,0
job_000204,Landscaping,Landscaping,33928,2026-01,Landscaping,158,1410,784,,Within 1-2 weeks,medium,medium,routine,False,False,False,False,False,False,False,False,False,True,False,False,False,False,False,False,False,False,False,True,1,1252,7.924050582759174,1,0,0
job_000205,Cleaning,Window Washing,85337,2026-02,Deep clean kitchen and bathrooms,79,824,451,503.0,I'm flexible,medium,medium,routine,False,False,True,False,False,False,False,False,False,False,False,False,False,False,False,False,False,True,False,False,2,745,9.43037962746355,1,0,0
job_000206,Pest Control,Bed Bugs,54436,2026-02,General pest control service,370,1973,1171,,As soon as possible,medium,medium,routine,False,False,False,False,False,False,False,False,False,False,False,False,True,False,False,False,False,False,False,False,2,1603,4.332432420723156,0,0,0
job_000207,Remodeling,Remodeling,68170,2026-03,Remodeling,190,1606,898,940.0,Within 1-2 weeks,medium,medium,routine,False,False,False,False,False,False,False,False,False,False,False,False,False,False,False,True,False,False,False,True,3,1416,7.452631539722992,0,0,0
job_000208,Auto,Auto,47121,2026-02,Auto,163,2440,1301,1540.0,I'm flexible,medium,medium,routine,True,False,False,False,False,False,False,False,False,False,False,False,False,False,False,False,False,True,False,False,2,2277,13.969325067672852,0,0,0
job_000209,Pest Control,General,34138,2026-02,Termite inspection and treatment,347,1833,1090,1151.0,Within 1-2 weeks,medium,medium,routine,False,False,False,False,False,False,False,False,False,False,False,False,True,False,False,False,False,False,False,True,2,1486,4.282420736938269,0,0,0
job_000210,Chimney,Chimney,29350,2026-03,Chimney,198,1788,993,796.0,Within 1-2 weeks,medium,medium,routine,False,True,False,False,False,False,False,False,False,False,False,False,False,False,False,False,False,False,False,True,3,1590,8.030302989745945,0,0,0
job_000211,Landscaping,Landscaping,16394,2026-03,Landscaping,205,1240,722,603.0,As soon as possible,medium,medium,routine,False,False,False,False,False,False,False,False,False,True,False,False,False,False,False,False,False,False,False,False,3,1035,5.048780463176681,1,0,0
job_000212,Plumbing,Drain Cleaning,28589,2026-02,Install new water heater,83,1427,755,871.0,Within 1 month,medium,medium,routine,False,False,False,False,False,False,False,False,False,False,False,False,False,True,False,False,False,False,True,False,2,1344,16.192770889243725,1,0,0
job_000213,HVAC,AC Repair,83766,2026-04,Clean ductwork,179,2904,1541,1443.0,Within 1 month,medium,medium,routine,False,False,False,False,False,False,False,True,False,False,False,False,False,False,False,False,False,False,True,False,4,2725,15.223463602103555,1,0,0
job_000214,Roofing,Roofing,70188,2026-02,Roofing,189,2384,1286,,As soon as possible,medium,medium,routine,False,False,False,False,False,False,False,False,False,False,False,False,False,False,False,False,True,False,False,False,2,2195,11.613756552308166,0,0,0
job_000215,Moving,Moving,68981,2026-01,Moving,183,2111,1147,1346.0,As soon as possible,medium,medium,routine,False,False,False,False,False,False,False,False,False,False,True,False,False,False,False,False,False,False,False,False,1,1928,10.535519068111919,0,0,0
job_000216,Moving,Moving,98251,2026-04,Moving,168,1678,923,784.0,Within 1-2 weeks,medium,medium,routine,False,False,False,False,False,False,False,False,False,False,True,False,False,False,False,False,False,False,False,True,4,1510,8.988095184594671,0,0,0
job_000217,Moving,Moving,16075,2026-02,Moving,185,1903,1044,914.0,Within 1 month,medium,medium,routine,False,False,False,False,False,False,False,False,False,False,True,False,False,False,False,False,False,False,True,False,2,1718,9.286486436289263,0,0,0
job_000218,Moving,Moving,24263,2026-01,Moving,198,2422,1310,1499.0,I'm flexible,medium,medium,routine,False,False,False,False,False,False,False,False,False,False,True,False,False,False,False,False,False,True,False,False,1,2224,11.232323175594328,0,0,0
job_000219,Electrical,Outlet Installation,61870,2026-03,Repair faulty electrical panel,144,1516,830,,Within 1 month,medium,medium,routine,False,False,False,True,False,False,False,False,False,False,False,False,False,False,False,False,False,False,True,False,3,1372,9.527777711612655,1,0,0
job_000220,Cleaning,Window Washing,81908,2026-04,"Exterior window wash, 2-story, 20 windows",119,828,473,,Within 1-2 weeks,medium,medium,routine,False,False,True,False,False,False,False,False,False,False,False,False,False,False,False,False,False,False,False,True,4,709,5.9579831432102255,1,0,0
job_000221,Handyman,Handyman,28720,2026-04,Handyman,71,404,237,198.0,Within 1-2 weeks,medium,medium,routine,False,False,False,False,False,False,False,False,True,False,False,False,False,False,False,False,False,False,False,True,4,333,4.6901407790121015,1,0,0
job_000222,Exterior,Exterior,30129,2026-01,Exterior,491,2400,1445,,I'm flexible,medium,medium,routine,False,False,False,False,True,False,False,False,False,False,False,False,False,False,False,False,False,True,False,False,1,1909,3.8879836988024774,1,0,0
job_000223,Pool,Pool,42419,2026-01,Pool,171,1762,966,944.0,Within 1-2 weeks,medium,medium,routine,False,False,False,False,False,False,False,False,False,False,False,False,False,False,True,False,False,False,False,True,1,1591,9.30409351284156,0,0,0
job_000224,Pest Control,Bed Bugs,40998,2026-03,"Bed bug heat treatment, 2BR apartment",280,2316,1298,,Within 1 month,medium,medium,routine,False,False,False,False,False,False,False,False,False,False,False,False,True,False,False,False,False,False,True,False,3,2036,7.271428545459184,0,0,0
job_000225,Appliance Repair,Appliance Repair,37062,2026-04,Appliance Repair,219,2003,1111,,Within 1-2 weeks,medium,medium,routine,False,False,False,False,False,False,False,False,False,False,False,False,False,False,False,False,False,False,False,True,4,1784,8.146118684264298,0,0,0
job_000226,Pool,Pool,91091,2026-04,Pool,226,1666,946,,Within 1 month,medium,medium,routine,False,False,False,False,False,False,False,False,False,False,False,False,False,False,True,False,False,False,True,False,4,1440,6.371681387735923,0,0,0
job_000227,Painting,Cabinet,33784,2026-02,Exterior house painting,298,2291,1294,1498.0,Within 1-2 weeks,medium,medium,routine,False,False,False,False,False,False,False,False,False,False,False,True,False,False,False,False,False,False,False,True,2,1993,6.687919440644566,0,0,0
job_000228,Flooring,Flooring,72252,2026-01,Flooring,192,2178,1185,,Within 1-2 weeks,medium,medium,routine,False,False,False,False,False,True,False,False,False,False,False,False,False,False,False,False,False,False,False,True,1,1986,10.343749946126303,0,0,0
job_000229,Landscaping,Landscaping,22673,2026-03,Landscaping,192,1409,800,,As soon as possible,medium,medium,routine,False,False,False,False,False,False,False,False,False,True,False,False,False,False,False,False,False,False,False,False,3,1217,6.3385416336534295,1,0,0
job_000230,Auto,Auto,98554,2026-01,Auto,167,1804,985,907.0,As soon as possible,medium,medium,routine,True,False,False,False,False,False,False,False,False,False,False,False,False,False,False,False,False,False,False,False,1,1637,9.80239515088386,0,0,0
job_000231,Electrical,Wiring,89048,2026-02,Repair faulty electrical panel,145,2222,1183,1327.0,Within 1-2 weeks,medium,medium,routine,False,False,False,True,False,False,False,False,False,False,False,False,False,False,False,False,False,False,False,True,2,2077,14.324137832247326,1,0,0
job_000232,Cleaning,General Cleaning,18526,2026-04,Deep clean kitchen and bathrooms,92,927,509,441.0,Within 1-2 weeks,medium,medium,routine,False,False,True,False,False,False,False,False,False,False,False,False,False,False,False,False,False,False,False,True,4,835,9.07608685786862,1,0,0
job_000233,Electrical,Lighting,20625,2026-03,Replace light switches,178,1713,945,1046.0,As soon as possible,medium,medium,routine,False,False,False,True,False,False,False,False,False,False,False,False,False,False,False,False,False,False,False,False,3,1535,8.623595457170811,1,0,0
job_000234,General Contractor,General Contractor,36171,2026-03,General Contractor,978,12336,6657,7246.0,I'm flexible,medium,medium,routine,False,False,False,False,False,False,True,False,False,False,False,False,False,False,False,False,False,True,False,False,3,11358,11.613496920640596,0,0,1
job_000235,Landscaping,Landscaping,27101,2026-02,Landscaping,179,1468,823,986.0,Within 1 month,medium,medium,routine,False,False,False,False,False,False,False,False,False,True,False,False,False,False,False,False,False,False,True,False,2,1289,7.201117278206048,1,0,0
job_000236,Handyman,Handyman,22087,2026-01,Handyman,57,535,296,,I'm flexible,medium,medium,routine,False,False,False,False,False,False,False,False,True,False,False,False,False,False,False,False,False,True,False,False,1,478,8.385964765158514,1,0,0
job_000237,Cleaning,Window Washing,72986,2026-03,Carpet cleaning entire house,114,800,457,374.0,Within 1-2 weeks,medium,medium,routine,False,False,True,False,False,False,False,False,False,False,False,False,False,False,False,False,False,False,False,True,3,686,6.017543806863651,1,0,0
job_000238,Flooring,Flooring,19767,2026-03,Flooring,208,1968,1088,1106.0,Within 1 month,medium,medium,routine,False,False,False,False,False,True,False,False,False,False,False,False,False,False,False,False,False,False,True,False,3,1760,8.46153842085799,0,0,0
job_000239,Handyman,Handyman,26642,2026-03,Handyman,89,570,329,375.0,As soon as possible,medium,medium,routine,False,False,False,False,False,False,False,False,True,False,False,False,False,False,False,False,False,False,False,False,3,481,5.4044943212978165,1,0,0
job_000240,Pest Control,Bed Bugs,64466,2026-01,Rodent control and sealing,299,2118,1208,1061.0,Within 1 month,medium,medium,routine,False,False,False,False,False,False,False,False,False,False,False,False,True,False,False,False,False,False,True,False,1,1819,6.0836120197872505,0,0,0
job_000241,Pool,Pool,61451,2026-04,Pool,249,1580,914,,I'm flexible,medium,medium,routine,False,False,False,False,False,False,False,False,False,False,False,False,False,False,True,False,False,True,False,False,4,1331,5.3453815046370226,0,0,0
job_000242,Auto,Auto,76868,2026-01,Auto,200,2083,1141,1218.0,As soon as possible,medium,medium,routine,True,False,False,False,False,False,False,False,False,False,False,False,False,False,False,False,False,False,False,False,1,1883,9.414999952925001,0,0,0
job_000243,Auto,Auto,11511,2026-04,Auto,189,1946,1067,990.0,Within 1 month,medium,medium,routine,True,False,False,False,False,False,False,False,False,False,False,False,False,False,False,False,False,False,True,False,4,1757,9.296296247109543,0,0,0
job_000244,Chimney,Chimney,77827,2026-03,Chimney,233,2231,1232,1354.0,Within 1-2 weeks,medium,medium,routine,False,True,False,False,False,False,False,False,False,False,False,False,False,False,False,False,False,False,False,True,3,1998,8.575107259334304,0,0,0
job_000245,Electrical,Panel Upgrade,37148,2026-03,Install new outlets in kitchen,128,2207,1167,1211.0,As soon as possible,medium,medium,routine,False,False,False,True,False,False,False,False,False,False,False,False,False,False,False,False,False,False,False,False,3,2079,16.24218737310791,1,0,0
job_000246,Flooring,Flooring,30492,2026-01,Flooring,223,1922,1072,,Within 1-2 weeks,medium,medium,routine,False,False,False,False,False,True,False,False,False,False,False,False,False,False,False,False,False,False,False,True,1,1699,7.618834046552314,0,0,0
job_000247,Landscaping,Landscaping,93367,2026-01,Landscaping,167,1423,795,758.0,Within 1-2 weeks,medium,medium,routine,False,False,False,False,False,False,False,False,False,True,False,False,False,False,False,False,False,False,False,True,1,1256,7.520958038796659,1,0,0
job_000248,Painting,Interior,21138,2026-02,Paint interior bedroom walls,288,2330,1309,1300.0,I'm flexible,medium,medium,routine,False,False,False,False,False,False,False,False,False,False,False,True,False,False,False,False,False,True,False,False,2,2042,7.090277753158758,0,0,0
job_000249,General Contractor,General Contractor,36858,2026-03,General Contractor,834,9754,5294,,Within 1 month,medium,medium,routine,False,False,False,False,False,False,True,False,False,False,False,False,False,False,False,False,False,False,True,False,3,8920,10.69544363225966,0,0,1
job_000250,Roofing,Roofing,61713,2026-04,Roofing,181,2428,1304,1499.0,Within 1-2 weeks,medium,medium,routine,False,False,False,False,False,False,False,False,False,False,False,False,False,False,False,False,True,False,False,True,4,2247,12.414364572296329,0,0,0
job_000251,Exterior,Exterior,84036,2026-04,Exterior,381,2827,1604,1733.0,As soon as possible,medium,medium,routine,False,False,False,False,True,False,False,False,False,False,False,False,False,False,False,False,False,False,False,False,4,2446,6.419947489711424,1,0,0
job_000252,General Contractor,General Contractor,81731,2026-03,General Contractor,1206,10254,5730,5287.0,I'm flexible,medium,medium,routine,False,False,False,False,False,False,True,False,False,False,False,False,False,False,False,False,False,True,False,False,3,9048,7.502487555968086,0,0,1
job_000253,Pool,Pool,66794,2026-01,Pool,209,2461,1335,,Within 1 month,medium,medium,routine,False,False,False,False,False,False,False,False,False,False,False,False,False,False,True,False,False,False,True,False,1,2252,10.775119565669284,0,0,0
job_000254,Remodeling,Remodeling,92991,2026-04,Remodeling,162,2144,1153,,Within 1 month,medium,medium,routine,False,False,False,False,False,False,False,False,False,False,False,False,False,False,False,True,False,False,True,False,4,1982,12.234567825712544,0,0,0
job_000255,HVAC,Furnace Maintenance,75835,2026-02,Install new thermostat,182,2355,1268,1040.0,Within 1 month,medium,medium,routine,False,False,False,False,False,False,False,True,False,False,False,False,False,False,False,False,False,False,True,False,2,2173,11.939560373958459,1,0,0
job_000256,Painting,Cabinet,12900,2026-04,Paint interior bedroom walls,234,2006,1120,1343.0,I'm flexible,medium,medium,routine,False,False,False,False,False,False,False,False,False,False,False,True,False,False,False,False,False,True,False,False,4,1772,7.572649540287823,0,0,0
job_000257,Landscaping,Landscaping,15831,2026-01,Landscaping,164,1833,998,850.0,Within 1 month,medium,medium,routine,False,False,False,False,False,False,False,False,False,True,False,False,False,False,False,False,False,False,True,False,1,1669,10.176829206238846,1,0,0
job_000258,Pest Control,Termites,85054,2026-04,"Bed bug heat treatment, 2BR apartment",353,2071,1212,993.0,Within 1 month,medium,medium,routine,False,False,False,False,False,False,False,False,False,False,False,False,True,False,False,False,False,False,True,False,4,1718,4.866855510292194,0,0,0
job_000259,Cleaning,General Cleaning,62960,2026-04,Deep clean kitchen and bathrooms,111,1024,567,495.0,As soon as possible,medium,medium,routine,False,False,True,False,False,False,False,False,False,False,False,False,False,False,False,False,False,False,False,False,4,913,8.225225151124098,1,0,0
job_000260,Roofing,Roofing,23793,2026-02,Roofing,212,1875,1043,,As soon as possible,medium,medium,routine,False,False,False,False,False,False,False,False,False,False,False,False,False,False,False,False,True,False,False,False,2,1663,7.844339585639908,0,0,0
job_000261,Landscaping,Landscaping,69255,2026-02,Landscaping,192,1450,821,868.0,Within 1-2 weeks,medium,medium,routine,False,False,False,False,False,False,False,False,False,True,False,False,False,False,False,False,False,False,False,True,2,1258,6.5520832992079,1,0,0
job_000262,Exterior,Exterior,16084,2026-03,Exterior,553,2646,1599,1551.0,As soon as possible,medium,medium,routine,False,False,False,False,True,False,False,False,False,False,False,False,False,False,False,False,False,False,False,False,3,2093,3.7848101197381374,1,0,0
job_000263,Flooring,Flooring,23793,2026-02,Flooring,221,2423,1322,1224.0,I'm flexible,medium,medium,routine,False,False,False,False,False,True,False,False,False,False,False,False,False,False,False,False,False,True,False,False,2,2202,9.963800859892304,0,0,0
job_000264,Handyman,Handyman,55817,2026-01,Handyman,65,612,338,284.0,Within 1-2 weeks,medium,medium,routine,False,False,False,False,False,False,False,False,True,False,False,False,False,False,False,False,False,False,False,True,1,547,8.415384485917162,1,0,0
job_000265,Remodeling,Remodeling,51528,2026-02,Remodeling,199,2021,1110,,Within 1 month,medium,medium,routine,False,False,False,False,False,False,False,False,False,False,False,False,False,False,False,True,False,False,True,False,2,1822,9.155778848463424,0,0,0
job_000266,Auto,Auto,57916,2026-04,Auto,203,1666,934,1099.0,I'm flexible,medium,medium,routine,True,False,False,False,False,False,False,False,False,False,False,False,False,False,False,False,False,True,False,False,4,1463,7.2068965162221845,0,0,0
job_000267,Pest Control,General,47524,2026-04,Termite inspection and treatment,367,1866,1116,1074.0,I'm flexible,medium,medium,routine,False,False,False,False,False,False,False,False,False,False,False,False,True,False,False,False,False,True,False,False,4,1499,4.084468653720794,0,0,0
job_000268,Moving,Moving,37719,2026-03,Moving,151,2310,1230,,I'm flexible,medium,medium,routine,False,False,False,False,False,False,False,False,False,False,True,False,False,False,False,False,False,True,False,False,3,2159,14.298013150344284,0,0,0
job_000269,Auto,Auto,72398,2026-01,Auto,190,1516,853,722.0,As soon as possible,medium,medium,routine,True,False,False,False,False,False,False,False,False,False,False,False,False,False,False,False,False,False,False,False,1,1326,6.978947331689751,0,0,0
job_000270,Exterior,Exterior,10550,2026-04,Exterior,616,2823,1719,,Within 1-2 weeks,medium,medium,routine,False,False,False,False,True,False,False,False,False,False,False,False,False,False,False,False,False,False,False,True,4,2207,3.5827922019759866,1,0,0
job_000271,Cleaning,General Cleaning,78956,2026-01,Carpet cleaning entire house,115,989,552,,As soon as possible,medium,medium,routine,False,False,True,False,False,False,False,False,False,False,False,False,False,False,False,False,False,False,False,False,1,874,7.599999933913044,1,0,0
job_000272,General Contractor,General Contractor,16999,2026-04,General Contractor,1120,12287,6703,,As soon as possible,medium,medium,routine,False,False,False,False,False,False,True,False,False,False,False,False,False,False,False,False,False,False,False,False,4,11167,9.97053570538345,0,0,1
job_000273,Exterior,Exterior,72455,2026-04,Exterior,558,3450,2004,,I'm flexible,medium,medium,routine,False,False,False,False,True,False,False,False,False,False,False,False,False,False,False,False,False,True,False,False,4,2892,5.182795689636567,1,0,0
job_000274,Handyman,Handyman,84036,2026-04,Handyman,82,443,262,,As soon as possible,medium,medium,routine,False,False,False,False,False,False,False,False,True,False,False,False,False,False,False,False,False,False,False,False,4,361,4.402438970701964,1,0,0
job_000275,Painting,Cabinet,67549,2026-02,Cabinet refinishing,356,3020,1688,,Within 1 month,medium,medium,routine,False,False,False,False,False,False,False,False,False,False,False,True,False,False,False,False,False,False,True,False,2,2664,7.483146046395658,0,0,0
job_000276,Roofing,Roofing,19110,2026-01,Roofing,232,1897,1064,1193.0,Within 1-2 weeks,medium,medium,routine,False,False,False,False,False,False,False,False,False,False,False,False,False,False,False,False,True,False,False,True,1,1665,7.176724106996879,0,0,0
job_000277,Roofing,Roofing,19272,2026-01,Roofing,178,1524,851,1004.0,As soon as possible,medium,medium,routine,False,False,False,False,False,False,False,False,False,False,False,False,False,False,False,False,True,False,False,False,1,1346,7.561797710326979,0,0,0
job_000278,Plumbing,Fixture Installation,47653,2026-04,Install new water heater,121,1232,676,,I'm flexible,medium,medium,routine,False,False,False,False,False,False,False,False,False,False,False,False,False,True,False,False,False,True,False,False,4,1111,9.181818105935388,1,0,0
job_000279,Auto,Auto,17502,2026-01,Auto,161,2365,1263,1050.0,Within 1 month,medium,medium,routine,True,False,False,False,False,False,False,False,False,False,False,False,False,False,False,False,False,False,True,False,1,2204,13.689440908761236,0,0,0
job_000280,Exterior,Exterior,18931,2026-01,Exterior,574,3515,2044,2406.0,As soon as possible,medium,medium,routine,False,False,False,False,True,False,False,False,False,False,False,False,False,False,False,False,False,False,False,False,1,2941,5.123693370864646,1,0,0
job_000281,Auto,Auto,74937,2026-02,Auto,209,2338,1273,,As soon as possible,medium,medium,routine,True,False,False,False,False,False,False,False,False,False,False,False,False,False,False,False,False,False,False,False,2,2129,10.18660282207367,0,0,0
job_000282,Handyman,Handyman,87673,2026-02,Handyman,60,455,257,207.0,Within 1-2 weeks,medium,medium,routine,False,False,False,False,False,False,False,False,True,False,False,False,False,False,False,False,False,False,False,True,2,395,6.583333223611113,1,0,0
job_000283,Painting,Cabinet,83580,2026-04,Cabinet refinishing,298,2898,1598,,I'm flexible,medium,medium,routine,False,False,False,False,False,False,False,False,False,False,False,True,False,False,False,False,False,True,False,False,4,2600,8.72483218548714,0,0,0
job_000284,Flooring,Flooring,49799,2026-04,Flooring,220,2346,1283,1114.0,As soon as possible,medium,medium,routine,False,False,False,False,False,True,False,False,False,False,False,False,False,False,False,False,False,False,False,False,4,2126,9.663636319710744,0,0,0
job_000285,Pest Control,Bed Bugs,57705,2026-01,Termite inspection and treatment,348,2175,1261,1284.0,I'm flexible,medium,medium,routine,False,False,False,False,False,False,False,False,False,False,False,False,True,False,False,False,False,True,False,False,1,1827,5.249999984913793,0,0,0
job_000286,Pool,Pool,22522,2026-02,Pool,177,2305,1241,1423.0,Within 1 month,medium,medium,routine,False,False,False,False,False,False,False,False,False,False,False,False,False,False,True,False,False,False,True,False,2,2128,12.02259880213221,0,0,0
job_000287,Pool,Pool,40646,2026-04,Pool,165,2073,1119,1110.0,I'm flexible,medium,medium,routine,False,False,False,False,False,False,False,False,False,False,False,False,False,False,True,False,False,True,False,False,4,1908,11.563636293553719,0,0,0
job_000288,General Contractor,General Contractor,25358,2026-03,General Contractor,1013,8357,4685,4067.0,Within 1 month,medium,medium,routine,False,False,False,False,False,False,True,False,False,False,False,False,False,False,False,False,False,False,True,False,3,7344,7.249753201135485,0,0,1
job_000289,Pest Control,General,11511,2026-03,General pest control service,332,2188,1260,1075.0,As soon as possible,medium,medium,routine,False,False,False,False,False,False,False,False,False,False,False,False,True,False,False,False,False,False,False,False,3,1856,5.590361428944695,0,0,0
job_000290,Painting,Interior,75311,2026-02,Cabinet refinishing,371,2192,1281,1353.0,I'm flexible,medium,medium,routine,False,False,False,False,False,False,False,False,False,False,False,True,False,False,False,False,False,True,False,False,2,1821,4.9083557819181785,0,0,0
job_000291,Pest Control,Termites,75199,2026-03,Termite inspection and treatment,282,2095,1188,,As soon as possible,medium,medium,routine,False,False,False,False,False,False,False,False,False,False,False,False,True,False,False,False,False,False,False,False,3,1813,6.429077991386248,0,0,0
job_000292,Pest Control,General,79245,2026-03,Termite inspection and treatment,333,2003,1168,,Within 1 month,medium,medium,routine,False,False,False,False,False,False,False,False,False,False,False,False,True,False,False,False,False,False,True,False,3,1670,5.01501499995491,0,0,0
job_000293,Auto,Auto,83780,2026-03,Auto,217,1850,1033,,Within 1-2 weeks,medium,medium,routine,True,False,False,False,False,False,False,False,False,False,False,False,False,False,False,False,False,False,False,True,3,1633,7.525345587440804,0,0,0
job_000294,Appliance Repair,Appliance Repair,79479,2026-02,Appliance Repair,196,1863,1029,1037.0,I'm flexible,medium,medium,routine,False,False,False,False,False,False,False,False,False,False,False,False,False,False,False,False,False,True,False,False,2,1667,8.50510199742295,0,0,0
job_000295,Auto,Auto,83580,2026-01,Auto,216,1926,1071,1234.0,As soon as possible,medium,medium,routine,True,False,False,False,False,False,False,False,False,False,False,False,False,False,False,False,False,False,False,False,1,1710,7.916666630015432,0,0,0
job_000296,Moving,Moving,20202,2026-02,Moving,197,1626,911,,I'm flexible,medium,medium,routine,False,False,False,False,False,False,False,False,False,False,True,False,False,False,False,False,False,True,False,False,2,1429,7.253807069777629,0,0,0
job_000297,Painting,Exterior,88408,2026-04,Trim painting,302,2837,1569,,Within 1 month,medium,medium,routine,False,False,False,False,False,False,False,False,False,False,False,True,False,False,False,False,False,False,True,False,4,2535,8.394039707304504,0,0,0
job_000298,Landscaping,Landscaping,64466,2026-04,Landscaping,185,1500,842,784.0,Within 1 month,medium,medium,routine,False,False,False,False,False,False,False,False,False,True,False,False,False,False,False,False,False,False,True,False,4,1315,7.108108069685902,1,0,0
job_000299,Electrical,Panel Upgrade,48049,2026-01,Install ceiling fan,132,2486,1309,1203.0,As soon as possible,medium,medium,routine,False,False,False,True,False,False,False,False,False,False,False,False,False,False,False,False,False,False,False,False,1,2354,17.833333198232324,1,0,0
job_000300,Handyman,Handyman,62650,2026-02,Handyman,60,446,253,255.0,As soon as possible,medium,medium,routine,False,False,False,False,False,False,False,False,True,False,False,False,False,False,False,False,False,False,False,False,2,386,6.433333226111113,1,0,0
job_000301,Pool,Pool,87727,2026-03,Pool,239,1944,1091,938.0,Within 1-2 weeks,medium,medium,routine,False,False,False,False,False,False,False,False,False,False,False,False,False,False,True,False,False,False,False,True,3,1705,7.133891183540205,0,0,0
job_000302,Chimney,Chimney,57916,2026-04,Chimney,218,1925,1071,,Within 1-2 weeks,medium,medium,routine,False,True,False,False,False,False,False,False,False,False,False,False,False,False,False,False,False,False,False,True,4,1707,7.830275193439105,0,0,0
job_000303,Cleaning,Carpet Cleaning,52487,2026-03,Carpet cleaning entire house,84,772,428,473.0,I'm flexible,medium,medium,routine,False,False,True,False,False,False,False,False,False,False,False,False,False,False,False,False,False,True,False,False,3,688,8.190476092970522,1,0,0
job_000304,HVAC,Ductwork,46249,2026-01,Furnace service before winter,249,2945,1597,,As soon as possible,medium,medium,routine,False,False,False,False,False,False,False,True,False,False,False,False,False,False,False,False,False,False,False,False,1,2696,10.827309193464622,1,0,0
job_000305,Chimney,Chimney,76402,2026-02,Chimney,178,2007,1092,,As soon as possible,medium,medium,routine,False,True,False,False,False,False,False,False,False,False,False,False,False,False,False,False,False,False,False,False,2,1829,10.275280841150108,0,0,0
job_000306,HVAC,AC Repair,27755,2026-04,AC unit repair and maintenance,222,2764,1493,1200.0,Within 1-2 weeks,medium,medium,routine,False,False,False,False,False,False,False,True,False,False,False,False,False,False,False,False,False,False,False,True,4,2542,11.450450398871846,1,0,0
job_000307,Exterior,Exterior,36227,2026-01,Exterior,506,3524,2015,,Within 1 month,medium,medium,routine,False,False,False,False,True,False,False,False,False,False,False,False,False,False,False,False,False,False,True,False,1,3018,5.964426865682951,1,0,0
job_000308,Chimney,Chimney,62749,2026-01,Chimney,198,1786,992,943.0,Within 1 month,medium,medium,routine,False,True,False,False,False,False,False,False,False,False,False,False,False,False,False,False,False,False,True,False,1,1588,8.02020197969595,0,0,0
job_000309,Auto,Auto,30178,2026-01,Auto,220,1939,1079,,Within 1-2 weeks,medium,medium,routine,True,False,False,False,False,False,False,False,False,False,False,False,False,False,False,False,False,False,False,True,1,1719,7.813636328119835,0,0,0
job_000310,General Contractor,General Contractor,70188,2026-01,General Contractor,1016,12488,6752,,I'm flexible,medium,medium,routine,False,False,False,False,False,False,True,False,False,False,False,False,False,False,False,False,False,True,False,False,1,11472,11.291338571563642,0,0,1
job_000311,Plumbing,Fixture Installation,94392,2026-02,Replace kitchen sink shutoff valve (you supply valve),94,1638,866,723.0,Within 1 month,medium,medium,routine,False,False,False,False,False,False,False,False,False,False,False,False,False,True,False,False,False,False,True,False,2,1544,16.425531740153918,1,0,0
job_000312,Handyman,Handyman,23397,2026-02,Handyman,84,555,319,338.0,Within 1 month,medium,medium,routine,False,False,False,False,False,False,False,False,True,False,False,False,False,False,False,False,False,False,True,False,2,471,5.6071427903911575,1,0,0
job_000313,Roofing,Roofing,16726,2026-01,Roofing,165,1604,884,881.0,I'm flexible,medium,medium,routine,False,False,False,False,False,False,False,False,False,False,False,False,False,False,False,False,True,True,False,False,1,1439,8.72121206835629,0,0,0
job_000314,Pool,Pool,18624,2026-04,Pool,239,1868,1053,1022.0,Within 1-2 weeks,medium,medium,routine,False,False,False,False,False,False,False,False,False,False,False,False,False,False,True,False,False,False,False,True,4,1629,6.81589955307155,0,0,0
job_000315,General Contractor,General Contractor,46577,2026-02,General Contractor,844,7665,4254,4036.0,I'm flexible,medium,medium,routine,False,False,False,False,False,False,True,False,False,False,False,False,False,False,False,False,False,True,False,False,2,6821,8.081753544926832,0,0,1
job_000316,HVAC,Thermostat,55817,2026-04,Furnace service before winter,179,3735,1957,2105.0,Within 1 month,medium,medium,routine,False,False,False,False,False,False,False,True,False,False,False,False,False,False,False,False,False,False,True,False,4,3556,19.865921676726696,1,0,0
job_000317,Appliance Repair,Appliance Repair,20829,2026-04,Appliance Repair,233,2363,1298,1183.0,I'm flexible,medium,medium,routine,False,False,False,False,False,False,False,False,False,False,False,False,False,False,False,False,False,True,False,False,4,2130,9.141630862053086,0,0,0
job_000318,Plumbing,Leak Repair,18859,2026-01,Fix leaking bathroom faucet,97,1598,847,,As soon as possible,medium,medium,routine,False,False,False,False,False,False,False,False,False,False,False,False,False,True,False,False,False,False,False,False,1,1501,15.474226644595602,1,0,0
job_000319,Moving,Moving,34609,2026-03,Moving,246,2346,1296,1186.0,As soon as possible,medium,medium,routine,False,False,False,False,False,False,False,False,False,False,True,False,False,False,False,False,False,False,False,False,3,2100,8.536585331152093,0,0,0
job_000320,Cleaning,Window Washing,53891,2026-04,Carpet cleaning entire house,90,1064,577,638.0,Within 1-2 weeks,medium,medium,routine,False,False,True,False,False,False,False,False,False,False,False,False,False,False,False,False,False,False,False,True,4,974,10.82222210197531,1,0,0
job_000321,General Contractor,General Contractor,50035,2026-02,General Contractor,839,7880,4359,3554.0,Within 1 month,medium,medium,routine,False,False,False,False,False,False,True,False,False,False,False,False,False,False,False,False,False,False,True,False,2,7041,8.39213348225014,0,0,1
job_000322,Remodeling,Remodeling,37906,2026-02,Remodeling,172,2038,1105,,As soon as possible,medium,medium,routine,False,False,False,False,False,False,False,False,False,False,False,False,False,False,False,True,False,False,False,False,2,1866,10.848837146227691,0,0,0
job_000323,Painting,Exterior,93404,2026-03,Paint interior bedroom walls,240,2757,1498,1678.0,I'm flexible,medium,medium,routine,False,False,False,False,False,False,False,False,False,False,False,True,False,False,False,False,False,True,False,False,3,2517,10.487499956302084,0,0,0
job_000324,Moving,Moving,85548,2026-01,Moving,229,2222,1225,1370.0,Within 1-2 weeks,medium,medium,routine,False,False,False,False,False,False,False,False,False,False,True,False,False,False,False,False,False,False,False,True,1,1993,8.703056730554337,0,0,0
job_000325,Flooring,Flooring,45412,2026-02,Flooring,207,2422,1314,1267.0,As soon as possible,medium,medium,routine,False,False,False,False,False,True,False,False,False,False,False,False,False,False,False,False,False,False,False,False,2,2215,10.700483040094285,0,0,0
job_000326,Plumbing,Drain Cleaning,72655,2026-04,Fix leaking bathroom faucet,121,1473,797,,I'm flexible,medium,medium,routine,False,False,False,False,False,False,False,False,False,False,False,False,False,True,False,False,False,True,False,False,4,1352,11.173553626664846,1,0,0
job_000327,Pest Control,General,62856,2026-02,General pest control service,272,2482,1377,1636.0,Within 1-2 weeks,medium,medium,routine,False,False,False,False,False,False,False,False,False,False,False,False,True,False,False,False,False,False,False,True,2,2210,8.124999970128677,0,0,0
job_000328,Roofing,Roofing,68944,2026-04,Roofing,185,1781,983,1147.0,Within 1 month,medium,medium,routine,False,False,False,False,False,False,False,False,False,False,False,False,False,False,False,False,True,False,True,False,4,1596,8.627026980394449,0,0,0
job_000329,Exterior,Exterior,36654,2026-04,Exterior,615,2402,1508,1545.0,Within 1 month,medium,medium,routine,False,False,False,False,True,False,False,False,False,False,False,False,False,False,False,False,False,False,True,False,4,1787,2.905691052185868,1,0,0
job_000330,General Contractor,General Contractor,31748,2026-02,General Contractor,787,9119,4953,4358.0,Within 1-2 weeks,medium,medium,routine,False,False,False,False,False,False,True,False,False,False,False,False,False,False,False,False,False,False,False,True,2,8332,10.587039376636545,0,0,1
job_000331,Painting,Exterior,91474,2026-01,Cabinet refinishing,355,2298,1326,,I'm flexible,medium,medium,routine,False,False,False,False,False,False,False,False,False,False,False,True,False,False,False,False,False,True,False,False,1,1943,5.473239421202143,0,0,0
job_000332,Exterior,Exterior,26217,2026-03,Exterior,609,3688,2148,2574.0,As soon as possible,medium,medium,routine,False,False,False,False,True,False,False,False,False,False,False,False,False,False,False,False,False,False,False,False,3,3079,5.055829219941167,1,0,0
job_000333,HVAC,Furnace Maintenance,20215,2026-01,AC unit repair and maintenance,150,2802,1476,,Within 1 month,medium,medium,routine,False,False,False,False,False,False,False,True,False,False,False,False,False,False,False,False,False,False,True,False,1,2652,17.679999882133334,1,0,0
job_000334,Appliance Repair,Appliance Repair,27810,2026-03,Appliance Repair,242,2281,1261,1429.0,Within 1-2 weeks,medium,medium,routine,False,False,False,False,False,False,False,False,False,False,False,False,False,False,False,False,False,False,False,True,3,2039,8.425619799894132,0,0,0
job_000335,Auto,Auto,87992,2026-03,Auto,152,1845,998,,Within 1 month,medium,medium,routine,True,False,False,False,False,False,False,False,False,False,False,False,False,False,False,False,False,False,True,False,3,1693,11.138157821459489,0,0,0
job_000336,Electrical,Outlet Installation,33784,2026-04,Repair faulty electrical panel,187,1866,1026,1119.0,Within 1 month,medium,medium,routine,False,False,False,True,False,False,False,False,False,False,False,False,False,False,False,False,False,False,True,False,4,1679,8.978609577654494,1,0,0
job_000337,Plumbing,Fixture Installation,91517,2026-02,Fix leaking bathroom faucet,107,1560,833,766.0,Within 1-2 weeks,medium,medium,routine,False,False,False,False,False,False,False,False,False,False,False,False,False,True,False,False,False,False,False,True,2,1453,13.579439125425802,1,0,0
job_000338,Electrical,Lighting,44410,2026-02,Install new outlets in kitchen,127,2195,1161,1384.0,Within 1 month,medium,medium,routine,False,False,False,True,False,False,False,False,False,False,False,False,False,False,False,False,False,False,True,False,2,2068,16.28346443871288,1,0,0
job_000339,Painting,Interior,48533,2026-03,Paint interior bedroom walls,326,2586,1456,1441.0,Within 1-2 weeks,medium,medium,routine,False,False,False,False,False,False,False,False,False,False,False,True,False,False,False,False,False,False,False,True,3,2260,6.932515316157929,0,0,0
job_000340,Pool,Pool,29862,2026-02,Pool,194,2251,1222,1131.0,Within 1 month,medium,medium,routine,False,False,False,False,False,False,False,False,False,False,False,False,False,False,True,False,False,False,True,False,2,2057,10.603092728850038,0,0,0
job_000341,Moving,Moving,88869,2026-01,Moving,203,1631,917,,Within 1-2 weeks,medium,medium,routine,False,False,False,False,False,False,False,False,False,False,True,False,False,False,False,False,False,False,False,True,1,1428,7.034482723968066,0,0,0
job_000342,Chimney,Chimney,22222,2026-04,Chimney,150,2033,1091,,Within 1 month,medium,medium,routine,False,True,False,False,False,False,False,False,False,False,False,False,False,False,False,False,False,False,True,False,4,1883,12.553333249644446,0,0,0
job_000343,Electrical,Panel Upgrade,91140,2026-03,Install ceiling fan,184,1976,1080,1214.0,As soon as possible,medium,medium,routine,False,False,False,True,False,False,False,False,False,False,False,False,False,False,False,False,False,False,False,False,3,1792,9.739130381852553,1,0,0
job_000344,Remodeling,Remodeling,28958,2026-02,Remodeling,240,2164,1202,987.0,I'm flexible,medium,medium,routine,False,False,False,False,False,False,False,False,False,False,False,False,False,False,False,True,False,True,False,False,2,1924,8.016666633263888,0,0,0
job_000345,Appliance Repair,Appliance Repair,22721,2026-04,Appliance Repair,153,1754,953,870.0,Within 1-2 weeks,medium,medium,routine,False,False,False,False,False,False,False,False,False,False,False,False,False,False,False,False,False,False,False,True,4,1601,10.4640522191892,0,0,0
job_000346,Painting,Interior,48049,2026-03,Exterior house painting,311,2738,1524,,I'm flexible,medium,medium,routine,False,False,False,False,False,False,False,False,False,False,False,True,False,False,False,False,False,True,False,False,3,2427,7.803858495807529,0,0,0
job_000347,Moving,Moving,78636,2026-02,Moving,203,1923,1063,1148.0,Within 1-2 weeks,medium,medium,routine,False,False,False,False,False,False,False,False,False,False,True,False,False,False,False,False,False,False,False,True,2,1720,8.472906362202432,0,0,0
job_000348,Appliance Repair,Appliance Repair,26909,2026-01,Appliance Repair,226,1652,939,1059.0,Within 1 month,medium,medium,routine,False,False,False,False,False,False,False,False,False,False,False,False,False,False,False,False,False,False,True,False,1,1426,6.309734485355158,0,0,0
job_000349,Flooring,Flooring,99039,2026-04,Flooring,195,2162,1178,,I'm flexible,medium,medium,routine,False,False,False,False,False,True,False,False,False,False,False,False,False,False,False,False,False,True,False,False,4,1967,10.087179435450363,0,0,0
job_000350,Handyman,Handyman,81352,2026-04,Handyman,81,448,264,264.0,Within 1-2 weeks,medium,medium,routine,False,False,False,False,False,False,False,False,True,False,False,False,False,False,False,False,False,False,False,True,4,367,4.53086414159427,1,0,0
job_000351,Auto,Auto,63360,2026-01,Auto,232,2445,1338,1342.0,As soon as possible,medium,medium,routine,True,False,False,False,False,False,False,False,False,False,False,False,False,False,False,False,False,False,False,False,1,2213,9.538793062332788,0,0,0
job_000352,Cleaning,Carpet Cleaning,32308,2026-03,Carpet cleaning entire house,109,962,535,507.0,Within 1-2 weeks,medium,medium,routine,False,False,True,False,False,False,False,False,False,False,False,False,False,False,False,False,False,False,False,True,3,853,7.825688001599193,1,0,0
job_000353,Electrical,Outlet Installation,83045,2026-03,Install new outlets in kitchen,136,2310,1223,,As soon as possible,medium,medium,routine,False,False,False,True,False,False,False,False,False,False,False,False,False,False,False,False,False,False,False,False,3,2174,15.985294000108132,1,0,0
job_000354,Landscaping,Landscaping,72398,2026-04,Landscaping,170,1264,717,,Within 1 month,medium,medium,routine,False,False,False,False,False,False,False,False,False,True,False,False,False,False,False,False,False,False,True,False,4,1094,6.435294079792388,1,0,0
job_000355,Handyman,Handyman,42139,2026-01,Handyman,74,518,296,352.0,As soon as possible,medium,medium,routine,False,False,False,False,False,False,False,False,True,False,False,False,False,False,False,False,False,False,False,False,1,444,5.99999991891892,1,0,0
job_000356,Painting,Interior,45412,2026-01,Exterior house painting,245,2086,1165,1033.0,Within 1-2 weeks,medium,medium,routine,False,False,False,False,False,False,False,False,False,False,False,True,False,False,False,False,False,False,False,True,1,1841,7.51428568361516,0,0,0
job_000357,General Contractor,General Contractor,44410,2026-04,General Contractor,909,9526,5217,6187.0,I'm flexible,medium,medium,routine,False,False,False,False,False,False,True,False,False,False,False,False,False,False,False,False,False,True,False,False,4,8617,9.479647954367824,0,0,1
job_000358,Roofing,Roofing,84072,2026-01,Roofing,160,1872,1016,1210.0,I'm flexible,medium,medium,routine,False,False,False,False,False,False,False,False,False,False,False,False,False,False,False,False,True,True,False,False,1,1712,10.699999933125001,0,0,0
job_000359,Remodeling,Remodeling,87077,2026-03,Remodeling,163,2251,1207,1386.0,Within 1-2 weeks,medium,medium,routine,False,False,False,False,False,False,False,False,False,False,False,False,False,False,False,True,False,False,False,True,3,2088,12.809815872332418,0,0,0
job_000360,General Contractor,General Contractor,10704,2026-02,General Contractor,1048,8945,4996,,I'm flexible,medium,medium,routine,False,False,False,False,False,False,True,False,False,False,False,False,False,False,False,False,False,True,False,False,2,7897,7.535305336321272,0,0,1
job_000361,General Contractor,General Contractor,76813,2026-01,General Contractor,1071,8684,4877,4294.0,Within 1-2 weeks,medium,medium,routine,False,False,False,False,False,False,True,False,False,False,False,False,False,False,False,False,False,False,False,True,1,7613,7.108309984025854,0,0,1
job_000362,Pool,Pool,28083,2026-04,Pool,237,1833,1035,,Within 1 month,medium,medium,routine,False,False,False,False,False,False,False,False,False,False,False,False,False,False,True,False,False,False,True,False,4,1596,6.734177186775624,0,0,0
job_000363,Exterior,Exterior,34565,2026-01,Exterior,441,2946,1693,,Within 1-2 weeks,medium,medium,routine,False,False,False,False,True,False,False,False,False,False,False,False,False,False,False,False,False,False,False,True,1,2505,5.680272095963102,1,0,0
job_000364,Pool,Pool,77985,2026-01,Pool,188,2053,1120,1237.0,I'm flexible,medium,medium,routine,False,False,False,False,False,False,False,False,False,False,False,False,False,False,True,False,False,True,False,False,1,1865,9.920212713190358,0,0,0
job_000365,Auto,Auto,61104,2026-02,Auto,163,2140,1151,1237.0,I'm flexible,medium,medium,routine,True,False,False,False,False,False,False,False,False,False,False,False,False,False,False,False,False,True,False,False,2,1977,12.128834281418195,0,0,0
job_000366,Pest Control,Rodents,97783,2026-04,General pest control service,347,2057,1202,1392.0,I'm flexible,medium,medium,routine,False,False,False,False,False,False,False,False,False,False,False,False,True,False,False,False,False,True,False,False,4,1710,4.927953876288317,0,0,0
job_000367,General Contractor,General Contractor,71776,2026-02,General Contractor,826,10809,5817,5827.0,I'm flexible,medium,medium,routine,False,False,False,False,False,False,True,False,False,False,False,False,False,False,False,False,False,True,False,False,2,9983,12.085956401832982,0,0,1
job_000368,Remodeling,Remodeling,46773,2026-04,Remodeling,155,2229,1192,,Within 1 month,medium,medium,routine,False,False,False,False,False,False,False,False,False,False,False,False,False,False,False,True,False,False,True,False,4,2074,13.38064507496358,0,0,0
job_000369,Electrical,Panel Upgrade,14979,2026-01,Repair faulty electrical panel,135,2238,1186,,As soon as possible,medium,medium,routine,False,False,False,True,False,False,False,False,False,False,False,False,False,False,False,False,False,False,False,False,1,2103,15.577777662386833,1,0,0
job_000370,Auto,Auto,22903,2026-01,Auto,212,1564,888,,I'm flexible,medium,medium,routine,True,False,False,False,False,False,False,False,False,False,False,False,False,False,False,False,False,True,False,False,1,1352,6.377358460484158,0,0,0
job_000371,Landscaping,Landscaping,41940,2026-02,Landscaping,244,1657,950,818.0,Within 1 month,medium,medium,routine,False,False,False,False,False,False,False,False,False,True,False,False,False,False,False,False,False,False,True,False,2,1413,5.790983582823838,1,0,0
job_000372,Landscaping,Landscaping,44604,2026-04,Landscaping,170,1171,670,591.0,Within 1-2 weeks,medium,medium,routine,False,False,False,False,False,False,False,False,False,True,False,False,False,False,False,False,False,False,False,True,4,1001,5.888235259480969,1,0,0
job_000373,Moving,Moving,69081,2026-03,Moving,241,1679,960,1116.0,Within 1-2 weeks,medium,medium,routine,False,False,False,False,False,False,False,False,False,False,True,False,False,False,False,False,False,False,False,True,3,1438,5.966804954494585,0,0,0
job_000374,HVAC,Ductwork,61378,2026-01,Furnace service before winter,242,3746,1994,,As soon as possible,medium,medium,routine,False,False,False,False,False,False,False,True,False,False,False,False,False,False,False,False,False,False,False,False,1,3504,14.479338783143229,1,0,0
job_000375,Appliance Repair,Appliance Repair,95770,2026-04,Appliance Repair,174,2162,1168,954.0,I'm flexible,medium,medium,routine,False,False,False,False,False,False,False,False,False,False,False,False,False,False,False,False,False,True,False,False,4,1988,11.425287290659268,0,0,0
job_000376,Auto,Auto,85705,2026-04,Auto,236,1669,952,817.0,I'm flexible,medium,medium,routine,True,False,False,False,False,False,False,False,False,False,False,False,False,False,False,False,False,True,False,False,4,1433,6.072033872576128,0,0,0
job_000377,Moving,Moving,58032,2026-04,Moving,206,2253,1229,1141.0,I'm flexible,medium,medium,routine,False,False,False,False,False,False,False,False,False,False,True,False,False,False,False,False,False,True,False,False,4,2047,9.93689315564615,0,0,0
job_000378,Chimney,Chimney,54406,2026-02,Chimney,243,2355,1299,1453.0,Within 1-2 weeks,medium,medium,routine,False,True,False,False,False,False,False,False,False,False,False,False,False,False,False,False,False,False,False,True,2,2112,8.691357988924453,0,0,0
job_000379,Roofing,Roofing,49228,2026-02,Roofing,198,1775,986,,As soon as possible,medium,medium,routine,False,False,False,False,False,False,False,False,False,False,False,False,False,False,False,False,True,False,False,False,2,1577,7.964646424420978,0,0,0
job_000380,Landscaping,Landscaping,99903,2026-01,Landscaping,155,1323,739,712.0,Within 1-2 weeks,medium,medium,routine,False,False,False,False,False,False,False,False,False,True,False,False,False,False,False,False,False,False,False,True,1,1168,7.5354838223517175,1,0,0
job_000381,Painting,Cabinet,22175,2026-04,Trim painting,249,2762,1505,,As soon as possible,medium,medium,routine,False,False,False,False,False,False,False,False,False,False,False,True,False,False,False,False,False,False,False,False,4,2513,10.092369437380043,0,0,0
job_000382,Chimney,Chimney,35001,2026-02,Chimney,204,1938,1071,1147.0,I'm flexible,medium,medium,routine,False,True,False,False,False,False,False,False,False,False,False,False,False,False,False,False,False,True,False,False,2,1734,8.499999958333333,0,0,0
job_000383,Pool,Pool,35547,2026-02,Pool,163,1798,980,993.0,I'm flexible,medium,medium,routine,False,False,False,False,False,False,False,False,False,False,False,False,False,False,True,False,False,True,False,False,2,1635,10.030674785087886,0,0,0
job_000384,Painting,Cabinet,55941,2026-01,Trim painting,234,2474,1354,1437.0,Within 1-2 weeks,medium,medium,routine,False,False,False,False,False,False,False,False,False,False,False,True,False,False,False,False,False,False,False,True,1,2240,9.572649531740813,0,0,0
job_000385,Moving,Moving,38573,2026-01,Moving,230,2032,1131,1193.0,Within 1-2 weeks,medium,medium,routine,False,False,False,False,False,False,False,False,False,False,True,False,False,False,False,False,False,False,False,True,1,1802,7.83478257463138,0,0,0
job_000386,Pool,Pool,88825,2026-01,Pool,185,2461,1323,1231.0,As soon as possible,medium,medium,routine,False,False,False,False,False,False,False,False,False,False,False,False,False,False,True,False,False,False,False,False,1,2276,12.302702636201607,0,0,0
job_000387,Pest Control,General,62348,2026-03,Rodent control and sealing,371,1522,946,802.0,As soon as possible,medium,medium,routine,False,False,False,False,False,False,False,False,False,False,False,False,True,False,False,False,False,False,False,False,3,1151,3.102425867648448,0,0,0
job_000388,Electrical,Lighting,88663,2026-02,Install new outlets in kitchen,160,2037,1098,,I'm flexible,medium,medium,routine,False,False,False,True,False,False,False,False,False,False,False,False,False,False,False,False,False,True,False,False,2,1877,11.731249926679688,1,0,0
job_000389,Pool,Pool,65697,2026-04,Pool,226,2044,1135,972.0,Within 1-2 weeks,medium,medium,routine,False,False,False,False,False,False,False,False,False,False,False,False,False,False,True,False,False,False,False,True,4,1818,8.044247752016602,0,0,0
job_000390,Pest Control,Bed Bugs,26792,2026-02,Rodent control and sealing,308,1717,1012,836.0,As soon as possible,medium,medium,routine,False,False,False,False,False,False,False,False,False,False,False,False,True,False,False,False,False,False,False,False,2,1409,4.574675309822482,0,0,0
job_000391,Pool,Pool,62650,2026-03,Pool,216,2013,1114,1028.0,As soon as possible,medium,medium,routine,False,False,False,False,False,False,False,False,False,False,False,False,False,False,True,False,False,False,False,False,3,1797,8.319444405928499,0,0,0
job_000392,Auto,Auto,98834,2026-04,Auto,171,1984,1077,,Within 1-2 weeks,medium,medium,routine,True,False,False,False,False,False,False,False,False,False,False,False,False,False,False,False,False,False,False,True,4,1813,10.602339119284567,0,0,0
job_000393,Plumbing,Water Heater Replacement,10773,2026-03,Install new water heater,78,1427,752,,Within 1 month,medium,medium,routine,False,False,False,False,False,False,False,False,False,False,False,False,False,True,False,False,False,False,True,False,3,1349,17.29487157314267,1,0,0
job_000394,Flooring,Flooring,60595,2026-02,Flooring,206,2387,1296,1222.0,As soon as possible,medium,medium,routine,False,False,False,False,False,True,False,False,False,False,False,False,False,False,False,False,False,False,False,False,2,2181,10.587378589381657,0,0,0
job_000395,HVAC,AC Repair,43065,2026-01,Install new thermostat,203,3564,1883,2126.0,Within 1 month,medium,medium,routine,False,False,False,False,False,False,False,True,False,False,False,False,False,False,False,False,False,False,True,False,1,3361,16.556650164745566,1,0,0
job_000396,Handyman,Handyman,24851,2026-02,Handyman,85,442,263,287.0,Within 1-2 weeks,medium,medium,routine,False,False,False,False,False,False,False,False,True,False,False,False,False,False,False,False,False,False,False,True,2,357,4.199999950588236,1,0,0
job_000397,General Contractor,General Contractor,92991,2026-03,General Contractor,908,10280,5594,,Within 1 month,medium,medium,routine,False,False,False,False,False,False,True,False,False,False,False,False,False,False,False,False,False,False,True,False,3,9372,10.321585891716316,0,0,1
job_000398,Handyman,Handyman,42962,2026-04,Handyman,66,588,327,292.0,I'm flexible,medium,medium,routine,False,False,False,False,False,False,False,False,True,False,False,False,False,False,False,False,False,True,False,False,4,522,7.909090789256201,1,0,0
job_000399,Landscaping,Landscaping,55941,2026-01,Landscaping,200,1575,887,906.0,Within 1 month,medium,medium,routine,False,False,False,False,False,False,False,False,False,True,False,False,False,False,False,False,False,False,True,False,1,1375,6.874999965625,1,0,0
job_000400,Remodeling,Remodeling,80425,2026-02,Remodeling,223,2070,1146,1164.0,I'm flexible,medium,medium,routine,False,False,False,False,False,False,False,False,False,False,False,False,False,False,False,True,False,True,False,False,2,1847,8.282511173621026,0,0,0
job_000401,Moving,Moving,98968,2026-04,Moving,212,1848,1030,,As soon as possible,medium,medium,routine,False,False,False,False,False,False,False,False,False,False,True,False,False,False,False,False,False,False,False,False,4,1636,7.716981095674617,0,0,0
job_000402,Painting,Interior,83366,2026-04,Trim painting,325,2865,1595,1828.0,As soon as possible,medium,medium,routine,False,False,False,False,False,False,False,False,False,False,False,True,False,False,False,False,False,False,False,False,4,2540,7.815384591337279,0,0,0
job_000403,Auto,Auto,75835,2026-04,Auto,238,1969,1103,1169.0,I'm flexible,medium,medium,routine,True,False,False,False,False,False,False,False,False,False,False,False,False,False,False,False,False,True,False,False,4,1731,7.273109213138197,0,0,0
job_000404,Appliance Repair,Appliance Repair,92110,2026-02,Appliance Repair,170,2487,1328,1200.0,Within 1-2 weeks,medium,medium,routine,False,False,False,False,False,False,False,False,False,False,False,False,False,False,False,False,False,False,False,True,2,2317,13.629411684532872,0,0,0
job_000405,Remodeling,Remodeling,50485,2026-01,Remodeling,217,2417,1317,,Within 1 month,medium,medium,routine,False,False,False,False,False,False,False,False,False,False,False,False,False,False,False,True,False,False,True,False,1,2200,10.138248801206228,0,0,0
job_000406,Chimney,Chimney,56273,2026-03,Chimney,242,1888,1065,,As soon as possible,medium,medium,routine,False,True,False,False,False,False,False,False,False,False,False,False,False,False,False,False,False,False,False,False,3,1646,6.80165286445598,0,0,0
job_000407,Landscaping,Landscaping,22087,2026-01,Landscaping,170,1515,842,,As soon as possible,medium,medium,routine,False,False,False,False,False,False,False,False,False,True,False,False,False,False,False,False,False,False,False,False,1,1345,7.911764659342561,1,0,0
job_000408,Cleaning,Window Washing,76813,2026-01,Carpet cleaning entire house,96,1223,659,,Within 1-2 weeks,medium,medium,routine,False,False,True,False,False,False,False,False,False,False,False,False,False,False,False,False,False,False,False,True,1,1127,11.739583211046009,1,0,0
job_000409,Electrical,Lighting,91508,2026-04,Install new outlets in kitchen,150,1710,930,787.0,Within 1 month,medium,medium,routine,False,False,False,True,False,False,False,False,False,False,False,False,False,False,False,False,False,False,True,False,4,1560,10.399999930666667,1,0,0
job_000410,Remodeling,Remodeling,58032,2026-01,Remodeling,215,2483,1349,,Within 1 month,medium,medium,routine,False,False,False,False,False,False,False,False,False,False,False,False,False,False,False,True,False,False,True,False,1,2268,10.548837160237968,0,0,0
job_000411,Electrical,Wiring,81489,2026-01,Replace light switches,125,1581,853,,As soon as possible,medium,medium,routine,False,False,False,True,False,False,False,False,False,False,False,False,False,False,False,False,False,False,False,False,1,1456,11.647999906816,1,0,0
job_000412,Plumbing,Fixture Installation,12238,2026-02,Clear clogged drain,82,1369,725,,Within 1-2 weeks,medium,medium,routine,False,False,False,False,False,False,False,False,False,False,False,False,False,True,False,False,False,False,False,True,2,1287,15.695121759815589,1,0,0
job_000413,Flooring,Flooring,28958,2026-02,Flooring,160,1878,1019,,As soon as possible,medium,medium,routine,False,False,False,False,False,True,False,False,False,False,False,False,False,False,False,False,False,False,False,False,2,1718,10.737499932890625,0,0,0
job_000414,Auto,Auto,45012,2026-03,Auto,236,1645,940,,Within 1 month,medium,medium,routine,True,False,False,False,False,False,False,False,False,False,False,False,False,False,False,False,False,False,True,False,3,1409,5.970338957752801,0,0,0
job_000415,Pool,Pool,93819,2026-01,Pool,169,1984,1076,,I'm flexible,medium,medium,routine,False,False,False,False,False,False,False,False,False,False,False,False,False,False,True,False,False,True,False,False,1,1815,10.739644906866006,0,0,0
job_000416,Chimney,Chimney,88554,2026-03,Chimney,178,2328,1253,,Within 1-2 weeks,medium,medium,routine,False,True,False,False,False,False,False,False,False,False,False,False,False,False,False,False,False,False,False,True,3,2150,12.078651617535666,0,0,0
job_000417,Pool,Pool,76371,2026-04,Pool,173,2101,1137,,I'm flexible,medium,medium,routine,False,False,False,False,False,False,False,False,False,False,False,False,False,False,True,False,False,True,False,False,4,1928,11.144508606101107,0,0,0
job_000418,Roofing,Roofing,35547,2026-03,Roofing,219,1589,904,,As soon as possible,medium,medium,routine,False,False,False,False,False,False,False,False,False,False,False,False,False,False,False,False,True,False,False,False,3,1370,6.255707733992202,0,0,0
job_000419,Appliance Repair,Appliance Repair,10298,2026-02,Appliance Repair,242,1802,1022,,As soon as possible,medium,medium,routine,False,False,False,False,False,False,False,False,False,False,False,False,False,False,False,False,False,False,False,False,2,1560,6.446280965098013,0,0,0
job_000420,Flooring,Flooring,66560,2026-03,Flooring,162,1630,896,,Within 1-2 weeks,medium,medium,routine,False,False,False,False,False,True,False,False,False,False,False,False,False,False,False,False,False,False,False,True,3,1468,9.061728339125134,0,0,0
job_000421,Flooring,Flooring,20215,2026-02,Flooring,187,1908,1047,,Within 1 month,medium,medium,routine,False,False,False,False,False,True,False,False,False,False,False,False,False,False,False,False,False,False,True,False,2,1721,9.203208506934715,0,0,0
job_000422,General Contractor,General Contractor,79245,2026-01,General Contractor,1223,9795,5509,,As soon as possible,medium,medium,routine,False,False,False,False,False,False,True,False,False,False,False,False,False,False,False,False,False,False,False,False,1,8572,7.008994270638597,0,0,1
job_000423,Pool,Pool,82128,2026-04,Pool,172,2147,1159,,Within 1 month,medium,medium,routine,False,False,False,False,False,False,False,False,False,False,False,False,False,False,True,False,False,False,True,False,4,1975,11.482558072775825,0,0,0
job_000424,Landscaping,Landscaping,51561,2026-01,Landscaping,166,1166,666,,I'm flexible,medium,medium,routine,False,False,False,False,False,False,False,False,False,True,False,False,False,False,False,False,False,True,False,False,1,1000,6.0240963492524315,1,0,0
job_000425,Handyman,Handyman,71704,2026-02,Handyman,83,495,289,,Within 1-2 weeks,medium,medium,routine,False,False,False,False,False,False,False,False,True,False,False,False,False,False,False,False,False,False,False,True,2,412,4.963855361881261,1,0,0
job_000426,Auto,Auto,17321,2026-01,Auto,170,1555,862,,As soon as possible,medium,medium,routine,True,False,False,False,False,False,False,False,False,False,False,False,False,False,False,False,False,False,False,False,1,1385,8.147058775605537,0,0,0
job_000427,Painting,Interior,64807,2026-04,Paint interior bedroom walls,316,2120,1218,,Within 1 month,medium,medium,routine,False,False,False,False,False,False,False,False,False,False,False,True,False,False,False,False,False,False,True,False,4,1804,5.708860741427656,0,0,0
job_000428,Electrical,Panel Upgrade,74174,2026-02,Replace light switches,153,2347,1250,,Within 1 month,medium,medium,routine,False,False,False,True,False,False,False,False,False,False,False,False,False,False,False,False,False,False,True,False,2,2194,14.339869187321117,1,0,0
job_000429,Auto,Auto,82440,2026-03,Auto,164,1601,882,,Within 1-2 weeks,medium,medium,routine,True,False,False,False,False,False,False,False,False,False,False,False,False,False,False,False,False,False,False,True,3,1437,8.762195068523202,0,0,0
job_000430,Appliance Repair,Appliance Repair,95663,2026-04,Appliance Repair,177,2152,1164,,I'm flexible,medium,medium,routine,False,False,False,False,False,False,False,False,False,False,False,False,False,False,False,False,False,True,False,False,4,1975,11.158192027354847,0,0,0
job_000431,Handyman,Handyman,95663,2026-02,Handyman,66,538,302,,Within 1 month,medium,medium,routine,False,False,False,False,False,False,False,False,True,False,False,False,False,False,False,False,False,False,True,False,2,472,7.151515043158863,1,0,0
job_000432,HVAC,Thermostat,24467,2026-03,Install new thermostat,224,2487,1355,,I'm flexible,medium,medium,routine,False,False,False,False,False,False,False,True,False,False,False,False,False,False,False,False,False,True,False,False,3,2263,10.102678526327328,1,0,0
job_000433,Remodeling,Remodeling,11037,2026-04,Remodeling,233,1949,1091,,I'm flexible,medium,medium,routine,False,False,False,False,False,False,False,False,False,False,False,False,False,False,False,True,False,True,False,False,4,1716,7.364806835344177,0,0,0
job_000434,Chimney,Chimney,59204,2026-02,Chimney,213,2086,1149,,Within 1 month,medium,medium,routine,False,True,False,False,False,False,False,False,False,False,False,False,False,False,False,False,False,False,True,False,2,1873,8.793427188763253,0,0,0
job_000435,Remodeling,Remodeling,16692,2026-03,Remodeling,248,2046,1147,,Within 1 month,medium,medium,routine,False,False,False,False,False,False,False,False,False,False,False,False,False,False,False,True,False,False,True,False,3,1798,7.24999997076613,0,0,0
job_000436,General Contractor,General Contractor,91573,2026-01,General Contractor,1133,10242,5687,,As soon as possible,medium,medium,routine,False,False,False,False,False,False,True,False,False,False,False,False,False,False,False,False,False,False,False,False,1,9109,8.039717556893452,0,0,1
job_000437,General Contractor,General Contractor,35002,2026-04,General Contractor,1206,10025,5615,,I'm flexible,medium,medium,routine,False,False,False,False,False,False,True,False,False,False,False,False,False,False,False,False,False,True,False,False,4,8819,7.312603642361024,0,0,1
job_000438,Appliance Repair,Appliance Repair,26222,2026-01,Appliance Repair,245,1848,1046,,As soon as possible,medium,medium,routine,False,False,False,False,False,False,False,False,False,False,False,False,False,False,False,False,False,False,False,False,1,1603,6.542857116151604,0,0,0
job_000439,Flooring,Flooring,60484,2026-01,Flooring,179,2333,1256,,Within 1-2 weeks,medium,medium,routine,False,False,False,False,False,True,False,False,False,False,False,False,False,False,False,False,False,False,False,True,1,2154,12.03351948584626,0,0,0
job_000440,Chimney,Chimney,24962,2026-03,Chimney,183,2492,1337,,As soon as possible,medium,medium,routine,False,True,False,False,False,False,False,False,False,False,False,False,False,False,False,False,False,False,False,False,3,2309,12.617486269849802,0,0,0
job_000441,Exterior,Exterior,93871,2026-03,Exterior,454,3469,1961,,I'm flexible,medium,medium,routine,False,False,False,False,True,False,False,False,False,False,False,False,False,False,False,False,False,True,False,False,3,3015,6.640969148367909,1,0,0
job_000442,General Contractor,General Contractor,72577,2026-04,General Contractor,881,11463,6172,,As soon as possible,medium,medium,routine,False,False,False,False,False,False,True,False,False,False,False,False,False,False,False,False,False,False,False,False,4,10582,12.011350724164188,0,0,1
job_000443,Chimney,Chimney,17490,2026-02,Chimney,158,1841,999,,As soon as possible,medium,medium,routine,False,True,False,False,False,False,False,False,False,False,False,False,False,False,False,False,False,False,False,False,2,1683,10.651898666760134,0,0,0
job_000444,Chimney,Chimney,22643,2026-02,Chimney,200,2401,1300,,Within 1-2 weeks,medium,medium,routine,False,True,False,False,False,False,False,False,False,False,False,False,False,False,False,False,False,False,False,True,2,2201,11.004999944975001,0,0,0
job_000445,Landscaping,Landscaping,72398,2026-01,Landscaping,163,1733,948,,Within 1 month,medium,medium,routine,False,False,False,False,False,False,False,False,False,True,False,False,False,False,False,False,False,False,True,False,1,1570,9.631901781399376,1,0,0
job_000446,Painting,Cabinet,37309,2026-01,Trim painting,360,2253,1306,,As soon as possible,medium,medium,routine,False,False,False,False,False,False,False,False,False,False,False,True,False,False,False,False,False,False,False,False,1,1893,5.2583333187268515,0,0,0
job_000447,General Contractor,General Contractor,51107,2026-01,General Contractor,864,9414,5139,,Within 1-2 weeks,medium,medium,routine,False,False,False,False,False,False,True,False,False,False,False,False,False,False,False,False,False,False,False,True,1,8550,9.895833321879822,0,0,1
job_000448,Plumbing,Drain Cleaning,69428,2026-01,Replace kitchen sink shutoff valve (you supply valve),124,1456,790,,Within 1 month,medium,medium,routine,False,False,False,False,False,False,False,False,False,False,False,False,False,True,False,False,False,False,True,False,1,1332,10.741935397242457,1,0,0
job_000449,Pest Control,General,79074,2026-02,"Bed bug heat treatment, 2BR apartment",338,1826,1082,,Within 1-2 weeks,medium,medium,routine,False,False,False,False,False,False,False,False,False,False,False,False,True,False,False,False,False,False,False,True,2,1488,4.402366850880571,0,0,0
job_000450,Appliance Repair,Appliance Repair,77016,2026-01,Appliance Repair,180,2373,1276,,I'm flexible,medium,medium,routine,False,False,False,False,False,False,False,False,False,False,False,False,False,False,False,False,False,True,False,False,1,2193,12.183333265648148,0,0,0
job_000451,Handyman,Handyman,62650,2026-01,Handyman,92,479,285,,Within 1 month,medium,medium,routine,False,False,False,False,False,False,False,False,True,False,False,False,False,False,False,False,False,False,True,False,1,387,4.206521693407373,1,0,0
job_000452,Chimney,Chimney,74875,2026-01,Chimney,248,1833,1040,,Within 1-2 weeks,medium,medium,routine,False,True,False,False,False,False,False,False,False,False,False,False,False,False,False,False,False,False,False,True,1,1585,6.391129006487383,0,0,0
job_000453,Cleaning,Carpet Cleaning,10947,2026-04,Carpet cleaning entire house,119,774,446,,I'm flexible,medium,medium,routine,False,False,True,False,False,False,False,False,False,False,False,False,False,False,False,False,False,True,False,False,4,655,5.504201634418473,1,0,0
job_000454,Cleaning,Window Washing,28958,2026-02,"Exterior window wash, 2-story, 20 windows",96,899,497,,I'm flexible,medium,medium,routine,False,False,True,False,False,False,False,False,False,False,False,False,False,False,False,False,False,True,False,False,2,803,8.364583246202258,1,0,0
job_000455,Painting,Cabinet,51561,2026-02,Trim painting,281,2437,1359,,Within 1 month,medium,medium,routine,False,False,False,False,False,False,False,False,False,False,False,True,False,False,False,False,False,False,True,False,2,2156,7.672597837464065,0,0,0
job_000456,Pool,Pool,79473,2026-02,Pool,228,1724,976,,As soon as possible,medium,medium,routine,False,False,False,False,False,False,False,False,False,False,False,False,False,False,True,False,False,False,False,False,2,1496,6.561403479993844,0,0,0
job_000457,Plumbing,Drain Cleaning,24727,2026-02,Clear clogged drain,105,1749,927,,I'm flexible,medium,medium,routine,False,False,False,False,False,False,False,False,False,False,False,False,False,True,False,False,False,True,False,False,2,1644,15.657142708027212,1,0,0
job_000458,Remodeling,Remodeling,65478,2026-03,Remodeling,239,1748,993,,Within 1 month,medium,medium,routine,False,False,False,False,False,False,False,False,False,False,False,False,False,False,False,True,False,False,True,False,3,1509,6.313807504963148,0,0,0
job_000459,Appliance Repair,Appliance Repair,54317,2026-02,Appliance Repair,205,1944,1074,,As soon as possible,medium,medium,routine,False,False,False,False,False,False,False,False,False,False,False,False,False,False,False,False,False,False,False,False,2,1739,8.482926787888163,0,0,0
job_000460,Landscaping,Landscaping,25675,2026-03,Landscaping,159,1723,941,,As soon as possible,medium,medium,routine,False,False,False,False,False,False,False,False,False,True,False,False,False,False,False,False,False,False,False,False,3,1564,9.836477925556743,1,0,0
job_000461,Auto,Auto,16726,2026-01,Auto,170,1870,1020,,Within 1 month,medium,medium,routine,True,False,False,False,False,False,False,False,False,False,False,False,False,False,False,False,False,False,True,False,1,1700,9.99999994117647,0,0,0
job_000462,Exterior,Exterior,93914,2026-03,Exterior,534,3090,1812,,Within 1-2 weeks,medium,medium,routine,False,False,False,False,True,False,False,False,False,False,False,False,False,False,False,False,False,False,False,True,3,2556,4.78651684496907,1,0,0
job_000463,Moving,Moving,47653,2026-03,Moving,213,2071,1142,,Within 1-2 weeks,medium,medium,routine,False,False,False,False,False,False,False,False,False,False,True,False,False,False,False,False,False,False,False,True,3,1858,8.723004653882608,0,0,0
job_000464,Pest Control,Bed Bugs,22175,2026-03,Termite inspection and treatment,318,1578,948,,Within 1-2 weeks,medium,medium,routine,False,False,False,False,False,False,False,False,False,False,False,False,True,False,False,False,False,False,False,True,3,1260,3.9622641384834463,0,0,0
job_000465,Electrical,Outlet Installation,76868,2026-04,Install ceiling fan,116,1948,1032,,As soon as possible,medium,medium,routine,False,False,False,True,False,False,False,False,False,False,False,False,False,False,False,False,False,False,False,False,4,1832,15.79310331212842,1,0,0
job_000466,HVAC,Ductwork,12007,2026-02,Install new thermostat,199,2285,1242,,Within 1 month,medium,medium,routine,False,False,False,False,False,False,False,True,False,False,False,False,False,False,False,False,False,False,True,False,2,2086,10.48241200762607,1,0,0
job_000467,Remodeling,Remodeling,23169,2026-02,Remodeling,169,1941,1055,,Within 1 month,medium,medium,routine,False,False,False,False,False,False,False,False,False,False,False,False,False,False,False,True,False,False,True,False,2,1772,10.48520703854907,0,0,0
job_000468,General Contractor,General Contractor,10232,2026-02,General Contractor,1147,8035,4591,,Within 1 month,medium,medium,routine,False,False,False,False,False,False,True,False,False,False,False,False,False,False,False,False,False,False,True,False,2,6888,6.005231032253503,0,0,1
job_000469,Flooring,Flooring,14773,2026-03,Flooring,219,1776,997,,As soon as possible,medium,medium,routine,False,False,False,False,False,True,False,False,False,False,False,False,False,False,False,False,False,False,False,False,3,1557,7.109589008632014,0,0,0
job_000470,Landscaping,Landscaping,34933,2026-02,Landscaping,239,1160,699,,I'm flexible,medium,medium,routine,False,False,False,False,False,False,False,False,False,True,False,False,False,False,False,False,False,True,False,False,2,921,3.8535564692319815,1,0,0
job_000471,Appliance Repair,Appliance Repair,18476,2026-02,Appliance Repair,182,1941,1061,,As soon as possible,medium,medium,routine,False,False,False,False,False,False,False,False,False,False,False,False,False,False,False,False,False,False,False,False,2,1759,9.664835111731675,0,0,0
job_000472,Chimney,Chimney,88408,2026-03,Chimney,185,2359,1272,,Within 1 month,medium,medium,routine,False,True,False,False,False,False,False,False,False,False,False,False,False,False,False,False,False,False,True,False,3,2174,11.751351287830534,0,0,0
job_000473,Pest Control,Rodents,62036,2026-01,General pest control service,273,1965,1119,,As soon as possible,medium,medium,routine,False,False,False,False,False,False,False,False,False,False,False,False,True,False,False,False,False,False,False,False,1,1692,6.197802175099626,0,0,0
job_000474,Pest Control,Rodents,19248,2026-03,Rodent control and sealing,365,1951,1158,,Within 1-2 weeks,medium,medium,routine,False,False,False,False,False,False,False,False,False,False,False,False,True,False,False,False,False,False,False,True,3,1586,4.345205467547382,0,0,0
job_000475,Moving,Moving,90777,2026-02,Moving,215,2171,1193,,Within 1-2 weeks,medium,medium,routine,False,False,False,False,False,False,False,False,False,False,True,False,False,False,False,False,False,False,False,True,2,1956,9.097674376289886,0,0,0
job_000476,Chimney,Chimney,54841,2026-04,Chimney,222,1979,1100,,As soon as possible,medium,medium,routine,False,True,False,False,False,False,False,False,False,False,False,False,False,False,False,False,False,False,False,False,4,1757,7.914414378763899,0,0,0
job_000477,Pest Control,General,54840,2026-02,"Bed bug heat treatment, 2BR apartment",323,2191,1257,,As soon as possible,medium,medium,routine,False,False,False,False,False,False,False,False,False,False,False,False,True,False,False,False,False,False,False,False,2,1868,5.783281715841233,0,0,0
job_000478,Electrical,Lighting,93341,2026-02,Install new outlets in kitchen,154,2448,1301,,Within 1 month,medium,medium,routine,False,False,False,True,False,False,False,False,False,False,False,False,False,False,False,False,False,False,True,False,2,2294,14.89610379937595,1,0,0
job_000479,Pest Control,Bed Bugs,20829,2026-02,General pest control service,323,1598,960,,I'm flexible,medium,medium,routine,False,False,False,False,False,False,False,False,False,False,False,False,True,False,False,False,False,True,False,False,2,1275,3.947368408831677,0,0,0
job_000480,Electrical,Wiring,29409,2026-02,Install new outlets in kitchen,182,1979,1080,,As soon as possible,medium,medium,routine,False,False,False,True,False,False,False,False,False,False,False,False,False,False,False,False,False,False,False,False,2,1797,9.87362631937568,1,0,0
job_000481,Painting,Cabinet,93871,2026-01,Cabinet refinishing,313,2146,1229,,I'm flexible,medium,medium,routine,False,False,False,False,False,False,False,False,False,False,False,True,False,False,False,False,False,True,False,False,1,1833,5.856230013238882,0,0,0
job_000482,Electrical,Outlet Installation,34482,2026-01,Replace light switches,179,2320,1249,,As soon as possible,medium,medium,routine,False,False,False,True,False,False,False,False,False,False,False,False,False,False,False,False,False,False,False,False,1,2141,11.960893787927969,1,0,0
job_000483,Appliance Repair,Appliance Repair,74305,2026-02,Appliance Repair,178,1561,869,,Within 1-2 weeks,medium,medium,routine,False,False,False,False,False,False,False,False,False,False,False,False,False,False,False,False,False,False,False,True,2,1383,7.769662877698523,0,0,0
job_000484,Cleaning,Carpet Cleaning,65514,2026-04,Window washing service,81,1247,664,,As soon as possible,medium,medium,routine,False,False,True,False,False,False,False,False,False,False,False,False,False,False,False,False,False,False,False,False,4,1166,14.395061550678253,1,0,0
job_000485,Auto,Auto,82658,2026-03,Auto,245,2136,1190,,Within 1 month,medium,medium,routine,True,False,False,False,False,False,False,False,False,False,False,False,False,False,False,False,False,False,True,False,3,1891,7.718367315435236,0,0,0
job_000486,Painting,Exterior,57840,2026-03,Cabinet refinishing,240,2065,1152,,Within 1-2 weeks,medium,medium,routine,False,False,False,False,False,False,False,False,False,False,False,True,False,False,False,False,False,False,False,True,3,1825,7.604166634982639,0,0,0
job_000487,HVAC,AC Repair,66789,2026-01,Clean ductwork,208,2374,1291,,Within 1-2 weeks,medium,medium,routine,False,False,False,False,False,False,False,True,False,False,False,False,False,False,False,False,False,False,False,True,1,2166,10.41346148839682,1,0,0
job_000488,Pool,Pool,57916,2026-02,Pool,174,2245,1209,,I'm flexible,medium,medium,routine,False,False,False,False,False,False,False,False,False,False,False,False,False,False,True,False,False,True,False,False,2,2071,11.902298782170696,0,0,0
job_000489,Chimney,Chimney,25798,2026-02,Chimney,161,1727,944,,Within 1 month,medium,medium,routine,False,True,False,False,False,False,False,False,False,False,False,False,False,False,False,False,False,False,True,False,2,1566,9.726708014119826,0,0,0
job_000490,Pest Control,Rodents,52372,2026-02,Rodent control and sealing,373,2081,1227,,Within 1-2 weeks,medium,medium,routine,False,False,False,False,False,False,False,False,False,False,False,False,True,False,False,False,False,False,False,True,2,1708,4.579088459573489,0,0,0
job_000491,Pest Control,Termites,75507,2026-04,"Bed bug heat treatment, 2BR apartment",243,2467,1355,,I'm flexible,medium,medium,routine,False,False,False,False,False,False,False,False,False,False,False,False,True,False,False,False,False,True,False,False,4,2224,9.152263336821962,0,0,0
job_000492,Remodeling,Remodeling,18341,2026-01,Remodeling,240,2338,1289,,Within 1 month,medium,medium,routine,False,False,False,False,False,False,False,False,False,False,False,False,False,False,False,True,False,False,True,False,1,2098,8.741666630243056,0,0,0
job_000493,Pool,Pool,13645,2026-02,Pool,239,1965,1102,,I'm flexible,medium,medium,routine,False,False,False,False,False,False,False,False,False,False,False,False,False,False,True,False,False,True,False,False,2,1726,7.221757291959174,0,0,0
job_000494,Plumbing,Leak Repair,43985,2026-04,Replace kitchen sink shutoff valve (you supply valve),76,1247,661,,As soon as possible,medium,medium,routine,False,False,False,False,False,False,False,False,False,False,False,False,False,True,False,False,False,False,False,False,4,1171,15.407894534106651,1,0,0
job_000495,Moving,Moving,35002,2026-04,Moving,183,1645,914,,I'm flexible,medium,medium,routine,False,False,False,False,False,False,False,False,False,False,True,False,False,False,False,False,False,True,False,False,4,1462,7.989070994595241,0,0,0
job_000496,General Contractor,General Contractor,37954,2026-01,General Contractor,1128,7951,4539,,As soon as possible,medium,medium,routine,False,False,False,False,False,False,True,False,False,False,False,False,False,False,False,False,False,False,False,False,1,6823,6.048758859885852,0,0,1
job_000497,Pool,Pool,23654,2026-02,Pool,152,2369,1260,,As soon as possible,medium,medium,routine,False,False,False,False,False,False,False,False,False,False,False,False,False,False,True,False,False,False,False,False,2,2217,14.585526219832065,0,0,0
job_000498,General Contractor,General Contractor,28951,2026-03,General Contractor,1129,10336,5732,,As soon as possible,medium,medium,routine,False,False,False,False,False,False,True,False,False,False,False,False,False,False,False,False,False,False,False,False,3,9207,8.155004421474752,0,0,1
job_000499,Landscaping,Landscaping,90112,2026-04,Landscaping,169,1804,986,,Within 1 month,medium,medium,routine,False,False,False,False,False,False,False,False,False,True,False,False,False,False,False,False,False,False,True,False,4,1635,9.674556155771857,1,0,0
job_000500,Moving,Moving,72252,2026-02,Moving,245,1842,1043,,I'm flexible,medium,medium,routine,False,False,False,False,False,False,False,False,False,False,True,False,False,False,False,False,False,True,False,False,2,1597,6.518367320333195,0,0,0
job_000501,Pool,Pool,87673,2026-03,Pool,181,1898,1039,,As soon as possible,medium,medium,routine,False,False,False,False,False,False,False,False,False,False,False,False,False,False,True,False,False,False,False,False,3,1717,9.48618779289399,0,0,0
job_000502,Flooring,Flooring,82551,2026-03,Flooring,208,2369,1288,,I'm flexible,medium,medium,routine,False,False,False,False,False,True,False,False,False,False,False,False,False,False,False,False,False,True,False,False,3,2161,10.389423026973928,0,0,0
job_000503,Pest Control,General,97219,2026-03,Rodent control and sealing,269,1744,1006,,I'm flexible,medium,medium,routine,False,False,False,False,False,False,False,False,False,False,False,False,True,False,False,False,False,True,False,False,3,1475,5.483271355080776,0,0,0
job_000504,General Contractor,General Contractor,91570,2026-02,General Contractor,1238,8950,5094,,Within 1-2 weeks,medium,medium,routine,False,False,False,False,False,False,True,False,False,False,False,False,False,False,False,False,False,False,False,True,2,7712,6.229402256680611,0,0,1
job_000505,Pest Control,Bed Bugs,27765,2026-04,General pest control service,287,1564,925,,As soon as possible,medium,medium,routine,False,False,False,False,False,False,False,False,False,False,False,False,True,False,False,False,False,False,False,False,4,1277,4.449477336412971,0,0,0
job_000506,Plumbing,Water Heater Replacement,14708,2026-03,Fix leaking bathroom faucet,99,1394,746,,Within 1-2 weeks,medium,medium,routine,False,False,False,False,False,False,False,False,False,False,False,False,False,True,False,False,False,False,False,True,3,1295,13.080807948678707,1,0,0
job_000507,Landscaping,Landscaping,64807,2026-02,Landscaping,161,1819,990,,Within 1 month,medium,medium,routine,False,False,False,False,False,False,False,False,False,True,False,False,False,False,False,False,False,False,True,False,2,1658,10.298136581999152,1,0,0
job_000508,Exterior,Exterior,82583,2026-01,Exterior,482,3124,1803,,Within 1 month,medium,medium,routine,False,False,False,False,True,False,False,False,False,False,False,False,False,False,False,False,False,False,True,False,1,2642,5.4813277894578265,1,0,0
job_000509,Remodeling,Remodeling,36654,2026-01,Remodeling,166,2454,1310,,Within 1-2 weeks,medium,medium,routine,False,False,False,False,False,False,False,False,False,False,False,False,False,False,False,True,False,False,False,True,1,2288,13.783132447089564,0,0,0
job_000510,Painting,Cabinet,43046,2026-02,Trim painting,257,3098,1677,,As soon as possible,medium,medium,routine,False,False,False,False,False,False,False,False,False,False,False,True,False,False,False,False,False,False,False,False,2,2841,11.054474665157686,0,0,0
job_000511,Landscaping,Landscaping,45206,2026-04,Landscaping,190,1624,907,,As soon as possible,medium,medium,routine,False,False,False,False,False,False,False,False,False,True,False,False,False,False,False,False,False,False,False,False,4,1434,7.54736838132964,1,0,0
job_000512,Auto,Auto,83780,2026-01,Auto,196,1533,864,,I'm flexible,medium,medium,routine,True,False,False,False,False,False,False,False,False,False,False,False,False,False,False,False,False,True,False,False,1,1337,6.821428536625365,0,0,0
job_000513,Electrical,Outlet Installation,70136,2026-03,Install ceiling fan,167,1592,879,,Within 1-2 weeks,medium,medium,routine,False,False,False,True,False,False,False,False,False,False,False,False,False,False,False,False,False,False,False,True,3,1425,8.532934080641114,1,0,0
job_000514,Cleaning,Carpet Cleaning,66481,2026-02,Carpet cleaning entire house,109,1048,578,,As soon as possible,medium,medium,routine,False,False,True,False,False,False,False,False,False,False,False,False,False,False,False,False,False,False,False,False,2,939,8.614678820048818,1,0,0
job_000515,Flooring,Flooring,95127,2026-02,Flooring,219,1742,980,,Within 1-2 weeks,medium,medium,routine,False,False,False,False,False,True,False,False,False,False,False,False,False,False,False,False,False,False,False,True,2,1523,6.954337867788412,0,0,0
job_000516,Moving,Moving,82583,2026-02,Moving,233,1655,944,,As soon as possible,medium,medium,routine,False,False,False,False,False,False,False,False,False,False,True,False,False,False,False,False,False,False,False,False,2,1422,6.103004265652342,0,0,0
job_000517,Flooring,Flooring,91573,2026-02,Flooring,206,2061,1133,,Within 1-2 weeks,medium,medium,routine,False,False,False,False,False,True,False,False,False,False,False,False,False,False,False,False,False,False,False,True,2,1855,9.004854325219155,0,0,0
job_000518,Plumbing,Fixture Installation,86503,2026-04,Clear clogged drain,84,1285,684,,Within 1-2 weeks,medium,medium,routine,False,False,False,False,False,False,False,False,False,False,False,False,False,True,False,False,False,False,False,True,4,1201,14.297618877409299,1,0,0
job_000519,Flooring,Flooring,98187,2026-03,Flooring,164,2128,1146,,Within 1 month,medium,medium,routine,False,False,False,False,False,True,False,False,False,False,False,False,False,False,False,False,False,False,True,False,3,1964,11.97560968307555,0,0,0
job_000520,Flooring,Flooring,54114,2026-02,Flooring,213,2318,1265,,Within 1-2 weeks,medium,medium,routine,False,False,False,False,False,True,False,False,False,False,False,False,False,False,False,False,False,False,False,True,2,2105,9.882629061583902,0,0,0
job_000521,Appliance Repair,Appliance Repair,30178,2026-04,Appliance Repair,231,2196,1213,,Within 1 month,medium,medium,routine,False,False,False,False,False,False,False,False,False,False,False,False,False,False,False,False,False,False,True,False,4,1965,8.50649346966886,0,0,0
job_000522,Plumbing,Fixture Installation,90096,2026-03,Install new water heater,75,1141,608,,I'm flexible,medium,medium,routine,False,False,False,False,False,False,False,False,False,False,False,False,False,True,False,False,False,True,False,False,3,1066,14.213333143822226,1,0,0
job_000523,Roofing,Roofing,80674,2026-02,Roofing,242,2349,1295,,As soon as possible,medium,medium,routine,False,False,False,False,False,False,False,False,False,False,False,False,False,False,False,False,True,False,False,False,2,2107,8.7066115342702,0,0,0
job_000524,Remodeling,Remodeling,27772,2026-03,Remodeling,166,2388,1277,,I'm flexible,medium,medium,routine,False,False,False,False,False,False,False,False,False,False,False,False,False,False,False,True,False,True,False,False,3,2222,13.385542088038903,0,0,0
job_000525,Roofing,Roofing,84649,2026-03,Roofing,193,1972,1082,,Within 1 month,medium,medium,routine,False,False,False,False,False,False,False,False,False,False,False,False,False,False,False,False,True,False,True,False,3,1779,9.21761653255121,0,0,0
job_000526,Roofing,Roofing,84796,2026-04,Roofing,224,2058,1141,,Within 1 month,medium,medium,routine,False,False,False,False,False,False,False,False,False,False,False,False,False,False,False,False,True,False,True,False,4,1834,8.18749996344866,0,0,0
job_000527,Exterior,Exterior,83688,2026-04,Exterior,620,3182,1901,,As soon as possible,medium,medium,routine,False,False,False,False,True,False,False,False,False,False,False,False,False,False,False,False,False,False,False,False,4,2562,4.132258057851197,1,0,0
job_000528,Appliance Repair,Appliance Repair,33071,2026-04,Appliance Repair,152,1778,965,,I'm flexible,medium,medium,routine,False,False,False,False,False,False,False,False,False,False,False,False,False,False,False,False,False,True,False,False,4,1626,10.697368350675209,0,0,0
job_000529,Pest Control,Termites,71616,2026-02,Termite inspection and treatment,250,1990,1120,,Within 1 month,medium,medium,routine,False,False,False,False,False,False,False,False,False,False,False,False,True,False,False,False,False,False,True,False,2,1740,6.95999997216,0,0,0
job_000530,Cleaning,Window Washing,77985,2026-03,Window washing service,86,1091,588,,Within 1 month,medium,medium,routine,False,False,True,False,False,False,False,False,False,False,False,False,False,False,False,False,False,False,True,False,3,1005,11.686046375743647,1,0,0
job_000531,Chimney,Chimney,84872,2026-02,Chimney,245,1545,895,,As soon as possible,medium,medium,routine,False,True,False,False,False,False,False,False,False,False,False,False,False,False,False,False,False,False,False,False,2,1300,5.30612242732195,0,0,0
job_000532,Exterior,Exterior,80165,2026-03,Exterior,456,3078,1767,,As soon as possible,medium,medium,routine,False,False,False,False,True,False,False,False,False,False,False,False,False,False,False,False,False,False,False,False,3,2622,5.749999987390351,1,0,0
job_000533,Moving,Moving,76152,2026-03,Moving,179,1829,1004,,As soon as possible,medium,medium,routine,False,False,False,False,False,False,False,False,False,False,True,False,False,False,False,False,False,False,False,False,3,1650,9.217877043475548,0,0,0
job_000534,Remodeling,Remodeling,14490,2026-03,Remodeling,163,2268,1215,,As soon as possible,medium,medium,routine,False,False,False,False,False,False,False,False,False,False,False,False,False,False,False,True,False,False,False,False,3,2105,12.914110350220183,0,0,0
job_000535,Roofing,Roofing,72577,2026-03,Roofing,185,1845,1015,,I'm flexible,medium,medium,routine,False,False,False,False,False,False,False,False,False,False,False,False,False,False,False,False,True,True,False,False,3,1660,8.972972924470417,0,0,0
job_000536,Appliance Repair,Appliance Repair,49799,2026-01,Appliance Repair,184,2168,1176,,I'm flexible,medium,medium,routine,False,False,False,False,False,False,False,False,False,False,False,False,False,False,False,False,False,True,False,False,1,1984,10.782608637051041,0,0,0
job_000537,Handyman,Handyman,84036,2026-04,Handyman,74,377,225,,Within 1-2 weeks,medium,medium,routine,False,False,False,False,False,False,False,False,True,False,False,False,False,False,False,False,False,False,False,True,4,303,4.0945945392622365,1,0,0
job_000538,Remodeling,Remodeling,65472,2026-02,Remodeling,188,2188,1188,,Within 1-2 weeks,medium,medium,routine,False,False,False,False,False,False,False,False,False,False,False,False,False,False,False,True,False,False,False,True,2,2000,10.638297815753734,0,0,0
job_000539,Pest Control,Rodents,45296,2026-02,Termite inspection and treatment,257,1559,908,,Within 1 month,medium,medium,routine,False,False,False,False,False,False,False,False,False,False,False,False,True,False,False,False,False,False,True,False,2,1302,5.066147840209542,0,0,0
job_000540,Electrical,Lighting,84437,2026-03,Repair faulty electrical panel,143,2211,1177,,Within 1-2 weeks,medium,medium,routine,False,False,False,True,False,False,False,False,False,False,False,False,False,False,False,False,False,False,False,True,3,2068,14.461538360408824,1,0,0
job_000541,HVAC,Thermostat,28801,2026-03,Clean ductwork,178,3682,1930,,Within 1 month,medium,medium,routine,False,False,False,False,False,False,False,True,False,False,False,False,False,False,False,False,False,False,True,False,3,3504,19.68539314783487,1,0,0
job_000542,Landscaping,Landscaping,30528,2026-03,Landscaping,206,1751,978,,Within 1 month,medium,medium,routine,False,False,False,False,False,False,False,False,False,True,False,False,False,False,False,False,False,False,True,False,3,1545,7.499999963592233,1,0,0
job_000543,Cleaning,Carpet Cleaning,73862,2026-02,"Exterior window wash, 2-story, 20 windows",114,1015,564,,Within 1 month,medium,medium,routine,False,False,True,False,False,False,False,False,False,False,False,False,False,False,False,False,False,False,True,False,2,901,7.903508702600801,1,0,0
job_000544,Moving,Moving,36227,2026-03,Moving,194,2343,1268,,As soon as possible,medium,medium,routine,False,False,False,False,False,False,False,False,False,False,True,False,False,False,False,False,False,False,False,False,3,2149,11.07731953052928,0,0,0
job_000545,Handyman,Handyman,62856,2026-04,Handyman,93,591,342,,Within 1-2 weeks,medium,medium,routine,False,False,False,False,False,False,False,False,True,False,False,False,False,False,False,False,False,False,False,True,4,498,5.354838652098509,1,0,0
job_000546,Remodeling,Remodeling,79507,2026-04,Remodeling,186,1984,1085,,As soon as possible,medium,medium,routine,False,False,False,False,False,False,False,False,False,False,False,False,False,False,False,True,False,False,False,False,4,1798,9.666666614695341,0,0,0
job_000547,Exterior,Exterior,44066,2026-03,Exterior,478,2884,1681,,Within 1 month,medium,medium,routine,False,False,False,False,True,False,False,False,False,False,False,False,False,False,False,False,False,False,True,False,3,2406,5.033472792817003,1,0,0
job_000548,Plumbing,Fixture Installation,42749,2026-03,Install new water heater,84,1533,808,,Within 1-2 weeks,medium,medium,routine,False,False,False,False,False,False,False,False,False,False,False,False,False,True,False,False,False,False,False,True,3,1449,17.24999979464286,1,0,0
job_000549,HVAC,Thermostat,88335,2026-03,AC unit repair and maintenance,181,3678,1929,,As soon as possible,medium,medium,routine,False,False,False,False,False,False,False,True,False,False,False,False,False,False,False,False,False,False,False,False,3,3497,19.320441882207504,1,0,0
job_000550,Plumbing,Leak Repair,94576,2026-01,Install new water heater,96,1299,697,,Within 1-2 weeks,medium,medium,routine,False,False,False,False,False,False,False,False,False,False,False,False,False,True,False,False,False,False,False,True,1,1203,12.531249869466148,1,0,0
job_000551,Pest Control,Rodents,90032,2026-04,Termite inspection and treatment,291,1734,1012,,As soon as possible,medium,medium,routine,False,False,False,False,False,False,False,False,False,False,False,False,True,False,False,False,False,False,False,False,4,1443,4.958762869557516,0,0,0
job_000552,Plumbing,Fixture Installation,51528,2026-04,Install new water heater,122,1799,960,,I'm flexible,medium,medium,routine,False,False,False,False,False,False,False,False,False,False,False,False,False,True,False,False,False,True,False,False,4,1677,13.745901526672938,1,0,0
job_000553,Cleaning,General Cleaning,76186,2026-02,Carpet cleaning entire house,86,851,468,,I'm flexible,medium,medium,routine,False,False,True,False,False,False,False,False,False,False,False,False,False,False,False,False,False,True,False,False,2,765,8.895348733775014,1,0,0
job_000554,HVAC,Furnace Maintenance,77220,2026-02,Clean ductwork,238,2339,1288,,I'm flexible,medium,medium,routine,False,False,False,False,False,False,False,True,False,False,False,False,False,False,False,False,False,True,False,False,2,2101,8.827731055345668,1,0,0
job_000555,Plumbing,Fixture Installation,28589,2026-03,Install new water heater,113,1498,805,,Within 1 month,medium,medium,routine,False,False,False,False,False,False,False,False,False,False,False,False,False,True,False,False,False,False,True,False,3,1385,12.256637059675779,1,0,0
job_000556,Pool,Pool,33723,2026-01,Pool,204,2259,1231,,Within 1 month,medium,medium,routine,False,False,False,False,False,False,False,False,False,False,False,False,False,False,True,False,False,False,True,False,1,2055,10.07352936238466,0,0,0
job_000557,Chimney,Chimney,78993,2026-03,Chimney,194,2415,1304,,I'm flexible,medium,medium,routine,False,True,False,False,False,False,False,False,False,False,False,False,False,False,False,False,False,True,False,False,3,2221,11.448453549234776,0,0,0
job_000558,Handyman,Handyman,83366,2026-01,Handyman,69,573,321,,Within 1-2 weeks,medium,medium,routine,False,False,False,False,False,False,False,False,True,False,False,False,False,False,False,False,False,False,False,True,1,504,7.304347720226845,1,0,0
job_000559,Electrical,Wiring,60047,2026-03,Install ceiling fan,180,1672,926,,Within 1 month,medium,medium,routine,False,False,False,True,False,False,False,False,False,False,False,False,False,False,False,False,False,False,True,False,3,1492,8.288888842839507,1,0,0
job_000560,Pest Control,Rodents,81659,2026-03,"Bed bug heat treatment, 2BR apartment",361,2253,1307,,As soon as possible,medium,medium,routine,False,False,False,False,False,False,False,False,False,False,False,False,True,False,False,False,False,False,False,False,3,1892,5.2409972153989,0,0,0
job_000561,Moving,Moving,16941,2026-01,Moving,246,1894,1070,,Within 1 month,medium,medium,routine,False,False,False,False,False,False,False,False,False,False,True,False,False,False,False,False,False,False,True,False,1,1648,6.699186964637452,0,0,0
job_000562,General Contractor,General Contractor,47929,2026-03,General Contractor,855,11542,6198,,As soon as possible,medium,medium,routine,False,False,False,False,False,False,True,False,False,False,False,False,False,False,False,False,False,False,False,False,3,10687,12.499415190059164,0,0,1
job_000563,Moving,Moving,35839,2026-01,Moving,211,1624,917,,As soon as possible,medium,medium,routine,False,False,False,False,False,False,False,False,False,False,True,False,False,False,False,False,False,False,False,False,1,1413,6.696682432717145,0,0,0
job_000564,General Contractor,General Contractor,71687,2026-03,General Contractor,1195,9312,5253,,As soon as possible,medium,medium,routine,False,False,False,False,False,False,True,False,False,False,False,False,False,False,False,False,False,False,False,False,3,8117,6.792468613562787,0,0,1
job_000565,Exterior,Exterior,10298,2026-02,Exterior,472,2916,1694,,Within 1-2 weeks,medium,medium,routine,False,False,False,False,True,False,False,False,False,False,False,False,False,False,False,False,False,False,False,True,2,2444,5.177966090724648,1,0,0
job_000566,Handyman,Handyman,67176,2026-02,Handyman,82,523,302,,As soon as possible,medium,medium,routine,False,False,False,False,False,False,False,False,True,False,False,False,False,False,False,False,False,False,False,False,2,441,5.378048714901845,1,0,0
job_000567,Electrical,Lighting,76813,2026-02,Install new outlets in kitchen,166,2049,1107,,As soon as possible,medium,medium,routine,False,False,False,True,False,False,False,False,False,False,False,False,False,False,False,False,False,False,False,False,2,1883,11.343373425642328,1,0,0
job_000568,Cleaning,General Cleaning,42419,2026-01,Carpet cleaning entire house,95,1080,587,,Within 1-2 weeks,medium,medium,routine,False,False,True,False,False,False,False,False,False,False,False,False,False,False,False,False,False,False,False,True,1,985,10.368420943490307,1,0,0
job_000569,Pest Control,Bed Bugs,25675,2026-04,General pest control service,331,2330,1330,,As soon as possible,medium,medium,routine,False,False,False,False,False,False,False,False,False,False,False,False,True,False,False,False,False,False,False,False,4,1999,6.039274906225756,0,0,0
job_000570,HVAC,Ductwork,39333,2026-04,Furnace service before winter,152,2505,1328,,I'm flexible,medium,medium,routine,False,False,False,False,False,False,False,True,False,False,False,False,False,False,False,False,False,True,False,False,4,2353,15.480263056050902,1,0,0
job_000571,Flooring,Flooring,16921,2026-02,Flooring,166,1948,1057,,As soon as possible,medium,medium,routine,False,False,False,False,False,True,False,False,False,False,False,False,False,False,False,False,False,False,False,False,2,1782,10.734939694367833,0,0,0
job_000572,General Contractor,General Contractor,82274,2026-03,General Contractor,1193,8362,4777,,I'm flexible,medium,medium,routine,False,False,False,False,False,False,True,False,False,False,False,False,False,False,False,False,False,True,False,False,3,7169,6.009220447603335,0,0,1
job_000573,HVAC,AC Repair,22003,2026-04,Install new thermostat,209,3433,1821,,Within 1-2 weeks,medium,medium,routine,False,False,False,False,False,False,False,True,False,False,False,False,False,False,False,False,False,False,False,True,4,3224,15.42583724676633,1,0,0
job_000574,Handyman,Handyman,86692,2026-01,Handyman,56,436,246,,Within 1-2 weeks,medium,medium,routine,False,False,False,False,False,False,False,False,True,False,False,False,False,False,False,False,False,False,False,True,1,380,6.785714164540819,1,0,0
job_000575,HVAC,Furnace Maintenance,32308,2026-02,Furnace service before winter,180,2679,1429,,Within 1-2 weeks,medium,medium,routine,False,False,False,False,False,False,False,True,False,False,False,False,False,False,False,False,False,False,False,True,2,2499,13.883333256203704,1,0,0
job_000576,Chimney,Chimney,47929,2026-04,Chimney,175,2123,1149,,As soon as possible,medium,medium,routine,False,True,False,False,False,False,False,False,False,False,False,False,False,False,False,False,False,False,False,False,4,1948,11.13142850782041,0,0,0
job_000577,General Contractor,General Contractor,10272,2026-01,General Contractor,1033,8603,4818,,I'm flexible,medium,medium,routine,False,False,False,False,False,False,True,False,False,False,False,False,False,False,False,False,False,True,False,False,1,7570,7.328170370447076,0,0,1
job_000578,Painting,Cabinet,27101,2026-03,Exterior house painting,340,2006,1173,,Within 1 month,medium,medium,routine,False,False,False,False,False,False,False,False,False,False,False,True,False,False,False,False,False,False,True,False,3,1666,4.899999985588235,0,0,0
job_000579,Flooring,Flooring,26792,2026-03,Flooring,205,2068,1136,,Within 1 month,medium,medium,routine,False,False,False,False,False,True,False,False,False,False,False,False,False,False,False,False,False,False,True,False,3,1863,9.087804833718025,0,0,0
job_000580,Cleaning,General Cleaning,85337,2026-01,Carpet cleaning entire house,80,778,429,,Within 1-2 weeks,medium,medium,routine,False,False,True,False,False,False,False,False,False,False,False,False,False,False,False,False,False,False,False,True,1,698,8.724999890937502,1,0,0
job_000581,Painting,Cabinet,74809,2026-01,Paint interior bedroom walls,288,2024,1156,,As soon as possible,medium,medium,routine,False,False,False,False,False,False,False,False,False,False,False,True,False,False,False,False,False,False,False,False,1,1736,6.0277777568479936,0,0,0
job_000582,Moving,Moving,79282,2026-03,Moving,174,1852,1013,,Within 1 month,medium,medium,routine,False,False,False,False,False,False,False,False,False,False,True,False,False,False,False,False,False,False,True,False,3,1678,9.643678105496104,0,0,0
job_000583,Auto,Auto,35547,2026-04,Auto,155,2266,1210,,Within 1 month,medium,medium,routine,True,False,False,False,False,False,False,False,False,False,False,False,False,False,False,False,False,False,True,False,4,2111,13.619354750842874,0,0,0
job_000584,Pool,Pool,21519,2026-02,Pool,177,2461,1319,,Within 1-2 weeks,medium,medium,routine,False,False,False,False,False,False,False,False,False,False,False,False,False,False,True,False,False,False,False,True,2,2284,12.903954729356188,0,0,0
job_000585,Auto,Auto,88825,2026-02,Auto,200,2094,1147,,Within 1 month,medium,medium,routine,True,False,False,False,False,False,False,False,False,False,False,False,False,False,False,False,False,False,True,False,2,1894,9.469999952650001,0,0,0
job_000586,Chimney,Chimney,92121,2026-02,Chimney,191,1922,1056,,I'm flexible,medium,medium,routine,False,True,False,False,False,False,False,False,False,False,False,False,False,False,False,False,False,True,False,False,2,1731,9.062827177681534,0,0,0
job_000587,Flooring,Flooring,52870,2026-01,Flooring,205,1730,967,,I'm flexible,medium,medium,routine,False,False,False,False,False,True,False,False,False,False,False,False,False,False,False,False,False,True,False,False,1,1525,7.439024353955979,0,0,0
job_000588,Moving,Moving,36779,2026-01,Moving,222,2275,1248,,Within 1 month,medium,medium,routine,False,False,False,False,False,False,False,False,False,False,True,False,False,False,False,False,False,False,True,False,1,2053,9.247747706091227,0,0,0
job_000589,Electrical,Panel Upgrade,83580,2026-02,Install ceiling fan,154,2175,1164,,As soon as possible,medium,medium,routine,False,False,False,True,False,False,False,False,False,False,False,False,False,False,False,False,False,False,False,False,2,2021,13.123376538159892,1,0,0
job_000590,Pool,Pool,26792,2026-04,Pool,168,2492,1330,,Within 1 month,medium,medium,routine,False,False,False,False,False,False,False,False,False,False,False,False,False,False,True,False,False,False,True,False,4,2324,13.833333250992064,0,0,0
job_000591,Pest Control,Termites,29409,2026-04,Termite inspection and treatment,344,1642,993,,As soon as possible,medium,medium,routine,False,False,False,False,False,False,False,False,False,False,False,False,True,False,False,False,False,False,False,False,4,1298,3.7732558029847216,0,0,0
job_000592,Handyman,Handyman,90279,2026-03,Handyman,87,573,330,,As soon as possible,medium,medium,routine,False,False,False,False,False,False,False,False,True,False,False,False,False,False,False,False,False,False,False,False,3,486,5.586206832342451,1,0,0
job_000593,Moving,Moving,19954,2026-03,Moving,232,1531,881,,As soon as possible,medium,medium,routine,False,False,False,False,False,False,False,False,False,False,True,False,False,False,False,False,False,False,False,False,3,1299,5.599137906900268,0,0,0
job_000594,Plumbing,Water Heater Replacement,21122,2026-03,Fix leaking bathroom faucet,79,1546,812,,Within 1-2 weeks,medium,medium,routine,False,False,False,False,False,False,False,False,False,False,False,False,False,True,False,False,False,False,False,True,3,1467,18.569620018106075,1,0,0
job_000595,Appliance Repair,Appliance Repair,96573,2026-01,Appliance Repair,207,2414,1310,,I'm flexible,medium,medium,routine,False,False,False,False,False,False,False,False,False,False,False,False,False,False,False,False,False,True,False,False,1,2207,10.661835697285818,0,0,0
job_000596,Handyman,Handyman,53891,2026-02,Handyman,66,462,264,,Within 1 month,medium,medium,routine,False,False,False,False,False,False,False,False,True,False,False,False,False,False,False,False,False,False,True,False,2,396,5.999999909090911,1,0,0
job_000597,Painting,Exterior,82551,2026-01,Paint interior bedroom walls,284,2864,1574,,I'm flexible,medium,medium,routine,False,False,False,False,False,False,False,False,False,False,False,True,False,False,False,False,False,True,False,False,1,2580,9.08450701026582,0,0,0
job_000598,Roofing,Roofing,20625,2026-01,Roofing,188,1644,916,,Within 1-2 weeks,medium,medium,routine,False,False,False,False,False,False,False,False,False,False,False,False,False,False,False,False,True,False,False,True,1,1456,7.744680809868719,0,0,0
job_000599,Plumbing,Water Heater Replacement,88650,2026-04,Clear clogged drain,85,1853,969,,I'm flexible,medium,medium,routine,False,False,False,False,False,False,False,False,False,False,False,False,False,True,False,False,False,True,False,False,4,1768,20.79999975529412,1,0,0
job_000600,Landscaping,Landscaping,63935,2026-04,Landscaping,163,1414,788,,As soon as possible,medium,medium,routine,False,False,False,False,False,False,False,False,False,True,False,False,False,False,False,False,False,False,False,False,4,1251,7.674846578681923,1,0,0
job_000601,Pest Control,Bed Bugs,17407,2026-04,Rodent control and sealing,283,2024,1153,,I'm flexible,medium,medium,routine,False,False,False,False,False,False,False,False,False,False,False,False,True,False,False,False,False,True,False,False,4,1741,6.151943441159211,0,0,0
job_000602,Pool,Pool,16808,2026-04,Pool,237,2220,1228,,I'm flexible,medium,medium,routine,False,False,False,False,False,False,False,False,False,False,False,False,False,False,True,False,False,True,False,False,4,1983,8.367088572290765,0,0,0
job_000603,Pest Control,General,64274,2026-02,General pest control service,330,2489,1409,,As soon as possible,medium,medium,routine,False,False,False,False,False,False,False,False,False,False,False,False,True,False,False,False,False,False,False,False,2,2159,6.542424222598714,0,0,0
job_000604,Electrical,Wiring,84602,2026-01,Install ceiling fan,185,1646,915,,Within 1-2 weeks,medium,medium,routine,False,False,False,True,False,False,False,False,False,False,False,False,False,False,False,False,False,False,False,True,1,1461,7.897297254609204,1,0,0
job_000605,General Contractor,General Contractor,66862,2026-03,General Contractor,782,8645,4713,,Within 1-2 weeks,medium,medium,routine,False,False,False,False,False,False,True,False,False,False,False,False,False,False,False,False,False,False,False,True,3,7863,10.054987199418175,0,0,1
job_000606,Pool,Pool,73719,2026-04,Pool,247,2182,1214,,I'm flexible,medium,medium,routine,False,False,False,False,False,False,False,False,False,False,False,False,False,False,True,False,False,True,False,False,4,1935,7.8340080654493605,0,0,0
job_000607,Painting,Interior,67176,2026-03,Trim painting,267,1995,1131,,As soon as possible,medium,medium,routine,False,False,False,False,False,False,False,False,False,False,False,True,False,False,False,False,False,False,False,False,3,1728,6.471910088120187,0,0,0
job_000608,Appliance Repair,Appliance Repair,74151,2026-03,Appliance Repair,176,2312,1244,,As soon as possible,medium,medium,routine,False,False,False,False,False,False,False,False,False,False,False,False,False,False,False,False,False,False,False,False,3,2136,12.136363567407026,0,0,0
job_000609,Electrical,Wiring,30153,2026-03,Install ceiling fan,112,2301,1206,,I'm flexible,medium,medium,routine,False,False,False,True,False,False,False,False,False,False,False,False,False,False,False,False,False,True,False,False,3,2189,19.544642682637118,1,0,0
job_000610,General Contractor,General Contractor,63535,2026-04,General Contractor,1193,8109,4651,,As soon as possible,medium,medium,routine,False,False,False,False,False,False,True,False,False,False,False,False,False,False,False,False,False,False,False,False,4,6916,5.797150037051844,0,0,1
job_000611,Appliance Repair,Appliance Repair,50202,2026-01,Appliance Repair,154,2046,1100,,I'm flexible,medium,medium,routine,False,False,False,False,False,False,False,False,False,False,False,False,False,False,False,False,False,True,False,False,1,1892,12.285714205936921,0,0,0
job_000612,Moving,Moving,67902,2026-04,Moving,248,1511,879,,As soon as possible,medium,medium,routine,False,False,False,False,False,False,False,False,False,False,True,False,False,False,False,False,False,False,False,False,4,1263,5.092741914948621,0,0,0
job_000613,Remodeling,Remodeling,96573,2026-03,Remodeling,246,2033,1139,,Within 1 month,medium,medium,routine,False,False,False,False,False,False,False,False,False,False,False,False,False,False,False,True,False,False,True,False,3,1787,7.264227612747042,0,0,0
job_000614,HVAC,Furnace Maintenance,36701,2026-03,Install new thermostat,249,2920,1584,,I'm flexible,medium,medium,routine,False,False,False,False,False,False,False,True,False,False,False,False,False,False,False,False,False,True,False,False,3,2671,10.726907587442138,1,0,0
job_000615,Remodeling,Remodeling,45296,2026-03,Remodeling,161,2294,1227,,Within 1 month,medium,medium,routine,False,False,False,False,False,False,False,False,False,False,False,False,False,False,False,True,False,False,True,False,3,2133,13.248447122680453,0,0,0
job_000616,Plumbing,Drain Cleaning,30178,2026-03,Install new water heater,120,1502,811,,As soon as possible,medium,medium,routine,False,False,False,False,False,False,False,False,False,False,False,False,False,True,False,False,False,False,False,False,3,1382,11.516666570694445,1,0,0
job_000617,Pool,Pool,23654,2026-02,Pool,220,2345,1282,,As soon as possible,medium,medium,routine,False,False,False,False,False,False,False,False,False,False,False,False,False,False,True,False,False,False,False,False,2,2125,9.65909086518595,0,0,0
job_000618,Chimney,Chimney,42419,2026-01,Chimney,193,1527,860,,I'm flexible,medium,medium,routine,False,True,False,False,False,False,False,False,False,False,False,False,False,False,False,False,False,True,False,False,1,1334,6.911917062632554,0,0,0
job_000619,General Contractor,General Contractor,26792,2026-04,General Contractor,1241,9589,5415,,I'm flexible,medium,medium,routine,False,False,False,False,False,False,True,False,False,False,False,False,False,False,False,False,False,True,False,False,4,8348,6.726833193612543,0,0,1
job_000620,Handyman,Handyman,63390,2026-01,Handyman,61,445,253,,Within 1-2 weeks,medium,medium,routine,False,False,False,False,False,False,False,False,True,False,False,False,False,False,False,False,False,False,False,True,1,384,6.295081864015052,1,0,0
job_000621,Painting,Cabinet,93473,2026-03,Cabinet refinishing,308,2992,1650,,I'm flexible,medium,medium,routine,False,False,False,False,False,False,False,False,False,False,False,True,False,False,False,False,False,True,False,False,3,2684,8.714285685992579,0,0,0
job_000622,Roofing,Roofing,56266,2026-03,Roofing,231,1610,920,,I'm flexible,medium,medium,routine,False,False,False,False,False,False,False,False,False,False,False,False,False,False,False,False,True,True,False,False,3,1379,5.969696943854125,0,0,0
job_000623,Pool,Pool,57259,2026-02,Pool,151,1841,996,,Within 1-2 weeks,medium,medium,routine,False,False,False,False,False,False,False,False,False,False,False,False,False,False,True,False,False,False,False,True,2,1690,11.192052906012895,0,0,0
job_000624,General Contractor,General Contractor,33071,2026-03,General Contractor,782,12436,6609,,Within 1 month,medium,medium,routine,False,False,False,False,False,False,True,False,False,False,False,False,False,False,False,False,False,False,True,False,3,11654,14.902813280175431,0,0,1
job_000625,Roofing,Roofing,83766,2026-04,Roofing,248,2466,1357,,Within 1-2 weeks,medium,medium,routine,False,False,False,False,False,False,False,False,False,False,False,False,False,False,False,False,True,False,False,True,4,2218,8.94354835103408,0,0,0
job_000626,Auto,Auto,88291,2026-02,Auto,210,2222,1216,,Within 1 month,medium,medium,routine,True,False,False,False,False,False,False,False,False,False,False,False,False,False,False,False,False,False,True,False,2,2012,9.5809523353288,0,0,0
job_000627,Electrical,Outlet Installation,19480,2026-01,Replace light switches,181,1879,1030,,I'm flexible,medium,medium,routine,False,False,False,True,False,False,False,False,False,False,False,False,False,False,False,False,False,True,False,False,1,1698,9.38121541778334,1,0,0
job_000628,Cleaning,General Cleaning,96922,2026-03,Carpet cleaning entire house,87,1055,571,,I'm flexible,medium,medium,routine,False,False,True,False,False,False,False,False,False,False,False,False,False,False,False,False,False,True,False,False,3,968,11.12643665371912,1,0,0
job_000629,Flooring,Flooring,62856,2026-04,Flooring,207,1928,1067,,I'm flexible,medium,medium,routine,False,False,False,False,False,True,False,False,False,False,False,False,False,False,False,False,False,True,False,False,4,1721,8.31400962167145,0,0,0
job_000630,Exterior,Exterior,33928,2026-04,Exterior,504,2404,1454,,I'm flexible,medium,medium,routine,False,False,False,False,True,False,False,False,False,False,False,False,False,False,False,False,False,True,False,False,4,1900,3.769841262361426,1,0,0
job_000631,HVAC,Furnace Maintenance,71776,2026-02,AC unit repair and maintenance,218,2855,1536,,Within 1-2 weeks,medium,medium,routine,False,False,False,False,False,False,False,True,False,False,False,False,False,False,False,False,False,False,False,True,2,2637,12.096330219741604,1,0,0
job_000632,Flooring,Flooring,15253,2026-04,Flooring,226,1657,941,,Within 1 month,medium,medium,routine,False,False,False,False,False,True,False,False,False,False,False,False,False,False,False,False,False,False,True,False,4,1431,6.331858379062574,0,0,0
job_000633,Painting,Exterior,47269,2026-03,Cabinet refinishing,265,1991,1128,,As soon as possible,medium,medium,routine,False,False,False,False,False,False,False,False,False,False,False,True,False,False,False,False,False,False,False,False,3,1726,6.51320752259167,0,0,0
job_000634,Flooring,Flooring,75478,2026-03,Flooring,192,1863,1027,,Within 1-2 weeks,medium,medium,routine,False,False,False,False,False,True,False,False,False,False,False,False,False,False,False,False,False,False,False,True,3,1671,8.703124954671225,0,0,0
job_000635,HVAC,Furnace Maintenance,42139,2026-03,Clean ductwork,163,3518,1840,,As soon as possible,medium,medium,routine,False,False,False,False,False,False,False,True,False,False,False,False,False,False,False,False,False,False,False,False,3,3355,20.582821959614588,1,0,0
job_000636,Exterior,Exterior,65505,2026-02,Exterior,457,3391,1924,,I'm flexible,medium,medium,routine,False,False,False,False,True,False,False,False,False,False,False,False,False,False,False,False,False,True,False,False,2,2934,6.420131276980019,1,0,0
job_000637,Exterior,Exterior,50035,2026-01,Exterior,517,2258,1387,,Within 1-2 weeks,medium,medium,routine,False,False,False,False,True,False,False,False,False,False,False,False,False,False,False,False,False,False,False,True,1,1741,3.367504829076393,1,0,0
job_000638,Appliance Repair,Appliance Repair,47269,2026-04,Appliance Repair,161,2114,1137,,Within 1 month,medium,medium,routine,False,False,False,False,False,False,False,False,False,False,False,False,False,False,False,False,False,False,True,False,4,1953,12.130434707264381,0,0,0
job_000639,Painting,Exterior,36601,2026-02,Trim painting,279,1928,1103,,Within 1 month,medium,medium,routine,False,False,False,False,False,False,False,False,False,False,False,True,False,False,False,False,False,False,True,False,2,1649,5.910394244048766,0,0,0
job_000640,Painting,Interior,73158,2026-04,Exterior house painting,244,2732,1488,,Within 1 month,medium,medium,routine,False,False,False,False,False,False,False,False,False,False,False,True,False,False,False,False,False,False,True,False,4,2488,10.196721269685568,0,0,0
job_000641,Painting,Interior,23867,2026-04,Paint interior bedroom walls,284,3024,1654,,Within 1-2 weeks,medium,medium,routine,False,False,False,False,False,False,False,False,False,False,False,True,False,False,False,False,False,False,False,True,4,2740,9.647887289972228,0,0,0
job_000642,Flooring,Flooring,35905,2026-01,Flooring,225,2023,1124,,I'm flexible,medium,medium,routine,False,False,False,False,False,True,False,False,False,False,False,False,False,False,False,False,False,True,False,False,1,1798,7.991111075595062,0,0,0
job_000643,Flooring,Flooring,43872,2026-01,Flooring,187,2078,1132,,Within 1 month,medium,medium,routine,False,False,False,False,False,True,False,False,False,False,False,False,False,False,False,False,False,False,True,False,1,1891,10.112299411164175,0,0,0
job_000644,Painting,Interior,46773,2026-03,Trim painting,331,2718,1524,,Within 1 month,medium,medium,routine,False,False,False,False,False,False,False,False,False,False,False,True,False,False,False,False,False,False,True,False,3,2387,7.211480340750815,0,0,0
job_000645,Electrical,Outlet Installation,55994,2026-04,Install new outlets in kitchen,173,2115,1144,,I'm flexible,medium,medium,routine,False,False,False,True,False,False,False,False,False,False,False,False,False,False,False,False,False,True,False,False,4,1942,11.225433461124663,1,0,0
job_000646,Moving,Moving,36654,2026-03,Moving,195,1525,860,,Within 1 month,medium,medium,routine,False,False,False,False,False,False,False,False,False,False,True,False,False,False,False,False,False,False,True,False,3,1330,6.820512785535832,0,0,0
job_000647,Appliance Repair,Appliance Repair,85532,2026-04,Appliance Repair,178,1840,1009,,Within 1-2 weeks,medium,medium,routine,False,False,False,False,False,False,False,False,False,False,False,False,False,False,False,False,False,False,False,True,4,1662,9.337078599229896,0,0,0
job_000648,Appliance Repair,Appliance Repair,71758,2026-03,Appliance Repair,213,1912,1062,,Within 1-2 weeks,medium,medium,routine,False,False,False,False,False,False,False,False,False,False,False,False,False,False,False,False,False,False,False,True,3,1699,7.976525784147767,0,0,0
job_000649,Auto,Auto,10864,2026-04,Auto,169,1913,1041,,Within 1-2 weeks,medium,medium,routine,True,False,False,False,False,False,False,False,False,False,False,False,False,False,False,False,False,False,False,True,4,1744,10.319526566156648,0,0,0
job_000650,Handyman,Handyman,46991,2026-03,Handyman,76,495,285,,Within 1 month,medium,medium,routine,False,False,False,False,False,False,False,False,True,False,False,False,False,False,False,False,False,False,True,False,3,419,5.513157822195292,1,0,0
job_000651,Appliance Repair,Appliance Repair,14708,2026-04,Appliance Repair,247,2291,1269,,I'm flexible,medium,medium,routine,False,False,False,False,False,False,False,False,False,False,False,False,False,False,False,False,False,True,False,False,4,2044,8.275303610221442,0,0,0
job_000652,Pool,Pool,68311,2026-04,Pool,218,1763,990,,Within 1 month,medium,medium,routine,False,False,False,False,False,False,False,False,False,False,False,False,False,False,True,False,False,False,True,False,4,1545,7.087155930792862,0,0,0
job_000653,Electrical,Panel Upgrade,49315,2026-02,Install new outlets in kitchen,175,1709,942,,I'm flexible,medium,medium,routine,False,False,False,True,False,False,False,False,False,False,False,False,False,False,False,False,False,True,False,False,2,1534,8.76571423562449,1,0,0
job_000654,Auto,Auto,91437,2026-02,Auto,199,1963,1081,,Within 1-2 weeks,medium,medium,routine,True,False,False,False,False,False,False,False,False,False,False,False,False,False,False,False,False,False,False,True,2,1764,8.864321563495873,0,0,0
job_000655,Electrical,Panel Upgrade,78632,2026-04,Repair faulty electrical panel,156,2210,1183,,Within 1 month,medium,medium,routine,False,False,False,True,False,False,False,False,False,False,False,False,False,False,False,False,False,False,True,False,4,2054,13.166666582264957,1,0,0
job_000656,Roofing,Roofing,58032,2026-01,Roofing,180,2312,1246,,I'm flexible,medium,medium,routine,False,False,False,False,False,False,False,False,False,False,False,False,False,False,False,False,True,True,False,False,1,2132,11.844444378641976,0,0,0
job_000657,Remodeling,Remodeling,85337,2026-04,Remodeling,202,2375,1288,,Within 1-2 weeks,medium,medium,routine,False,False,False,False,False,False,False,False,False,False,False,False,False,False,False,True,False,False,False,True,4,2173,10.757425689319675,0,0,0
job_000658,Remodeling,Remodeling,97585,2026-04,Remodeling,181,1781,981,,Within 1-2 weeks,medium,medium,routine,False,False,False,False,False,False,False,False,False,False,False,False,False,False,False,True,False,False,False,True,4,1600,8.839778956686304,0,0,0
job_000659,Auto,Auto,20824,2026-02,Auto,198,1580,889,,As soon as possible,medium,medium,routine,True,False,False,False,False,False,False,False,False,False,False,False,False,False,False,False,False,False,False,False,2,1382,6.979797944546475,0,0,0
job_000660,Painting,Cabinet,25760,2026-01,Paint interior bedroom walls,240,2906,1573,,Within 1-2 weeks,medium,medium,routine,False,False,False,False,False,False,False,False,False,False,False,True,False,False,False,False,False,False,False,True,1,2666,11.10833328704861,0,0,0
job_000661,Appliance Repair,Appliance Repair,88291,2026-01,Appliance Repair,193,1614,903,,As soon as possible,medium,medium,routine,False,False,False,False,False,False,False,False,False,False,False,False,False,False,False,False,False,False,False,False,1,1421,7.36269426236946,0,0,0
job_000662,Moving,Moving,21519,2026-03,Moving,206,2327,1266,,Within 1-2 weeks,medium,medium,routine,False,False,False,False,False,False,False,False,False,False,True,False,False,False,False,False,False,False,False,True,3,2121,10.296116454873221,0,0,0
job_000663,Electrical,Lighting,51528,2026-03,Repair faulty electrical panel,131,1587,859,,Within 1 month,medium,medium,routine,False,False,False,True,False,False,False,False,False,False,False,False,False,False,False,False,False,False,True,False,3,1456,11.114503731950354,1,0,0
job_000664,Appliance Repair,Appliance Repair,23169,2026-01,Appliance Repair,223,1730,976,,I'm flexible,medium,medium,routine,False,False,False,False,False,False,False,False,False,False,False,False,False,False,False,False,False,True,False,False,1,1507,6.757847503328038,0,0,0
job_000665,Pool,Pool,47031,2026-04,Pool,207,2276,1241,,Within 1-2 weeks,medium,medium,routine,False,False,False,False,False,False,False,False,False,False,False,False,False,False,True,False,False,False,False,True,4,2069,9.995169033839764,0,0,0
job_000666,Landscaping,Landscaping,97204,2026-03,Landscaping,212,1706,959,,I'm flexible,medium,medium,routine,False,False,False,False,False,False,False,False,False,True,False,False,False,False,False,False,False,True,False,False,3,1494,7.047169778079388,1,0,0
job_000667,Painting,Cabinet,51417,2026-01,Exterior house painting,249,2746,1497,,I'm flexible,medium,medium,routine,False,False,False,False,False,False,False,False,False,False,False,True,False,False,False,False,False,True,False,False,1,2497,10.028112409525653,0,0,0
job_000668,Remodeling,Remodeling,24767,2026-01,Remodeling,194,2097,1145,,Within 1-2 weeks,medium,medium,routine,False,False,False,False,False,False,False,False,False,False,False,False,False,False,False,True,False,False,False,True,1,1903,9.809278299952174,0,0,0
job_000669,Appliance Repair,Appliance Repair,19289,2026-03,Appliance Repair,195,2171,1183,,Within 1 month,medium,medium,routine,False,False,False,False,False,False,False,False,False,False,False,False,False,False,False,False,False,False,True,False,3,1976,10.133333281367522,0,0,0
job_000670,Plumbing,Water Heater Replacement,54406,2026-04,Fix leaking bathroom faucet,80,1594,837,,As soon as possible,medium,medium,routine,False,False,False,False,False,False,False,False,False,False,False,False,False,True,False,False,False,False,False,False,4,1514,18.924999763437505,1,0,0
job_000671,Auto,Auto,27810,2026-01,Auto,232,1687,959,,As soon as possible,medium,medium,routine,True,False,False,False,False,False,False,False,False,False,False,False,False,False,False,False,False,False,False,False,1,1455,6.271551697105381,0,0,0
job_000672,Remodeling,Remodeling,67013,2026-01,Remodeling,156,1647,901,,I'm flexible,medium,medium,routine,False,False,False,False,False,False,False,False,False,False,False,False,False,False,False,True,False,True,False,False,1,1491,9.55769224642505,0,0,0
job_000673,Moving,Moving,62582,2026-03,Moving,227,2002,1114,,I'm flexible,medium,medium,routine,False,False,False,False,False,False,False,False,False,False,True,False,False,False,False,False,False,True,False,False,3,1775,7.819383225465272,0,0,0
job_000674,Exterior,Exterior,30742,2026-01,Exterior,479,2253,1366,,I'm flexible,medium,medium,routine,False,False,False,False,True,False,False,False,False,False,False,False,False,False,False,False,False,True,False,False,1,1774,3.7035490528109625,1,0,0
job_000675,Cleaning,General Cleaning,80480,2026-01,Carpet cleaning entire house,111,1169,640,,Within 1 month,medium,medium,routine,False,False,True,False,False,False,False,False,False,False,False,False,False,False,False,False,False,False,True,False,1,1058,9.531531445661878,1,0,0
job_000676,Auto,Auto,25675,2026-03,Auto,201,2308,1254,,Within 1-2 weeks,medium,medium,routine,True,False,False,False,False,False,False,False,False,False,False,False,False,False,False,False,False,False,False,True,3,2107,10.482587012524442,0,0,0
job_000677,Handyman,Handyman,26744,2026-01,Handyman,83,591,337,,As soon as possible,medium,medium,routine,False,False,False,False,False,False,False,False,True,False,False,False,False,False,False,False,False,False,False,False,1,508,6.120481853970098,1,0,0
job_000678,Plumbing,Drain Cleaning,38240,2026-03,Replace kitchen sink shutoff valve (you supply valve),99,1702,900,,As soon as possible,medium,medium,routine,False,False,False,False,False,False,False,False,False,False,False,False,False,True,False,False,False,False,False,False,3,1603,16.191919028364456,1,0,0
job_000679,General Contractor,General Contractor,24986,2026-04,General Contractor,1157,9445,5301,,I'm flexible,medium,medium,routine,False,False,False,False,False,False,True,False,False,False,False,False,False,False,False,False,False,True,False,False,4,8288,7.163353494240835,0,0,1
job_000680,Auto,Auto,66560,2026-01,Auto,176,2336,1256,,I'm flexible,medium,medium,routine,True,False,False,False,False,False,False,False,False,False,False,False,False,False,False,False,False,True,False,False,1,2160,12.272727202995869,0,0,0
job_000681,Flooring,Flooring,23397,2026-03,Flooring,168,2078,1123,,Within 1-2 weeks,medium,medium,routine,False,False,False,False,False,True,False,False,False,False,False,False,False,False,False,False,False,False,False,True,3,1910,11.369047551374717,0,0,0
job_000682,Roofing,Roofing,56535,2026-03,Roofing,172,1610,891,,I'm flexible,medium,medium,routine,False,False,False,False,False,False,False,False,False,False,False,False,False,False,False,False,True,True,False,False,3,1438,8.360465067671715,0,0,0
job_000683,Handyman,Handyman,58359,2026-02,Handyman,56,417,236,,I'm flexible,medium,medium,routine,False,False,False,False,False,False,False,False,True,False,False,False,False,False,False,False,False,True,False,False,2,361,6.446428456313778,1,0,0
job_000684,Moving,Moving,66564,2026-03,Moving,216,1723,969,,I'm flexible,medium,medium,routine,False,False,False,False,False,False,False,False,False,False,True,False,False,False,False,False,False,True,False,False,3,1507,6.976851819551612,0,0,0
job_000685,Chimney,Chimney,72061,2026-03,Chimney,228,1985,1106,,Within 1 month,medium,medium,routine,False,True,False,False,False,False,False,False,False,False,False,False,False,False,False,False,False,False,True,False,3,1757,7.706140317078332,0,0,0
job_000686,HVAC,Furnace Maintenance,60197,2026-04,Clean ductwork,196,2483,1339,,As soon as possible,medium,medium,routine,False,False,False,False,False,False,False,True,False,False,False,False,False,False,False,False,False,False,False,False,4,2287,11.668367287406289,1,0,0
job_000687,Roofing,Roofing,63390,2026-02,Roofing,150,2129,1139,,Within 1-2 weeks,medium,medium,routine,False,False,False,False,False,False,False,False,False,False,False,False,False,False,False,False,True,False,False,True,2,1979,13.19333324537778,0,0,0
job_000688,HVAC,Ductwork,35839,2026-04,AC unit repair and maintenance,168,2960,1564,,Within 1-2 weeks,medium,medium,routine,False,False,False,False,False,False,False,True,False,False,False,False,False,False,False,False,False,False,False,True,4,2792,16.619047520124717,1,0,0
job_000689,Cleaning,Carpet Cleaning,76384,2026-01,Carpet cleaning entire house,101,798,449,,I'm flexible,medium,medium,routine,False,False,True,False,False,False,False,False,False,False,False,False,False,False,False,False,False,True,False,False,1,697,6.900990030683267,1,0,0
job_000690,Exterior,Exterior,83048,2026-02,Exterior,445,2310,1377,,Within 1-2 weeks,medium,medium,routine,False,False,False,False,True,False,False,False,False,False,False,False,False,False,False,False,False,False,False,True,2,1865,4.191011226537054,1,0,0
job_000691,Landscaping,Landscaping,23397,2026-01,Landscaping,245,1188,716,,Within 1-2 weeks,medium,medium,routine,False,False,False,False,False,False,False,False,False,True,False,False,False,False,False,False,False,False,False,True,1,943,3.848979576126614,1,0,0
job_000692,Electrical,Outlet Installation,33516,2026-02,Repair faulty electrical panel,129,2377,1253,,As soon as possible,medium,medium,routine,False,False,False,True,False,False,False,False,False,False,False,False,False,False,False,False,False,False,False,False,2,2248,17.426356454059253,1,0,0
job_000693,Handyman,Handyman,38955,2026-03,Handyman,72,574,323,,Within 1 month,medium,medium,routine,False,False,False,False,False,False,False,False,True,False,False,False,False,False,False,False,False,False,True,False,3,502,6.972222125385804,1,0,0
job_000694,Remodeling,Remodeling,10704,2026-03,Remodeling,210,1954,1082,,As soon as possible,medium,medium,routine,False,False,False,False,False,False,False,False,False,False,False,False,False,False,False,True,False,False,False,False,3,1744,8.30476186521542,0,0,0
job_000695,Appliance Repair,Appliance Repair,65828,2026-03,Appliance Repair,249,2222,1235,,Within 1-2 weeks,medium,medium,routine,False,False,False,False,False,False,False,False,False,False,False,False,False,False,False,False,False,False,False,True,3,1973,7.923694747294399,0,0,0
job_000696,Auto,Auto,33723,2026-01,Auto,226,2319,1272,,I'm flexible,medium,medium,routine,True,False,False,False,False,False,False,False,False,False,False,False,False,False,False,False,False,True,False,False,1,2093,9.261061905924505,0,0,0
job_000697,Flooring,Flooring,45027,2026-03,Flooring,171,2036,1103,,Within 1-2 weeks,medium,medium,routine,False,False,False,False,False,True,False,False,False,False,False,False,False,False,False,False,False,False,False,True,3,1865,10.906432684757704,0,0,0
job_000698,Pest Control,Termites,39251,2026-03,"Bed bug heat treatment, 2BR apartment",248,2436,1342,,As soon as possible,medium,medium,routine,False,False,False,False,False,False,False,False,False,False,False,False,True,False,False,False,False,False,False,False,3,2188,8.82258060958637,0,0,0
job_000699,Appliance Repair,Appliance Repair,69081,2026-03,Appliance Repair,185,1789,987,,Within 1-2 weeks,medium,medium,routine,False,False,False,False,False,False,False,False,False,False,False,False,False,False,False,False,False,False,False,True,3,1604,8.670270223403945,0,0,0
job_000700,Appliance Repair,Appliance Repair,60484,2026-01,Appliance Repair,153,2371,1262,,I'm flexible,medium,medium,routine,False,False,False,False,False,False,False,False,False,False,False,False,False,False,False,False,False,True,False,False,1,2218,14.49673193139391,0,0,0
job_000701,Flooring,Flooring,34193,2026-02,Flooring,242,2118,1180,,Within 1 month,medium,medium,routine,False,False,False,False,False,True,False,False,False,False,False,False,False,False,False,False,False,False,True,False,2,1876,7.752066083669148,0,0,0
job_000702,Handyman,Handyman,92991,2026-01,Handyman,73,565,319,,I'm flexible,medium,medium,routine,False,False,False,False,False,False,False,False,True,False,False,False,False,False,False,False,False,True,False,False,1,492,6.739725935072248,1,0,0
job_000703,Roofing,Roofing,90685,2026-03,Roofing,229,2147,1188,,I'm flexible,medium,medium,routine,False,False,False,False,False,False,False,False,False,False,False,False,False,False,False,False,True,True,False,False,3,1918,8.375545814953949,0,0,0
job_000704,Chimney,Chimney,18476,2026-04,Chimney,204,2322,1263,,As soon as possible,medium,medium,routine,False,True,False,False,False,False,False,False,False,False,False,False,False,False,False,False,False,False,False,False,4,2118,10.382352890282585,0,0,0
job_000705,Roofing,Roofing,19048,2026-02,Roofing,176,2332,1254,,Within 1-2 weeks,medium,medium,routine,False,False,False,False,False,False,False,False,False,False,False,False,False,False,False,False,True,False,False,True,2,2156,12.249999930397728,0,0,0
job_000706,Pest Control,General,79831,2026-01,Termite inspection and treatment,310,2333,1321,,Within 1-2 weeks,medium,medium,routine,False,False,False,False,False,False,False,False,False,False,False,False,True,False,False,False,False,False,False,True,1,2023,6.525806430561915,0,0,0
job_000707,Pool,Pool,38080,2026-03,Pool,182,1612,897,,As soon as possible,medium,medium,routine,False,False,False,False,False,False,False,False,False,False,False,False,False,False,True,False,False,False,False,False,3,1430,7.857142813971743,0,0,0
job_000708,Appliance Repair,Appliance Repair,79055,2026-03,Appliance Repair,218,2227,1222,,Within 1 month,medium,medium,routine,False,False,False,False,False,False,False,False,False,False,False,False,False,False,False,False,False,False,True,False,3,2009,9.215596288001851,0,0,0
job_000709,Chimney,Chimney,17502,2026-03,Chimney,186,2336,1261,,Within 1 month,medium,medium,routine,False,True,False,False,False,False,False,False,False,False,False,False,False,False,False,False,False,False,True,False,3,2150,11.559139722800325,0,0,0
job_000710,Auto,Auto,89362,2026-01,Auto,210,2490,1350,,As soon as possible,medium,medium,routine,True,False,False,False,False,False,False,False,False,False,False,False,False,False,False,False,False,False,False,False,1,2280,10.857142805442177,0,0,0
job_000711,HVAC,Furnace Maintenance,85034,2026-03,AC unit repair and maintenance,224,3514,1869,,I'm flexible,medium,medium,routine,False,False,False,False,False,False,False,True,False,False,False,False,False,False,False,False,False,True,False,False,3,3290,14.687499934430804,1,0,0
job_000712,Chimney,Chimney,78891,2026-04,Chimney,242,2435,1338,,Within 1 month,medium,medium,routine,False,True,False,False,False,False,False,False,False,False,False,False,False,False,False,False,False,False,True,False,4,2193,9.061983433628168,0,0,0
job_000713,Pest Control,Rodents,12900,2026-04,Termite inspection and treatment,291,1699,995,,Within 1-2 weeks,medium,medium,routine,False,False,False,False,False,False,False,False,False,False,False,False,True,False,False,False,False,False,False,True,4,1408,4.838487955881485,0,0,0
job_000714,Exterior,Exterior,36227,2026-02,Exterior,469,3400,1934,,I'm flexible,medium,medium,routine,False,False,False,False,True,False,False,False,False,False,False,False,False,False,False,False,False,True,False,False,2,2931,6.2494669376343985,1,0,0
job_000715,Pest Control,General,41092,2026-03,"Bed bug heat treatment, 2BR apartment",228,2285,1256,,As soon as possible,medium,medium,routine,False,False,False,False,False,False,False,False,False,False,False,False,True,False,False,False,False,False,False,False,3,2057,9.021929784991537,0,0,0
job_000716,Landscaping,Landscaping,70500,2026-01,Landscaping,241,1711,976,,Within 1 month,medium,medium,routine,False,False,False,False,False,False,False,False,False,True,False,False,False,False,False,False,False,False,True,False,1,1470,6.099585036931183,1,0,0
job_000717,Pool,Pool,70477,2026-02,Pool,154,2131,1142,,As soon as possible,medium,medium,routine,False,False,False,False,False,False,False,False,False,False,False,False,False,False,True,False,False,False,False,False,2,1977,12.837662254300895,0,0,0
job_000718,Painting,Cabinet,24822,2026-02,Trim painting,334,2033,1183,,As soon as possible,medium,medium,routine,False,False,False,False,False,False,False,False,False,False,False,True,False,False,False,False,False,False,False,False,2,1699,5.08682633207537,0,0,0
job_000719,Roofing,Roofing,84148,2026-02,Roofing,200,2240,1220,,Within 1 month,medium,medium,routine,False,False,False,False,False,False,False,False,False,False,False,False,False,False,False,False,True,False,True,False,2,2040,10.199999949,0,0,0
job_000720,Pest Control,Rodents,35717,2026-01,Rodent control and sealing,247,2437,1342,,I'm flexible,medium,medium,routine,False,False,False,False,False,False,False,False,False,False,False,False,True,False,False,False,False,True,False,False,1,2190,8.86639672523726,0,0,0
job_000721,Painting,Exterior,72986,2026-03,Exterior house painting,359,2230,1294,,As soon as possible,medium,medium,routine,False,False,False,False,False,False,False,False,False,False,False,True,False,False,False,False,False,False,False,False,3,1871,5.211699149828136,0,0,0
job_000722,Flooring,Flooring,43951,2026-04,Flooring,165,2295,1230,,I'm flexible,medium,medium,routine,False,False,False,False,False,True,False,False,False,False,False,False,False,False,False,False,False,True,False,False,4,2130,12.909090830853994,0,0,0
job_000723,Plumbing,Fixture Installation,83962,2026-01,Clear clogged drain,112,1784,948,,As soon as possible,medium,medium,routine,False,False,False,False,False,False,False,False,False,False,False,False,False,True,False,False,False,False,False,False,1,1672,14.928571295280614,1,0,0
job_000724,Appliance Repair,Appliance Repair,24020,2026-02,Appliance Repair,241,2243,1242,,Within 1 month,medium,medium,routine,False,False,False,False,False,False,False,False,False,False,False,False,False,False,False,False,False,False,True,False,2,2002,8.307053907439611,0,0,0
job_000725,Chimney,Chimney,80132,2026-03,Chimney,159,1601,880,,Within 1 month,medium,medium,routine,False,True,False,False,False,False,False,False,False,False,False,False,False,False,False,False,False,False,True,False,3,1442,9.069182332898224,0,0,0
job_000726,Landscaping,Landscaping,43631,2026-04,Landscaping,178,1849,1013,,As soon as possible,medium,medium,routine,False,False,False,False,False,False,False,False,False,True,False,False,False,False,False,False,False,False,False,False,4,1671,9.38764039669865,1,0,0
job_000727,Auto,Auto,24020,2026-03,Auto,193,2367,1280,,As soon as possible,medium,medium,routine,True,False,False,False,False,False,False,False,False,False,False,False,False,False,False,False,False,False,False,False,3,2174,11.26424864629923,0,0,0
job_000728,Auto,Auto,95235,2026-04,Auto,197,2301,1249,,Within 1 month,medium,medium,routine,True,False,False,False,False,False,False,False,False,False,False,False,False,False,False,False,False,False,True,False,4,2104,10.68020299147105,0,0,0
job_000729,Exterior,Exterior,26088,2026-04,Exterior,464,2915,1689,,As soon as possible,medium,medium,routine,False,False,False,False,True,False,False,False,False,False,False,False,False,False,False,False,False,False,False,False,4,2451,5.2823275748225695,1,0,0
job_000730,Chimney,Chimney,60226,2026-01,Chimney,191,2415,1303,,Within 1 month,medium,medium,routine,False,True,False,False,False,False,False,False,False,False,False,False,False,False,False,False,False,False,True,False,1,2224,11.643978996628382,0,0,0
job_000731,Cleaning,General Cleaning,95663,2026-02,"Exterior window wash, 2-story, 20 windows",93,912,502,,I'm flexible,medium,medium,routine,False,False,True,False,False,False,False,False,False,False,False,False,False,False,False,False,False,True,False,False,2,819,8.8064515182102,1,0,0
job_000732,Painting,Interior,76409,2026-01,Cabinet refinishing,273,2371,1322,,As soon as possible,medium,medium,routine,False,False,False,False,False,False,False,False,False,False,False,True,False,False,False,False,False,False,False,False,1,2098,7.684981656831569,0,0,0
job_000733,Flooring,Flooring,28337,2026-03,Flooring,186,1597,891,,As soon as possible,medium,medium,routine,False,False,False,False,False,True,False,False,False,False,False,False,False,False,False,False,False,False,False,False,3,1411,7.5860214645912825,0,0,0
job_000734,General Contractor,General Contractor,62648,2026-04,General Contractor,800,10065,5432,,Within 1-2 weeks,medium,medium,routine,False,False,False,False,False,False,True,False,False,False,False,False,False,False,False,False,False,False,False,True,4,9265,11.581249985523437,0,0,1
job_000735,Flooring,Flooring,17502,2026-03,Flooring,218,2110,1164,,Within 1-2 weeks,medium,medium,routine,False,False,False,False,False,True,False,False,False,False,False,False,False,False,False,False,False,False,False,True,3,1892,8.678899042757344,0,0,0
job_000736,Landscaping,Landscaping,61334,2026-01,Landscaping,207,1842,1024,,As soon as possible,medium,medium,routine,False,False,False,False,False,False,False,False,False,True,False,False,False,False,False,False,False,False,False,False,1,1635,7.898550686480432,1,0,0
job_000737,Pool,Pool,19954,2026-03,Pool,212,1627,919,,Within 1-2 weeks,medium,medium,routine,False,False,False,False,False,False,False,False,False,False,False,False,False,False,True,False,False,False,False,True,3,1415,6.674528270403169,0,0,0
job_000738,Electrical,Panel Upgrade,27388,2026-03,Install ceiling fan,143,1911,1027,,I'm flexible,medium,medium,routine,False,False,False,True,False,False,False,False,False,False,False,False,False,False,False,False,False,True,False,False,3,1768,12.363636277177369,1,0,0
job_000739,Exterior,Exterior,61929,2026-03,Exterior,456,3040,1748,,As soon as possible,medium,medium,routine,False,False,False,False,True,False,False,False,False,False,False,False,False,False,False,False,False,False,False,False,3,2584,5.666666654239767,1,0,0
job_000740,Painting,Cabinet,92618,2026-03,Paint interior bedroom walls,375,3054,1714,,As soon as possible,medium,medium,routine,False,False,False,False,False,False,False,False,False,False,False,True,False,False,False,False,False,False,False,False,3,2679,7.143999980949333,0,0,0
job_000741,Pest Control,Bed Bugs,97783,2026-03,"Bed bug heat treatment, 2BR apartment",305,2089,1197,,Within 1 month,medium,medium,routine,False,False,False,False,False,False,False,False,False,False,False,False,True,False,False,False,False,False,True,False,3,1784,5.849180308691212,0,0,0
job_000742,Chimney,Chimney,63372,2026-04,Chimney,248,2205,1226,,Within 1 month,medium,medium,routine,False,True,False,False,False,False,False,False,False,False,False,False,False,False,False,False,False,False,True,False,4,1957,7.891129000438996,0,0,0
job_000743,Pest Control,General,97585,2026-02,Rodent control and sealing,310,1624,967,,Within 1 month,medium,medium,routine,False,False,False,False,False,False,False,False,False,False,False,False,True,False,False,False,False,False,True,False,2,1314,4.238709663746098,0,0,0
job_000744,Flooring,Flooring,23581,2026-02,Flooring,228,2448,1338,,Within 1 month,medium,medium,routine,False,False,False,False,False,True,False,False,False,False,False,False,False,False,False,False,False,False,True,False,2,2220,9.736842062557711,0,0,0
job_000745,Exterior,Exterior,22315,2026-01,Exterior,483,3615,2049,,Within 1-2 weeks,medium,medium,routine,False,False,False,False,True,False,False,False,False,False,False,False,False,False,False,False,False,False,False,True,1,3132,6.484472036264033,1,0,0
job_000746,Landscaping,Landscaping,90096,2026-02,Landscaping,191,1164,677,,As soon as possible,medium,medium,routine,False,False,False,False,False,False,False,False,False,True,False,False,False,False,False,False,False,False,False,False,2,973,5.0942408110249175,1,0,0
job_000747,Plumbing,Fixture Installation,47374,2026-02,Clear clogged drain,90,1568,829,,I'm flexible,medium,medium,routine,False,False,False,False,False,False,False,False,False,False,False,False,False,True,False,False,False,True,False,False,2,1478,16.422222039753088,1,0,0
job_000748,Roofing,Roofing,14773,2026-02,Roofing,177,1888,1032,,Within 1 month,medium,medium,routine,False,False,False,False,False,False,False,False,False,False,False,False,False,False,False,False,True,False,True,False,2,1711,9.666666612052731,0,0,0
job_000749,Exterior,Exterior,98793,2026-03,Exterior,442,2881,1661,,I'm flexible,medium,medium,routine,False,False,False,False,True,False,False,False,False,False,False,False,False,False,False,False,False,True,False,False,3,2439,5.518099535026924,1,0,0
job_000750,Flooring,Flooring,96896,2026-02,Flooring,201,1508,854,,I'm flexible,medium,medium,routine,False,False,False,False,False,True,False,False,False,False,False,False,False,False,False,False,False,True,False,False,2,1307,6.502487529838371,0,0,0
job_000751,Exterior,Exterior,42749,2026-01,Exterior,425,2708,1566,,Within 1 month,medium,medium,routine,False,False,False,False,True,False,False,False,False,False,False,False,False,False,False,False,False,False,True,False,1,2283,5.371764693242906,1,0,0
job_000752,Flooring,Flooring,92470,2026-03,Flooring,238,1942,1090,,Within 1-2 weeks,medium,medium,routine,False,False,False,False,False,True,False,False,False,False,False,False,False,False,False,False,False,False,False,True,3,1704,7.159663835463597,0,0,0
job_000753,Chimney,Chimney,72378,2026-04,Chimney,238,2311,1274,,Within 1-2 weeks,medium,medium,routine,False,True,False,False,False,False,False,False,False,False,False,False,False,False,False,False,False,False,False,True,4,2073,8.710083997016454,0,0,0
job_000754,Exterior,Exterior,27101,2026-03,Exterior,475,3640,2057,,Within 1-2 weeks,medium,medium,routine,False,False,False,False,True,False,False,False,False,False,False,False,False,False,False,False,False,False,False,True,3,3165,6.663157880709141,1,0,0
job_000755,Painting,Cabinet,25760,2026-03,Trim painting,346,1978,1162,,Within 1 month,medium,medium,routine,False,False,False,False,False,False,False,False,False,False,False,True,False,False,False,False,False,False,True,False,3,1632,4.716762992148084,0,0,0
job_000756,Pool,Pool,16692,2026-03,Pool,211,1861,1036,,Within 1 month,medium,medium,routine,False,False,False,False,False,False,False,False,False,False,False,False,False,False,True,False,False,False,True,False,3,1650,7.81990517620898,0,0,0
job_000757,Landscaping,Landscaping,36677,2026-01,Landscaping,176,1650,913,,I'm flexible,medium,medium,routine,False,False,False,False,False,False,False,False,False,True,False,False,False,False,False,False,False,True,False,False,1,1474,8.374999952414774,1,0,0
job_000758,Auto,Auto,88785,2026-02,Auto,242,2332,1287,,I'm flexible,medium,medium,routine,True,False,False,False,False,False,False,False,False,False,False,False,False,False,False,False,False,True,False,False,2,2090,8.636363600676184,0,0,0
job_000759,Flooring,Flooring,54720,2026-03,Flooring,248,1760,1004,,As soon as possible,medium,medium,routine,False,False,False,False,False,True,False,False,False,False,False,False,False,False,False,False,False,False,False,False,3,1512,6.09677416896462,0,0,0
job_000760,Cleaning,General Cleaning,86692,2026-02,Window washing service,79,1098,588,,As soon as possible,medium,medium,routine,False,False,True,False,False,False,False,False,False,False,False,False,False,False,False,False,False,False,False,False,2,1019,12.898734013940077,1,0,0
job_000761,Appliance Repair,Appliance Repair,98333,2026-02,Appliance Repair,241,1857,1049,,Within 1-2 weeks,medium,medium,routine,False,False,False,False,False,False,False,False,False,False,False,False,False,False,False,False,False,False,False,True,2,1616,6.705394163048157,0,0,0
job_000762,Exterior,Exterior,51561,2026-04,Exterior,567,2818,1692,,Within 1 month,medium,medium,routine,False,False,False,False,True,False,False,False,False,False,False,False,False,False,False,False,False,False,True,False,4,2251,3.9700176296825087,1,0,0
job_000763,Flooring,Flooring,48049,2026-04,Flooring,210,1777,993,,As soon as possible,medium,medium,routine,False,False,False,False,False,True,False,False,False,False,False,False,False,False,False,False,False,False,False,False,4,1567,7.461904726371882,0,0,0
job_000764,Plumbing,Fixture Installation,79714,2026-04,Install new water heater,95,1865,980,,Within 1-2 weeks,medium,medium,routine,False,False,False,False,False,False,False,False,False,False,False,False,False,True,False,False,False,False,False,True,4,1770,18.63157875124654,1,0,0
job_000765,Exterior,Exterior,78956,2026-01,Exterior,490,3210,1850,,Within 1 month,medium,medium,routine,False,False,False,False,True,False,False,False,False,False,False,False,False,False,False,False,False,False,True,False,1,2720,5.5510203968346525,1,0,0
job_000766,HVAC,Thermostat,67013,2026-02,Install new thermostat,152,3492,1822,,Within 1-2 weeks,medium,medium,routine,False,False,False,False,False,False,False,True,False,False,False,False,False,False,False,False,False,False,False,True,2,3340,21.973684065962605,1,0,0
job_000767,Appliance Repair,Appliance Repair,94983,2026-01,Appliance Repair,215,2179,1197,,Within 1-2 weeks,medium,medium,routine,False,False,False,False,False,False,False,False,False,False,False,False,False,False,False,False,False,False,False,True,1,1964,9.134883678442401,0,0,0
job_000768,Painting,Cabinet,18341,2026-04,Paint interior bedroom walls,226,2967,1596,,Within 1-2 weeks,medium,medium,routine,False,False,False,False,False,False,False,False,False,False,False,True,False,False,False,False,False,False,False,True,4,2741,12.12831853040567,0,0,0
job_000769,Painting,Interior,99903,2026-02,Paint interior bedroom walls,263,2588,1425,,As soon as possible,medium,medium,routine,False,False,False,False,False,False,False,False,False,False,False,True,False,False,False,False,False,False,False,False,2,2325,8.840304148896182,0,0,0
job_000770,Landscaping,Landscaping,65472,2026-04,Landscaping,178,1467,822,,Within 1-2 weeks,medium,medium,routine,False,False,False,False,False,False,False,False,False,True,False,False,False,False,False,False,False,False,False,True,4,1289,7.241572993024871,1,0,0
job_000771,Appliance Repair,Appliance Repair,16084,2026-01,Appliance Repair,199,2418,1308,,Within 1-2 weeks,medium,medium,routine,False,False,False,False,False,False,False,False,False,False,False,False,False,False,False,False,False,False,False,True,1,2219,11.150753712810284,0,0,0
job_000772,Pest Control,Termites,40998,2026-01,Rodent control and sealing,256,1572,914,,Within 1-2 weeks,medium,medium,routine,False,False,False,False,False,False,False,False,False,False,False,False,True,False,False,False,False,False,False,True,1,1316,5.1406249799194335,0,0,0
job_000773,Landscaping,Landscaping,84784,2026-01,Landscaping,209,1702,955,,Within 1 month,medium,medium,routine,False,False,False,False,False,False,False,False,False,True,False,False,False,False,False,False,False,False,True,False,1,1493,7.143540635676839,1,0,0
job_000774,Painting,Interior,92640,2026-02,Trim painting,271,2883,1577,,Within 1 month,medium,medium,routine,False,False,False,False,False,False,False,False,False,False,False,True,False,False,False,False,False,False,True,False,2,2612,9.638376348197873,0,0,0
job_000775,Chimney,Chimney,89362,2026-03,Chimney,169,2487,1328,,As soon as possible,medium,medium,routine,False,True,False,False,False,False,False,False,False,False,False,False,False,False,False,False,False,False,False,False,3,2318,13.715976250201324,0,0,0
job_000776,Roofing,Roofing,22003,2026-01,Roofing,164,2204,1184,,As soon as possible,medium,medium,routine,False,False,False,False,False,False,False,False,False,False,False,False,False,False,False,False,True,False,False,False,1,2040,12.439024314396194,0,0,0
job_000777,Auto,Auto,97342,2026-04,Auto,182,1736,959,,I'm flexible,medium,medium,routine,True,False,False,False,False,False,False,False,False,False,False,False,False,False,False,False,False,True,False,False,4,1554,8.538461491546915,0,0,0
job_000778,Moving,Moving,34138,2026-03,Moving,160,1813,986,,I'm flexible,medium,medium,routine,False,False,False,False,False,False,False,False,False,False,True,False,False,False,False,False,False,True,False,False,3,1653,10.331249935429689,0,0,0
job_000779,Electrical,Lighting,66913,2026-04,Install ceiling fan,148,2380,1264,,As soon as possible,medium,medium,routine,False,False,False,True,False,False,False,False,False,False,False,False,False,False,False,False,False,False,False,False,4,2232,15.081080979181886,1,0,0
job_000780,HVAC,Ductwork,69081,2026-01,Clean ductwork,249,2572,1410,,Within 1-2 weeks,medium,medium,routine,False,False,False,False,False,False,False,True,False,False,False,False,False,False,False,False,False,False,False,True,1,2323,9.329317231609167,1,0,0
job_000781,Chimney,Chimney,87058,2026-03,Chimney,214,1814,1014,,As soon as possible,medium,medium,routine,False,True,False,False,False,False,False,False,False,False,False,False,False,False,False,False,False,False,False,False,3,1600,7.476635479081143,0,0,0
job_000782,HVAC,Ductwork,40578,2026-04,Install new thermostat,153,2864,1508,,I'm flexible,medium,medium,routine,False,False,False,False,False,False,False,True,False,False,False,False,False,False,False,False,False,True,False,False,4,2711,17.718954132555854,1,0,0
job_000783,Landscaping,Landscaping,53920,2026-04,Landscaping,232,1855,1043,,As soon as possible,medium,medium,routine,False,False,False,False,False,False,False,False,False,True,False,False,False,False,False,False,False,False,False,False,4,1623,6.99568962501858,1,0,0
job_000784,Appliance Repair,Appliance Repair,74305,2026-02,Appliance Repair,178,1744,961,,I'm flexible,medium,medium,routine,False,False,False,False,False,False,False,False,False,False,False,False,False,False,False,False,False,True,False,False,2,1566,8.797752759563187,0,0,0
job_000785,Pest Control,Rodents,97219,2026-02,Termite inspection and treatment,327,1893,1110,,Within 1 month,medium,medium,routine,False,False,False,False,False,False,False,False,False,False,False,False,True,False,False,False,False,False,True,False,2,1566,4.788990811042842,0,0,0
job_000786,General Contractor,General Contractor,93962,2026-03,General Contractor,1030,9525,5277,,Within 1 month,medium,medium,routine,False,False,False,False,False,False,True,False,False,False,False,False,False,False,False,False,False,False,True,False,3,8495,8.247572807526627,0,0,1
job_000787,Electrical,Panel Upgrade,35663,2026-02,Repair faulty electrical panel,132,1841,986,,Within 1 month,medium,medium,routine,False,False,False,True,False,False,False,False,False,False,False,False,False,False,False,False,False,False,True,False,2,1709,12.946969598886595,1,0,0
job_000788,Flooring,Flooring,34143,2026-03,Flooring,199,2408,1303,,I'm flexible,medium,medium,routine,False,False,False,False,False,True,False,False,False,False,False,False,False,False,False,False,False,True,False,False,3,2209,11.100502456781395,0,0,0
job_000789,Landscaping,Landscaping,66302,2026-03,Landscaping,194,1290,742,,I'm flexible,medium,medium,routine,False,False,False,False,False,False,False,False,False,True,False,False,False,False,False,False,False,True,False,False,3,1096,5.649484506961421,1,0,0
job_000790,Chimney,Chimney,84662,2026-04,Chimney,229,2466,1347,,Within 1-2 weeks,medium,medium,routine,False,True,False,False,False,False,False,False,False,False,False,False,False,False,False,False,False,False,False,True,4,2237,9.768558909307604,0,0,0
job_000791,Cleaning,Window Washing,61524,2026-02,"Exterior window wash, 2-story, 20 windows",84,1153,618,,As soon as possible,medium,medium,routine,False,False,True,False,False,False,False,False,False,False,False,False,False,False,False,False,False,False,False,False,2,1069,12.726190324688211,1,0,0
job_000792,Remodeling,Remodeling,59514,2026-02,Remodeling,212,2264,1238,,I'm flexible,medium,medium,routine,False,False,False,False,False,False,False,False,False,False,False,False,False,False,False,True,False,True,False,False,2,2052,9.679245237362052,0,0,0
job_000793,Roofing,Roofing,60454,2026-03,Roofing,218,1511,864,,As soon as possible,medium,medium,routine,False,False,False,False,False,False,False,False,False,False,False,False,False,False,False,False,True,False,False,False,3,1293,5.931192633343153,0,0,0
job_000794,Appliance Repair,Appliance Repair,48882,2026-03,Appliance Repair,203,2262,1232,,I'm flexible,medium,medium,routine,False,False,False,False,False,False,False,False,False,False,False,False,False,False,False,False,False,True,False,False,3,2059,10.14285709289233,0,0,0
job_000795,Landscaping,Landscaping,42749,2026-02,Landscaping,177,1451,814,,As soon as possible,medium,medium,routine,False,False,False,False,False,False,False,False,False,True,False,False,False,False,False,False,False,False,False,False,2,1274,7.197740072329152,1,0,0
job_000796,Moving,Moving,67549,2026-01,Moving,165,2494,1329,,Within 1 month,medium,medium,routine,False,False,False,False,False,False,False,False,False,False,True,False,False,False,False,False,False,False,True,False,1,2329,14.115151429605143,0,0,0
job_000797,HVAC,Thermostat,85034,2026-02,Furnace service before winter,223,2485,1354,,Within 1 month,medium,medium,routine,False,False,False,False,False,False,False,True,False,False,False,False,False,False,False,False,False,False,True,False,2,2262,10.143497712360997,1,0,0
job_000798,Landscaping,Landscaping,22933,2026-02,Landscaping,150,1677,913,,Within 1-2 weeks,medium,medium,routine,False,False,False,False,False,False,False,False,False,True,False,False,False,False,False,False,False,False,False,True,2,1527,10.179999932133335,1,0,0
job_000799,Appliance Repair,Appliance Repair,60047,2026-04,Appliance Repair,224,1820,1022,,I'm flexible,medium,medium,routine,False,False,False,False,False,False,False,False,False,False,False,False,False,False,False,False,False,True,False,False,4,1596,7.124999968191965,0,0,0
job_000800,Pest Control,Bed Bugs,30528,2026-02,General pest control service,225,1541,883,,Within 1-2 weeks,medium,medium,routine,False,False,False,False,False,False,False,False,False,False,False,False,True,False,False,False,False,False,False,True,2,1316,5.848888862893827,0,0,0
job_000801,Pest Control,General,65697,2026-01,Rodent control and sealing,294,2365,1329,,Within 1-2 weeks,medium,medium,routine,False,False,False,False,False,False,False,False,False,False,False,False,True,False,False,False,False,False,False,True,1,2071,7.044217663114906,0,0,0
job_000802,Chimney,Chimney,25900,2026-02,Chimney,203,1746,974,,Within 1 month,medium,medium,routine,False,True,False,False,False,False,False,False,False,False,False,False,False,False,False,False,False,False,True,False,2,1543,7.6009851842316,0,0,0
job_000803,Moving,Moving,45014,2026-04,Moving,151,1888,1019,,I'm flexible,medium,medium,routine,False,False,False,False,False,False,False,False,False,False,True,False,False,False,False,False,False,True,False,False,4,1737,11.503311182097278,0,0,0
job_000804,Pool,Pool,45088,2026-04,Pool,202,1522,862,,Within 1-2 weeks,medium,medium,routine,False,False,False,False,False,False,False,False,False,False,False,False,False,False,True,False,False,False,False,True,4,1320,6.534653432996765,0,0,0
job_000805,Cleaning,Window Washing,53429,2026-02,"Exterior window wash, 2-story, 20 windows",77,1229,653,,I'm flexible,medium,medium,routine,False,False,True,False,False,False,False,False,False,False,False,False,False,False,False,False,False,True,False,False,2,1152,14.961038766739756,1,0,0
job_000806,Remodeling,Remodeling,78993,2026-03,Remodeling,227,1926,1076,,I'm flexible,medium,medium,routine,False,False,False,False,False,False,False,False,False,False,False,False,False,False,False,True,False,True,False,False,3,1699,7.484581464825633,0,0,0
job_000807,Exterior,Exterior,71758,2026-04,Exterior,466,3420,1943,,Within 1-2 weeks,medium,medium,routine,False,False,False,False,True,False,False,False,False,False,False,False,False,False,False,False,False,False,False,True,4,2954,6.339055780388293,1,0,0
job_000808,Pool,Pool,35839,2026-01,Pool,210,1552,881,,I'm flexible,medium,medium,routine,False,False,False,False,False,False,False,False,False,False,False,False,False,False,True,False,False,True,False,False,1,1342,6.390476160045352,0,0,0
job_000809,Appliance Repair,Appliance Repair,58493,2026-02,Appliance Repair,217,1863,1040,,I'm flexible,medium,medium,routine,False,False,False,False,False,False,False,False,False,False,False,False,False,False,False,False,False,True,False,False,2,1646,7.585253421266113,0,0,0
job_000810,Roofing,Roofing,42572,2026-03,Roofing,185,2453,1319,,Within 1-2 weeks,medium,medium,routine,False,False,False,False,False,False,False,False,False,False,False,False,False,False,False,False,True,False,False,True,3,2268,12.259459393192111,0,0,0
job_000811,Moving,Moving,22087,2026-03,Moving,229,1791,1010,,I'm flexible,medium,medium,routine,False,False,False,False,False,False,False,False,False,False,True,False,False,False,False,False,False,True,False,False,3,1562,6.820960668904102,0,0,0
job_000812,Pool,Pool,10232,2026-03,Pool,231,1918,1074,,Within 1 month,medium,medium,routine,False,False,False,False,False,False,False,False,False,False,False,False,False,False,True,False,False,False,True,False,3,1687,7.303030271415453,0,0,0
job_000813,Flooring,Flooring,75835,2026-03,Flooring,208,2449,1328,,Within 1 month,medium,medium,routine,False,False,False,False,False,True,False,False,False,False,False,False,False,False,False,False,False,False,True,False,3,2241,10.7740384097402,0,0,0
job_000814,Exterior,Exterior,70842,2026-02,Exterior,572,3216,1894,,Within 1 month,medium,medium,routine,False,False,False,False,True,False,False,False,False,False,False,False,False,False,False,False,False,False,True,False,2,2644,4.622377614296543,1,0,0
job_000815,Auto,Auto,45873,2026-04,Auto,165,1533,849,,As soon as possible,medium,medium,routine,True,False,False,False,False,False,False,False,False,False,False,False,False,False,False,False,False,False,False,False,4,1368,8.290909040661157,0,0,0
job_000816,Cleaning,Window Washing,72252,2026-04,Carpet cleaning entire house,85,1177,631,,As soon as possible,medium,medium,routine,False,False,True,False,False,False,False,False,False,False,False,False,False,False,False,False,False,False,False,False,4,1092,12.847058672387545,1,0,0
job_000817,Cleaning,Window Washing,30761,2026-04,Carpet cleaning entire house,105,980,542,,As soon as possible,medium,medium,routine,False,False,True,False,False,False,False,False,False,False,False,False,False,False,False,False,False,False,False,False,4,875,8.333333253968254,1,0,0
job_000818,Landscaping,Landscaping,40610,2026-04,Landscaping,177,1242,709,,I'm flexible,medium,medium,routine,False,False,False,False,False,False,False,False,False,True,False,False,False,False,False,False,False,True,False,False,4,1065,6.01694911854831,1,0,0
job_000819,Exterior,Exterior,39333,2026-01,Exterior,439,3153,1796,,I'm flexible,medium,medium,routine,False,False,False,False,True,False,False,False,False,False,False,False,False,False,False,False,False,True,False,False,1,2714,6.182232332158924,1,0,0
job_000820,Plumbing,Leak Repair,66794,2026-02,Install new water heater,93,1483,788,,I'm flexible,medium,medium,routine,False,False,False,False,False,False,False,False,False,False,False,False,False,True,False,False,False,True,False,False,2,1390,14.946236398427565,1,0,0
job_000821,Landscaping,Landscaping,28720,2026-03,Landscaping,153,1828,990,,As soon as possible,medium,medium,routine,False,False,False,False,False,False,False,False,False,True,False,False,False,False,False,False,False,False,False,False,3,1675,10.947712346746979,1,0,0
job_000822,Flooring,Flooring,23036,2026-04,Flooring,220,2232,1226,,Within 1 month,medium,medium,routine,False,False,False,False,False,True,False,False,False,False,False,False,False,False,False,False,False,False,True,False,4,2012,9.145454503884299,0,0,0
job_000823,General Contractor,General Contractor,47240,2026-03,General Contractor,1137,10854,5995,,Within 1-2 weeks,medium,medium,routine,False,False,False,False,False,False,True,False,False,False,False,False,False,False,False,False,False,False,False,True,3,9717,8.546174134963787,0,0,1
job_000824,Handyman,Handyman,68605,2026-01,Handyman,66,400,233,,I'm flexible,medium,medium,routine,False,False,False,False,False,False,False,False,True,False,False,False,False,False,False,False,False,True,False,False,1,334,5.060605983930213,1,0,0
job_000825,Chimney,Chimney,21519,2026-01,Chimney,156,1604,880,,Within 1-2 weeks,medium,medium,routine,False,True,False,False,False,False,False,False,False,False,False,False,False,False,False,False,False,False,False,True,1,1448,9.282051222550955,0,0,0
job_000826,Roofing,Roofing,74678,2026-03,Roofing,189,2011,1100,,Within 1-2 weeks,medium,medium,routine,False,False,False,False,False,False,False,False,False,False,False,False,False,False,False,False,True,False,False,True,3,1822,9.64021158920523,0,0,0
job_000827,Landscaping,Landscaping,93761,2026-02,Landscaping,173,1546,859,,I'm flexible,medium,medium,routine,False,False,False,False,False,False,False,False,False,True,False,False,False,False,False,False,False,True,False,False,2,1373,7.9364161390958605,1,0,0
job_000828,Flooring,Flooring,55273,2026-01,Flooring,178,2483,1330,,Within 1-2 weeks,medium,medium,routine,False,False,False,False,False,True,False,False,False,False,False,False,False,False,False,False,False,False,False,True,1,2305,12.949438129497539,0,0,0
job_000829,Plumbing,Fixture Installation,43631,2026-03,Replace kitchen sink shutoff valve (you supply valve),94,1494,794,,Within 1 month,medium,medium,routine,False,False,False,False,False,False,False,False,False,False,False,False,False,True,False,False,False,False,True,False,3,1400,14.893616862833863,1,0,0
job_000830,Flooring,Flooring,90476,2026-03,Flooring,203,2434,1318,,As soon as possible,medium,medium,routine,False,False,False,False,False,True,False,False,False,False,False,False,False,False,False,False,False,False,False,False,3,2231,10.990147729112573,0,0,0
job_000831,Landscaping,Landscaping,15989,2026-04,Landscaping,237,1688,962,,Within 1 month,medium,medium,routine,False,False,False,False,False,False,False,False,False,True,False,False,False,False,False,False,False,False,True,False,4,1451,6.122362843365558,1,0,0
job_000832,Handyman,Handyman,15154,2026-04,Handyman,65,510,287,,I'm flexible,medium,medium,routine,False,False,False,False,False,False,False,False,True,False,False,False,False,False,False,False,False,True,False,False,4,445,6.846153740828404,1,0,0
job_000833,HVAC,Ductwork,65663,2026-02,Clean ductwork,219,2625,1422,,I'm flexible,medium,medium,routine,False,False,False,False,False,False,False,True,False,False,False,False,False,False,False,False,False,True,False,False,2,2406,10.986301319697255,1,0,0
job_000834,General Contractor,General Contractor,62348,2026-04,General Contractor,871,12461,6666,,Within 1 month,medium,medium,routine,False,False,False,False,False,False,True,False,False,False,False,False,False,False,False,False,False,False,True,False,4,11590,13.306544186789273,0,0,1
job_000835,Remodeling,Remodeling,44604,2026-04,Remodeling,244,2318,1281,,As soon as possible,medium,medium,routine,False,False,False,False,False,False,False,False,False,False,False,False,False,False,False,True,False,False,False,False,4,2074,8.499999965163935,0,0,0
job_000836,Remodeling,Remodeling,39339,2026-02,Remodeling,167,1685,926,,I'm flexible,medium,medium,routine,False,False,False,False,False,False,False,False,False,False,False,False,False,False,False,True,False,True,False,False,2,1518,9.089820304851376,0,0,0
job_000837,Chimney,Chimney,85093,2026-01,Chimney,195,1931,1063,,Within 1-2 weeks,medium,medium,routine,False,True,False,False,False,False,False,False,False,False,False,False,False,False,False,False,False,False,False,True,1,1736,8.902564056909927,0,0,0
job_000838,Electrical,Wiring,90476,2026-01,Install new outlets in kitchen,170,1632,901,,Within 1 month,medium,medium,routine,False,False,False,True,False,False,False,False,False,False,False,False,False,False,False,False,False,False,True,False,1,1462,8.599999949411766,1,0,0
job_000839,Moving,Moving,37101,2026-02,Moving,163,1734,948,,I'm flexible,medium,medium,routine,False,False,False,False,False,False,False,False,False,False,True,False,False,False,False,False,False,True,False,False,2,1571,9.638036750686892,0,0,0
job_000840,Cleaning,Window Washing,60393,2026-02,Window washing service,100,797,448,,I'm flexible,medium,medium,routine,False,False,True,False,False,False,False,False,False,False,False,False,False,False,False,False,False,True,False,False,2,697,6.969999930300001,1,0,0
job_000841,Chimney,Chimney,64231,2026-04,Chimney,199,2225,1212,,Within 1-2 weeks,medium,medium,routine,False,True,False,False,False,False,False,False,False,False,False,False,False,False,False,False,False,False,False,True,4,2026,10.180904471452742,0,0,0
job_000842,Chimney,Chimney,54840,2026-03,Chimney,162,2258,1210,,Within 1 month,medium,medium,routine,False,True,False,False,False,False,False,False,False,False,False,False,False,False,False,False,False,False,True,False,3,2096,12.938271525072398,0,0,0
job_000843,Auto,Auto,39778,2026-04,Auto,233,2429,1331,,Within 1 month,medium,medium,routine,True,False,False,False,False,False,False,False,False,False,False,False,False,False,False,False,False,False,True,False,4,2196,9.424892663412479,0,0,0
job_000844,Pool,Pool,93962,2026-03,Pool,204,2157,1180,,Within 1-2 weeks,medium,medium,routine,False,False,False,False,False,False,False,False,False,False,False,False,False,False,True,False,False,False,False,True,3,1953,9.57352936483564,0,0,0
job_000845,Painting,Interior,89362,2026-02,Exterior house painting,255,3046,1650,,As soon as possible,medium,medium,routine,False,False,False,False,False,False,False,False,False,False,False,True,False,False,False,False,False,False,False,False,2,2791,10.945097996293734,0,0,0
job_000846,General Contractor,General Contractor,10773,2026-03,General Contractor,1225,10311,5768,,I'm flexible,medium,medium,routine,False,False,False,False,False,False,True,False,False,False,False,False,False,False,False,False,False,True,False,False,3,9086,7.417142851088046,0,0,1
job_000847,Exterior,Exterior,30129,2026-03,Exterior,523,3083,1803,,Within 1 month,medium,medium,routine,False,False,False,False,True,False,False,False,False,False,False,False,False,False,False,False,False,False,True,False,3,2560,4.894837466740273,1,0,0
job_000848,Painting,Exterior,69081,2026-03,Paint interior bedroom walls,260,2262,1261,,Within 1 month,medium,medium,routine,False,False,False,False,False,False,False,False,False,False,False,True,False,False,False,False,False,False,True,False,3,2002,7.699999970384615,0,0,0
job_000849,Pest Control,Bed Bugs,74291,2026-03,"Bed bug heat treatment, 2BR apartment",292,2406,1349,,Within 1-2 weeks,medium,medium,routine,False,False,False,False,False,False,False,False,False,False,False,False,True,False,False,False,False,False,False,True,3,2114,7.239726002603678,0,0,0
job_000850,Flooring,Flooring,75283,2026-04,Flooring,237,1954,1095,,As soon as possible,medium,medium,routine,False,False,False,False,False,True,False,False,False,False,False,False,False,False,False,False,False,False,False,False,4,1717,7.244725707828161,0,0,0
job_000851,Remodeling,Remodeling,10009,2026-02,Remodeling,229,1870,1049,,Within 1-2 weeks,medium,medium,routine,False,False,False,False,False,False,False,False,False,False,False,False,False,False,False,True,False,False,False,True,2,1641,7.1659388333365115,0,0,0
job_000852,Roofing,Roofing,30153,2026-03,Roofing,196,2089,1142,,Within 1 month,medium,medium,routine,False,False,False,False,False,False,False,False,False,False,False,False,False,False,False,False,True,False,True,False,3,1893,9.658163216029779,0,0,0
job_000853,Pest Control,Rodents,70274,2026-01,Rodent control and sealing,243,2029,1136,,Within 1 month,medium,medium,routine,False,False,False,False,False,False,False,False,False,False,False,False,True,False,False,False,False,False,True,False,1,1786,7.349794208437061,0,0,0
job_000854,Moving,Moving,85447,2026-01,Moving,206,2087,1146,,As soon as possible,medium,medium,routine,False,False,False,False,False,False,False,False,False,False,True,False,False,False,False,False,False,False,False,False,1,1881,9.131067916839477,0,0,0
job_000855,Pool,Pool,96573,2026-03,Pool,191,2078,1134,,As soon as possible,medium,medium,routine,False,False,False,False,False,False,False,False,False,False,False,False,False,False,True,False,False,False,False,False,3,1887,9.879581100106906,0,0,0
job_000856,Landscaping,Landscaping,53389,2026-03,Landscaping,174,1140,657,,I'm flexible,medium,medium,routine,False,False,False,False,False,False,False,False,False,True,False,False,False,False,False,False,False,True,False,False,3,966,5.551724106024574,1,0,0
job_000857,Exterior,Exterior,67818,2026-04,Exterior,449,2915,1682,,Within 1 month,medium,medium,routine,False,False,False,False,True,False,False,False,False,False,False,False,False,False,False,False,False,False,True,False,4,2466,5.492204887545201,1,0,0
job_000858,Remodeling,Remodeling,10269,2026-03,Remodeling,192,1719,955,,Within 1-2 weeks,medium,medium,routine,False,False,False,False,False,False,False,False,False,False,False,False,False,False,False,True,False,False,False,True,3,1527,7.953124958577474,0,0,0
job_000859,Electrical,Lighting,62582,2026-01,Install ceiling fan,121,2484,1302,,Within 1-2 weeks,medium,medium,routine,False,False,False,True,False,False,False,False,False,False,False,False,False,False,False,False,False,False,False,True,1,2363,19.528925458438632,1,0,0
job_000860,Painting,Interior,42419,2026-02,Cabinet refinishing,265,2203,1234,,Within 1-2 weeks,medium,medium,routine,False,False,False,False,False,False,False,False,False,False,False,True,False,False,False,False,False,False,False,True,2,1938,7.313207519572802,0,0,0
job_000861,Pest Control,Termites,76343,2026-03,Termite inspection and treatment,326,1508,917,,Within 1 month,medium,medium,routine,False,False,False,False,False,False,False,False,False,False,False,False,True,False,False,False,False,False,True,False,3,1182,3.62576686004366,0,0,0
job_000862,HVAC,Furnace Maintenance,33866,2026-01,Clean ductwork,212,3264,1738,,I'm flexible,medium,medium,routine,False,False,False,False,False,False,False,True,False,False,False,False,False,False,False,False,False,True,False,False,1,3052,14.396226347187612,1,0,0
job_000863,Plumbing,Fixture Installation,86865,2026-01,Fix leaking bathroom faucet,100,1323,711,,As soon as possible,medium,medium,routine,False,False,False,False,False,False,False,False,False,False,False,False,False,True,False,False,False,False,False,False,1,1223,12.229999877700001,1,0,0
job_000864,Landscaping,Landscaping,76401,2026-04,Landscaping,244,1284,764,,Within 1 month,medium,medium,routine,False,False,False,False,False,False,False,False,False,True,False,False,False,False,False,False,False,False,True,False,4,1040,4.262295064498791,1,0,0
job_000865,Cleaning,Carpet Cleaning,48156,2026-03,Carpet cleaning entire house,98,957,527,,Within 1-2 weeks,medium,medium,routine,False,False,True,False,False,False,False,False,False,False,False,False,False,False,False,False,False,False,False,True,3,859,8.765306033007082,1,0,0
job_000866,HVAC,Thermostat,90504,2026-02,Clean ductwork,234,2523,1378,,Within 1-2 weeks,medium,medium,routine,False,False,False,False,False,False,False,True,False,False,False,False,False,False,False,False,False,False,False,True,2,2289,9.782051240247645,1,0,0
job_000867,Pool,Pool,99600,2026-01,Pool,173,2376,1274,,I'm flexible,medium,medium,routine,False,False,False,False,False,False,False,False,False,False,False,False,False,False,True,False,False,True,False,False,1,2203,12.734103972635237,0,0,0
job_000868,General Contractor,General Contractor,51233,2026-01,General Contractor,1032,10379,5705,,Within 1 month,medium,medium,routine,False,False,False,False,False,False,True,False,False,False,False,False,False,False,False,False,False,False,True,False,1,9347,9.05717053385933,0,0,1
job_000869,Plumbing,Fixture Installation,45014,2026-02,Install new water heater,111,1207,659,,As soon as possible,medium,medium,routine,False,False,False,False,False,False,False,False,False,False,False,False,False,True,False,False,False,False,False,False,2,1096,9.873873784920056,1,0,0
job_000870,Landscaping,Landscaping,17819,2026-04,Landscaping,156,1436,796,,Within 1-2 weeks,medium,medium,routine,False,False,False,False,False,False,False,False,False,True,False,False,False,False,False,False,False,False,False,True,4,1280,8.20512815253123,1,0,0
job_000871,Auto,Auto,68605,2026-01,Auto,185,1645,915,,Within 1-2 weeks,medium,medium,routine,True,False,False,False,False,False,False,False,False,False,False,False,False,False,False,False,False,False,False,True,1,1460,7.8918918492330175,0,0,0
job_000872,Landscaping,Landscaping,14773,2026-04,Landscaping,197,1423,810,,Within 1-2 weeks,medium,medium,routine,False,False,False,False,False,False,False,False,False,True,False,False,False,False,False,False,False,False,False,True,4,1226,6.223350222216497,1,0,0
job_000873,Plumbing,Leak Repair,47031,2026-03,Fix leaking bathroom faucet,113,1156,634,,As soon as possible,medium,medium,routine,False,False,False,False,False,False,False,False,False,False,False,False,False,True,False,False,False,False,False,False,3,1043,9.230088413893023,1,0,0
job_000874,Cleaning,General Cleaning,53389,2026-01,Deep clean kitchen and bathrooms,88,1056,572,,Within 1-2 weeks,medium,medium,routine,False,False,True,False,False,False,False,False,False,False,False,False,False,False,False,False,False,False,False,True,1,968,10.999999875000002,1,0,0
job_000875,Chimney,Chimney,12900,2026-01,Chimney,225,2485,1355,,Within 1-2 weeks,medium,medium,routine,False,True,False,False,False,False,False,False,False,False,False,False,False,False,False,False,False,False,False,True,1,2260,10.044444399802469,0,0,0
job_000876,HVAC,AC Repair,52615,2026-03,Install new thermostat,201,3002,1601,,Within 1-2 weeks,medium,medium,routine,False,False,False,False,False,False,False,True,False,False,False,False,False,False,False,False,False,False,False,True,3,2801,13.93532331375461,1,0,0
job_000877,HVAC,AC Repair,27346,2026-01,Clean ductwork,204,2548,1376,,As soon as possible,medium,medium,routine,False,False,False,False,False,False,False,True,False,False,False,False,False,False,False,False,False,False,False,False,1,2344,11.490196022106883,1,0,0
job_000878,Cleaning,Window Washing,52452,2026-03,"Exterior window wash, 2-story, 20 windows",81,902,491,,Within 1-2 weeks,medium,medium,routine,False,False,True,False,False,False,False,False,False,False,False,False,False,False,False,False,False,False,False,True,3,821,10.13580234400244,1,0,0
job_000879,Chimney,Chimney,65514,2026-04,Chimney,224,2367,1295,,Within 1-2 weeks,medium,medium,routine,False,True,False,False,False,False,False,False,False,False,False,False,False,False,False,False,False,False,False,True,4,2143,9.566964243004625,0,0,0
job_000880,Exterior,Exterior,19474,2026-01,Exterior,569,2748,1658,,As soon as possible,medium,medium,routine,False,False,False,False,True,False,False,False,False,False,False,False,False,False,False,False,False,False,False,False,1,2179,3.8295254765737687,1,0,0
job_000881,Landscaping,Landscaping,61334,2026-03,Landscaping,194,1258,726,,Within 1 month,medium,medium,routine,False,False,False,False,False,False,False,False,False,True,False,False,False,False,False,False,False,False,True,False,3,1064,5.4845360542034225,1,0,0
job_000882,Auto,Auto,34720,2026-04,Auto,248,2355,1301,,I'm flexible,medium,medium,routine,True,False,False,False,False,False,False,False,False,False,False,False,False,False,False,False,False,True,False,False,4,2107,8.495967707677549,0,0,0
job_000883,Exterior,Exterior,81352,2026-02,Exterior,468,3048,1758,,I'm flexible,medium,medium,routine,False,False,False,False,True,False,False,False,False,False,False,False,False,False,False,False,False,True,False,False,2,2580,5.512820501040982,1,0,0
job_000884,Landscaping,Landscaping,24833,2026-02,Landscaping,159,1601,880,,As soon as possible,medium,medium,routine,False,False,False,False,False,False,False,False,False,True,False,False,False,False,False,False,False,False,False,False,2,1442,9.069182332898224,1,0,0
job_000885,Moving,Moving,99903,2026-04,Moving,154,2287,1220,,I'm flexible,medium,medium,routine,False,False,False,False,False,False,False,False,False,False,True,False,False,False,False,False,False,True,False,False,4,2133,13.85064926071007,0,0,0
job_000886,Flooring,Flooring,15999,2026-03,Flooring,166,1886,1026,,As soon as possible,medium,medium,routine,False,False,False,False,False,True,False,False,False,False,False,False,False,False,False,False,False,False,False,False,3,1720,10.361445720714183,0,0,0
job_000887,Moving,Moving,21122,2026-02,Moving,191,2175,1183,,I'm flexible,medium,medium,routine,False,False,False,False,False,False,False,False,False,False,True,False,False,False,False,False,False,True,False,False,2,1984,10.387434500589348,0,0,0
job_000888,Electrical,Outlet Installation,49526,2026-01,Install ceiling fan,184,2474,1329,,I'm flexible,medium,medium,routine,False,False,False,True,False,False,False,False,False,False,False,False,False,False,False,False,False,True,False,False,1,2290,12.44565210627363,1,0,0
job_000889,Moving,Moving,71776,2026-02,Moving,219,2470,1344,,I'm flexible,medium,medium,routine,False,False,False,False,False,False,False,False,False,False,True,False,False,False,False,False,False,True,False,False,2,2251,10.27853876585142,0,0,0
job_000890,General Contractor,General Contractor,58892,2026-03,General Contractor,1017,7939,4478,,I'm flexible,medium,medium,routine,False,False,False,False,False,False,True,False,False,False,False,False,False,False,False,False,False,True,False,False,3,6922,6.8062930119898795,0,0,1
job_000891,General Contractor,General Contractor,25675,2026-04,General Contractor,1051,10323,5687,,As soon as possible,medium,medium,routine,False,False,False,False,False,False,True,False,False,False,False,False,False,False,False,False,False,False,False,False,4,9272,8.82207420663932,0,0,1
job_000892,Roofing,Roofing,95695,2026-01,Roofing,185,1741,963,,I'm flexible,medium,medium,routine,False,False,False,False,False,False,False,False,False,False,False,False,False,False,False,False,True,True,False,False,1,1556,8.41081076534697,0,0,0
job_000893,Cleaning,Carpet Cleaning,36227,2026-01,"Exterior window wash, 2-story, 20 windows",99,1021,560,,I'm flexible,medium,medium,routine,False,False,True,False,False,False,False,False,False,False,False,False,False,False,False,False,False,True,False,False,1,922,9.313131219059281,1,0,0
job_000894,Appliance Repair,Appliance Repair,36378,2026-02,Appliance Repair,229,2216,1222,,As soon as possible,medium,medium,routine,False,False,False,False,False,False,False,False,False,False,False,False,False,False,False,False,False,False,False,False,2,1987,8.676855857306306,0,0,0
job_000895,Handyman,Handyman,33587,2026-04,Handyman,60,528,294,,Within 1 month,medium,medium,routine,False,False,False,False,False,False,False,False,True,False,False,False,False,False,False,False,False,False,True,False,4,468,7.799999870000002,1,0,0
job_000896,Auto,Auto,24667,2026-04,Auto,225,1686,955,,As soon as possible,medium,medium,routine,True,False,False,False,False,False,False,False,False,False,False,False,False,False,False,False,False,False,False,False,4,1461,6.493333304474074,0,0,0
job_000897,Plumbing,Water Heater Replacement,10773,2026-02,Replace kitchen sink shutoff valve (you supply valve),114,1753,933,,Within 1 month,medium,medium,routine,False,False,False,False,False,False,False,False,False,False,False,False,False,True,False,False,False,False,True,False,2,1639,14.377192856340415,1,0,0
job_000898,Moving,Moving,84148,2026-03,Moving,166,1567,866,,Within 1-2 weeks,medium,medium,routine,False,False,False,False,False,False,False,False,False,False,True,False,False,False,False,False,False,False,False,True,3,1401,8.439758985302657,0,0,0
job_000899,Painting,Interior,73719,2026-02,Paint interior bedroom walls,355,2092,1223,,I'm flexible,medium,medium,routine,False,False,False,False,False,False,False,False,False,False,False,True,False,False,False,False,False,True,False,False,2,1737,4.892957732695894,0,0,0
job_000900,General Contractor,General Contractor,15154,2026-02,General Contractor,882,8467,4674,,As soon as possible,medium,medium,routine,False,False,False,False,False,False,True,False,False,False,False,False,False,False,False,False,False,False,False,False,2,7585,8.599773232880075,0,0,1
job_000901,Flooring,Flooring,32049,2026-03,Flooring,227,2257,1242,,As soon as possible,medium,medium,routine,False,False,False,False,False,True,False,False,False,False,False,False,False,False,False,False,False,False,False,False,3,2030,8.942731238137748,0,0,0
job_000902,HVAC,Thermostat,83048,2026-03,Furnace service before winter,152,2899,1525,,I'm flexible,medium,medium,routine,False,False,False,False,False,False,False,True,False,False,False,False,False,False,False,False,False,True,False,False,3,2747,18.07236830215547,1,0,0
job_000903,Plumbing,Drain Cleaning,40610,2026-03,Fix leaking bathroom faucet,96,1478,787,,As soon as possible,medium,medium,routine,False,False,False,False,False,False,False,False,False,False,False,False,False,True,False,False,False,False,False,False,3,1382,14.395833183376737,1,0,0
job_000904,Flooring,Flooring,19954,2026-01,Flooring,186,2299,1242,,Within 1 month,medium,medium,routine,False,False,False,False,False,True,False,False,False,False,False,False,False,False,False,False,False,False,True,False,1,2113,11.360214992687016,0,0,0
job_000905,Pool,Pool,64007,2026-02,Pool,166,1605,885,,I'm flexible,medium,medium,routine,False,False,False,False,False,False,False,False,False,False,False,False,False,False,True,False,False,True,False,False,2,1439,8.66867464657425,0,0,0
job_000906,Handyman,Handyman,79331,2026-03,Handyman,72,550,311,,Within 1-2 weeks,medium,medium,routine,False,False,False,False,False,False,False,False,True,False,False,False,False,False,False,False,False,False,False,True,3,478,6.6388887966821,1,0,0
job_000907,Remodeling,Remodeling,52887,2026-03,Remodeling,196,2354,1275,,Within 1 month,medium,medium,routine,False,False,False,False,False,False,False,False,False,False,False,False,False,False,False,True,False,False,True,False,3,2158,11.010204025458142,0,0,0
job_000908,General Contractor,General Contractor,40054,2026-01,General Contractor,1073,10937,6005,,Within 1 month,medium,medium,routine,False,False,False,False,False,False,True,False,False,False,False,False,False,False,False,False,False,False,True,False,1,9864,9.192917046418529,0,0,1
job_000909,Exterior,Exterior,27772,2026-01,Exterior,465,2904,1684,,I'm flexible,medium,medium,routine,False,False,False,False,True,False,False,False,False,False,False,False,False,False,False,False,False,True,False,False,1,2439,5.245161279042664,1,0,0
job_000910,HVAC,AC Repair,60154,2026-03,AC unit repair and maintenance,173,3542,1857,,As soon as possible,medium,medium,routine,False,False,False,False,False,False,False,True,False,False,False,False,False,False,False,False,False,False,False,False,3,3369,19.473988326739953,1,0,0
job_000911,Chimney,Chimney,79479,2026-04,Chimney,195,2279,1237,,Within 1-2 weeks,medium,medium,routine,False,True,False,False,False,False,False,False,False,False,False,False,False,False,False,False,False,False,False,True,4,2084,10.687179432373439,0,0,0
job_000912,Pest Control,Bed Bugs,97337,2026-02,Termite inspection and treatment,244,2088,1166,,I'm flexible,medium,medium,routine,False,False,False,False,False,False,False,False,False,False,False,False,True,False,False,False,False,True,False,False,2,1844,7.557377018207471,0,0,0
job_000913,Plumbing,Fixture Installation,71687,2026-02,Fix leaking bathroom faucet,107,1273,690,,Within 1 month,medium,medium,routine,False,False,False,False,False,False,False,False,False,False,False,False,False,True,False,False,False,False,True,False,2,1166,10.897196159839288,1,0,0
job_000914,Remodeling,Remodeling,43985,2026-04,Remodeling,217,1834,1025,,As soon as possible,medium,medium,routine,False,False,False,False,False,False,False,False,False,False,False,False,False,False,False,True,False,False,False,False,4,1617,7.451612868886577,0,0,0
job_000915,Moving,Moving,41207,2026-01,Moving,156,2492,1324,,I'm flexible,medium,medium,routine,False,False,False,False,False,False,False,False,False,False,True,False,False,False,False,False,False,True,False,False,1,2336,14.974358878369495,0,0,0
job_000916,Painting,Cabinet,99141,2026-03,Exterior house painting,235,2099,1167,,Within 1 month,medium,medium,routine,False,False,False,False,False,False,False,False,False,False,False,True,False,False,False,False,False,False,True,False,3,1864,7.931914859864192,0,0,0
job_000917,Plumbing,Drain Cleaning,85465,2026-02,Replace kitchen sink shutoff valve (you supply valve),121,1731,926,,I'm flexible,medium,medium,routine,False,False,False,False,False,False,False,False,False,False,False,False,False,True,False,False,False,True,False,False,2,1610,13.305785014001778,1,0,0
job_000918,Pest Control,Bed Bugs,69203,2026-02,General pest control service,279,1566,922,,As soon as possible,medium,medium,routine,False,False,False,False,False,False,False,False,False,False,False,False,True,False,False,False,False,False,False,False,2,1287,4.612903209272749,0,0,0
job_000919,Painting,Exterior,19071,2026-03,Trim painting,368,2064,1216,,Within 1-2 weeks,medium,medium,routine,False,False,False,False,False,False,False,False,False,False,False,True,False,False,False,False,False,False,False,True,3,1696,4.608695639650284,0,0,0
job_000920,Pest Control,General,90096,2026-02,General pest control service,303,2430,1366,,Within 1-2 weeks,medium,medium,routine,False,False,False,False,False,False,False,False,False,False,False,False,True,False,False,False,False,False,False,True,2,2127,7.0198019570303565,0,0,0
job_000921,Appliance Repair,Appliance Repair,66560,2026-03,Appliance Repair,219,2228,1223,,Within 1-2 weeks,medium,medium,routine,False,False,False,False,False,False,False,False,False,False,False,False,False,False,False,False,False,False,False,True,3,2009,9.17351593984696,0,0,0
job_000922,Plumbing,Water Heater Replacement,35547,2026-04,Replace kitchen sink shutoff valve (you supply valve),82,1650,866,,Within 1-2 weeks,medium,medium,routine,False,False,False,False,False,False,False,False,False,False,False,False,False,True,False,False,False,False,False,True,4,1568,19.12195098631767,1,0,0
job_000923,Cleaning,Window Washing,89048,2026-04,"Exterior window wash, 2-story, 20 windows",90,1222,656,,Within 1-2 weeks,medium,medium,routine,False,False,True,False,False,False,False,False,False,False,False,False,False,False,False,False,False,False,False,True,4,1132,12.577777638024694,1,0,0
job_000924,Pool,Pool,44410,2026-03,Pool,200,1583,891,,Within 1 month,medium,medium,routine,False,False,False,False,False,False,False,False,False,False,False,False,False,False,True,False,False,False,True,False,3,1383,6.914999965425,0,0,0
job_000925,Painting,Exterior,60484,2026-03,Exterior house painting,251,2355,1303,,As soon as possible,medium,medium,routine,False,False,False,False,False,False,False,False,False,False,False,True,False,False,False,False,False,False,False,False,3,2104,8.382470086125617,0,0,0
job_000926,Cleaning,Window Washing,49799,2026-02,Deep clean kitchen and bathrooms,115,1011,563,,As soon as possible,medium,medium,routine,False,False,True,False,False,False,False,False,False,False,False,False,False,False,False,False,False,False,False,False,2,896,7.791304280075615,1,0,0
job_000927,Landscaping,Landscaping,89829,2026-01,Landscaping,248,1473,860,,As soon as possible,medium,medium,routine,False,False,False,False,False,False,False,False,False,True,False,False,False,False,False,False,False,False,False,False,1,1225,4.939516109114854,1,0,0
job_000928,HVAC,Ductwork,83045,2026-03,Clean ductwork,171,3294,1732,,As soon as possible,medium,medium,routine,False,False,False,False,False,False,False,True,False,False,False,False,False,False,False,False,False,False,False,False,3,3123,18.26315778793475,1,0,0
job_000929,Exterior,Exterior,22003,2026-04,Exterior,415,2757,1586,,As soon as possible,medium,medium,routine,False,False,False,False,True,False,False,False,False,False,False,False,False,False,False,False,False,False,False,False,4,2342,5.643373480377413,1,0,0
job_000930,HVAC,Ductwork,39251,2026-01,AC unit repair and maintenance,222,2552,1387,,Within 1-2 weeks,medium,medium,routine,False,False,False,False,False,False,False,True,False,False,False,False,False,False,False,False,False,False,False,True,1,2330,10.49549544821849,1,0,0
job_000931,Roofing,Roofing,30761,2026-02,Roofing,201,2422,1311,,Within 1 month,medium,medium,routine,False,False,False,False,False,False,False,False,False,False,False,False,False,False,False,False,True,False,True,False,2,2221,11.049751188807209,0,0,0
job_000932,HVAC,Ductwork,22535,2026-02,Clean ductwork,221,2560,1390,,As soon as possible,medium,medium,routine,False,False,False,False,False,False,False,True,False,False,False,False,False,False,False,False,False,False,False,False,2,2339,10.583710359349727,1,0,0
job_000933,Auto,Auto,52452,2026-01,Auto,158,2135,1146,,Within 1-2 weeks,medium,medium,routine,True,False,False,False,False,False,False,False,False,False,False,False,False,False,False,False,False,False,False,True,1,1977,12.512658148654063,0,0,0
job_000934,Roofing,Roofing,67244,2026-03,Roofing,242,1637,939,,As soon as possible,medium,medium,routine,False,False,False,False,False,False,False,False,False,False,False,False,False,False,False,False,True,False,False,False,3,1395,5.764462786097261,0,0,0
job_000935,Landscaping,Landscaping,44904,2026-03,Landscaping,167,1556,861,,I'm flexible,medium,medium,routine,False,False,False,False,False,False,False,False,False,True,False,False,False,False,False,False,False,True,False,False,3,1389,8.317365219656496,1,0,0
job_000936,Pool,Pool,12007,2026-03,Pool,226,1854,1040,,As soon as possible,medium,medium,routine,False,False,False,False,False,False,False,False,False,False,False,False,False,False,True,False,False,False,False,False,3,1628,7.20353979113478,0,0,0
job_000937,Remodeling,Remodeling,58032,2026-02,Remodeling,241,2006,1123,,Within 1-2 weeks,medium,medium,routine,False,False,False,False,False,False,False,False,False,False,False,False,False,False,False,True,False,False,False,True,2,1765,7.323651421893563,0,0,0
job_000938,Landscaping,Landscaping,20144,2026-02,Landscaping,211,1249,730,,Within 1 month,medium,medium,routine,False,False,False,False,False,False,False,False,False,True,False,False,False,False,False,False,False,False,True,False,2,1038,4.919431256306013,1,0,0
job_000939,HVAC,Furnace Maintenance,56879,2026-03,Furnace service before winter,190,3162,1676,,Within 1 month,medium,medium,routine,False,False,False,False,False,False,False,True,False,False,False,False,False,False,False,False,False,False,True,False,3,2972,15.642105180831026,1,0,0
job_000940,Flooring,Flooring,44604,2026-03,Flooring,204,1829,1016,,I'm flexible,medium,medium,routine,False,False,False,False,False,True,False,False,False,False,False,False,False,False,False,False,False,True,False,False,3,1625,7.965686235462322,0,0,0
job_000941,Handyman,Handyman,61156,2026-03,Handyman,83,531,307,,I'm flexible,medium,medium,routine,False,False,False,False,False,False,False,False,True,False,False,False,False,False,False,False,False,True,False,False,3,448,5.397590296414575,1,0,0
job_000942,Pool,Pool,85532,2026-01,Pool,202,1858,1030,,Within 1 month,medium,medium,routine,False,False,False,False,False,False,False,False,False,False,False,False,False,False,True,False,False,False,True,False,1,1656,8.198019761395942,0,0,0
job_000943,Remodeling,Remodeling,84872,2026-02,Remodeling,250,1613,931,,Within 1-2 weeks,medium,medium,routine,False,False,False,False,False,False,False,False,False,False,False,False,False,False,False,True,False,False,False,True,2,1363,5.451999978192,0,0,0
job_000944,Electrical,Lighting,51030,2026-01,Install ceiling fan,152,1645,898,,Within 1 month,medium,medium,routine,False,False,False,True,False,False,False,False,False,False,False,False,False,False,False,False,False,False,True,False,1,1493,9.822368356431788,1,0,0
job_000945,Painting,Exterior,83717,2026-04,Cabinet refinishing,247,2308,1277,,Within 1 month,medium,medium,routine,False,False,False,False,False,False,False,False,False,False,False,True,False,False,False,False,False,False,True,False,4,2061,8.34412952087397,0,0,0
job_000946,Remodeling,Remodeling,41627,2026-04,Remodeling,183,1614,898,,Within 1-2 weeks,medium,medium,routine,False,False,False,False,False,False,False,False,False,False,False,False,False,False,False,True,False,False,False,True,4,1431,7.819672088417093,0,0,0
job_000947,Auto,Auto,40054,2026-01,Auto,168,2150,1159,,I'm flexible,medium,medium,routine,True,False,False,False,False,False,False,False,False,False,False,False,False,False,False,False,False,True,False,False,1,1982,11.797618977395125,0,0,0
job_000948,Painting,Interior,42612,2026-02,Exterior house painting,289,2220,1254,,I'm flexible,medium,medium,routine,False,False,False,False,False,False,False,False,False,False,False,True,False,False,False,False,False,True,False,False,2,1931,6.681660876534045,0,0,0
job_000949,Cleaning,Window Washing,39251,2026-04,Carpet cleaning entire house,83,881,482,,Within 1-2 weeks,medium,medium,routine,False,False,True,False,False,False,False,False,False,False,False,False,False,False,False,False,False,False,False,True,4,798,9.614457715488461,1,0,0
job_000950,Painting,Interior,72862,2026-04,Cabinet refinishing,256,2145,1200,,As soon as possible,medium,medium,routine,False,False,False,False,False,False,False,False,False,False,False,True,False,False,False,False,False,False,False,False,4,1889,7.378906221176147,0,0,0
job_000951,Plumbing,Water Heater Replacement,76813,2026-04,Clear clogged drain,90,1533,811,,Within 1-2 weeks,medium,medium,routine,False,False,False,False,False,False,False,False,False,False,False,False,False,True,False,False,False,False,False,True,4,1443,16.033333155185186,1,0,0
job_000952,Roofing,Roofing,10864,2026-01,Roofing,169,1768,968,,Within 1 month,medium,medium,routine,False,False,False,False,False,False,False,False,False,False,False,False,False,False,False,False,True,False,True,False,1,1599,9.461538405553027,0,0,0
job_000953,General Contractor,General Contractor,97585,2026-03,General Contractor,1235,12230,6732,,Within 1 month,medium,medium,routine,False,False,False,False,False,False,True,False,False,False,False,False,False,False,False,False,False,False,True,False,3,10995,8.902834000888392,0,0,1
job_000954,General Contractor,General Contractor,59888,2026-02,General Contractor,1040,8623,4831,,Within 1-2 weeks,medium,medium,routine,False,False,False,False,False,False,True,False,False,False,False,False,False,False,False,False,False,False,False,True,2,7583,7.291346146835243,0,0,1
job_000955,General Contractor,General Contractor,70805,2026-04,General Contractor,1174,10953,6063,,Within 1-2 weeks,medium,medium,routine,False,False,False,False,False,False,True,False,False,False,False,False,False,False,False,False,False,False,False,True,4,9779,8.329642241627221,0,0,1
job_000956,Remodeling,Remodeling,77220,2026-03,Remodeling,237,2159,1198,,As soon as possible,medium,medium,routine,False,False,False,False,False,False,False,False,False,False,False,False,False,False,False,True,False,False,False,False,3,1922,8.109704607132048,0,0,0
job_000957,Appliance Repair,Appliance Repair,28958,2026-02,Appliance Repair,154,2103,1128,,Within 1 month,medium,medium,routine,False,False,False,False,False,False,False,False,False,False,False,False,False,False,False,False,False,False,True,False,2,1949,12.655844073663351,0,0,0
job_000958,Pest Control,Rodents,88178,2026-01,Rodent control and sealing,239,1620,929,,As soon as possible,medium,medium,routine,False,False,False,False,False,False,False,False,False,False,False,False,True,False,False,False,False,False,False,False,1,1381,5.778242653647521,0,0,0
job_000959,Roofing,Roofing,35713,2026-04,Roofing,229,2219,1224,,As soon as possible,medium,medium,routine,False,False,False,False,False,False,False,False,False,False,False,False,False,False,False,False,True,False,False,False,4,1990,8.689956293930322,0,0,0
job_000960,Flooring,Flooring,65478,2026-02,Flooring,231,1716,973,,Within 1-2 weeks,medium,medium,routine,False,False,False,False,False,True,False,False,False,False,False,False,False,False,False,False,False,False,False,True,2,1485,6.428571400742115,0,0,0
job_000961,Landscaping,Landscaping,48184,2026-04,Landscaping,215,1652,933,,Within 1-2 weeks,medium,medium,routine,False,False,False,False,False,False,False,False,False,True,False,False,False,False,False,False,False,False,False,True,4,1437,6.683720899145484,1,0,0
job_000962,General Contractor,General Contractor,41801,2026-01,General Contractor,821,12296,6558,,Within 1 month,medium,medium,routine,False,False,False,False,False,False,True,False,False,False,False,False,False,False,False,False,False,False,True,False,1,11475,13.976857473840612,0,0,1
job_000963,Moving,Moving,45012,2026-02,Moving,195,2072,1133,,As soon as possible,medium,medium,routine,False,False,False,False,False,False,False,False,False,False,True,False,False,False,False,False,False,False,False,False,2,1877,9.625640976278765,0,0,0
job_000964,Landscaping,Landscaping,75159,2026-04,Landscaping,196,1342,769,,Within 1 month,medium,medium,routine,False,False,False,False,False,False,False,False,False,True,False,False,False,False,False,False,False,False,True,False,4,1146,5.846938745678884,1,0,0
job_000965,Plumbing,Water Heater Replacement,68050,2026-04,Clear clogged drain,112,1140,626,,As soon as possible,medium,medium,routine,False,False,False,False,False,False,False,False,False,False,False,False,False,True,False,False,False,False,False,False,4,1028,9.178571346619899,1,0,0
job_000966,Painting,Interior,98838,2026-03,Trim painting,271,2809,1540,,Within 1-2 weeks,medium,medium,routine,False,False,False,False,False,False,False,False,False,False,False,True,False,False,False,False,False,False,False,True,3,2538,9.36531361857818,0,0,0
job_000967,Electrical,Outlet Installation,95468,2026-03,Install new outlets in kitchen,135,2046,1090,,I'm flexible,medium,medium,routine,False,False,False,True,False,False,False,False,False,False,False,False,False,False,False,False,False,True,False,False,3,1911,14.15555545069959,1,0,0
job_000968,Chimney,Chimney,34365,2026-03,Chimney,172,1885,1028,,Within 1 month,medium,medium,routine,False,True,False,False,False,False,False,False,False,False,False,False,False,False,False,False,False,False,True,False,3,1713,9.959302267678476,0,0,0
job_000969,Roofing,Roofing,10114,2026-01,Roofing,150,1856,1003,,Within 1 month,medium,medium,routine,False,False,False,False,False,False,False,False,False,False,False,False,False,False,False,False,True,False,True,False,1,1706,11.373333257511112,0,0,0
job_000970,Painting,Exterior,34720,2026-02,Cabinet refinishing,287,2548,1417,,Within 1 month,medium,medium,routine,False,False,False,False,False,False,False,False,False,False,False,True,False,False,False,False,False,False,True,False,2,2261,7.878048753038158,0,0,0
job_000971,Remodeling,Remodeling,79074,2026-04,Remodeling,151,2485,1318,,Within 1 month,medium,medium,routine,False,False,False,False,False,False,False,False,False,False,False,False,False,False,False,True,False,False,True,False,4,2334,15.456953540020175,0,0,0
job_000972,Flooring,Flooring,58130,2026-04,Flooring,177,1800,988,,Within 1 month,medium,medium,routine,False,False,False,False,False,True,False,False,False,False,False,False,False,False,False,False,False,False,True,False,4,1623,9.169491473618692,0,0,0
job_000973,Flooring,Flooring,72459,2026-04,Flooring,203,1829,1016,,I'm flexible,medium,medium,routine,False,False,False,False,False,True,False,False,False,False,False,False,False,False,False,False,False,True,False,False,4,1626,8.00985217729137,0,0,0
job_000974,Pool,Pool,53787,2026-03,Pool,180,1589,884,,I'm flexible,medium,medium,routine,False,False,False,False,False,False,False,False,False,False,False,False,False,False,True,False,False,True,False,False,3,1409,7.827777734290124,0,0,0
job_000975,Painting,Cabinet,94355,2026-01,Exterior house painting,227,3054,1640,,Within 1 month,medium,medium,routine,False,False,False,False,False,False,False,False,False,False,False,True,False,False,False,False,False,False,True,False,1,2827,12.45374443852976,0,0,0
job_000976,Chimney,Chimney,49332,2026-04,Chimney,207,2265,1236,,Within 1 month,medium,medium,routine,False,True,False,False,False,False,False,False,False,False,False,False,False,False,False,False,False,False,True,False,4,2058,9.94202893747812,0,0,0
job_000977,Pool,Pool,23654,2026-01,Pool,191,1759,975,,Within 1-2 weeks,medium,medium,routine,False,False,False,False,False,False,False,False,False,False,False,False,False,False,True,False,False,False,False,True,1,1568,8.209424040788356,0,0,0
job_000978,Appliance Repair,Appliance Repair,23008,2026-03,Appliance Repair,181,1796,988,,I'm flexible,medium,medium,routine,False,False,False,False,False,False,False,False,False,False,False,False,False,False,False,False,False,True,False,False,3,1615,8.922651884405239,0,0,0
job_000979,Exterior,Exterior,15831,2026-03,Exterior,403,3195,1799,,As soon as possible,medium,medium,routine,False,False,False,False,True,False,False,False,False,False,False,False,False,False,False,False,False,False,False,False,3,2792,6.928039685042085,1,0,0
job_000980,HVAC,Furnace Maintenance,36227,2026-04,AC unit repair and maintenance,190,2800,1495,,Within 1-2 weeks,medium,medium,routine,False,False,False,False,False,False,False,True,False,False,False,False,False,False,False,False,False,False,False,True,4,2610,13.73684203296399,1,0,0
job_000981,Landscaping,Landscaping,59514,2026-03,Landscaping,191,1248,719,,I'm flexible,medium,medium,routine,False,False,False,False,False,False,False,False,False,True,False,False,False,False,False,False,False,True,False,False,3,1057,5.534031384638579,1,0,0
job_000982,Appliance Repair,Appliance Repair,70274,2026-02,Appliance Repair,166,1751,958,,I'm flexible,medium,medium,routine,False,False,False,False,False,False,False,False,False,False,False,False,False,False,False,False,False,True,False,False,2,1585,9.548192713565104,0,0,0
job_000983,Pest Control,Bed Bugs,78636,2026-02,"Bed bug heat treatment, 2BR apartment",343,2343,1343,,I'm flexible,medium,medium,routine,False,False,False,False,False,False,False,False,False,False,False,False,True,False,False,False,False,True,False,False,2,2000,5.830903773087744,0,0,0
job_000984,Exterior,Exterior,82412,2026-03,Exterior,477,2482,1479,,As soon as possible,medium,medium,routine,False,False,False,False,True,False,False,False,False,False,False,False,False,False,False,False,False,False,False,False,3,2005,4.203354288881857,1,0,0
job_000985,Electrical,Wiring,48049,2026-02,Install new outlets in kitchen,141,2388,1264,,Within 1-2 weeks,medium,medium,routine,False,False,False,True,False,False,False,False,False,False,False,False,False,False,False,False,False,False,False,True,2,2247,15.936170099743475,1,0,0
job_000986,Electrical,Outlet Installation,37228,2026-03,Repair faulty electrical panel,132,1599,865,,Within 1 month,medium,medium,routine,False,False,False,True,False,False,False,False,False,False,False,False,False,False,False,False,False,False,True,False,3,1467,11.113636279442149,1,0,0
job_000987,Exterior,Exterior,13652,2026-01,Exterior,440,2769,1604,,I'm flexible,medium,medium,routine,False,False,False,False,True,False,False,False,False,False,False,False,False,False,False,False,False,True,False,False,1,2329,5.29318180615186,1,0,0
job_000988,Chimney,Chimney,59295,2026-02,Chimney,172,2449,1310,,Within 1-2 weeks,medium,medium,routine,False,True,False,False,False,False,False,False,False,False,False,False,False,False,False,False,False,False,False,True,2,2277,13.238372016055976,0,0,0
job_000989,Pool,Pool,81659,2026-03,Pool,163,2029,1096,,As soon as possible,medium,medium,routine,False,False,False,False,False,False,False,False,False,False,False,False,False,False,True,False,False,False,False,False,3,1866,11.447852690503971,0,0,0
job_000990,Auto,Auto,82583,2026-01,Auto,187,2134,1160,,Within 1-2 weeks,medium,medium,routine,True,False,False,False,False,False,False,False,False,False,False,False,False,False,False,False,False,False,False,True,1,1947,10.411764650204468,0,0,0
job_000991,Auto,Auto,17227,2026-02,Auto,212,2244,1228,,Within 1-2 weeks,medium,medium,routine,True,False,False,False,False,False,False,False,False,False,False,False,False,False,False,False,False,False,False,True,2,2032,9.584905615165539,0,0,0
job_000992,Plumbing,Drain Cleaning,14490,2026-04,Clear clogged drain,93,1346,719,,As soon as possible,medium,medium,routine,False,False,False,False,False,False,False,False,False,False,False,False,False,True,False,False,False,False,False,False,4,1253,13.473118134697655,1,0,0
job_000993,Pest Control,Termites,24822,2026-04,"Bed bug heat treatment, 2BR apartment",340,1571,955,,I'm flexible,medium,medium,routine,False,False,False,False,False,False,False,False,False,False,False,False,True,False,False,False,False,True,False,False,4,1231,3.6205882246453287,0,0,0
job_000994,Plumbing,Fixture Installation,20454,2026-01,Replace kitchen sink shutoff valve (you supply valve),111,1852,981,,Within 1-2 weeks,medium,medium,routine,False,False,False,False,False,False,False,False,False,False,False,False,False,True,False,False,False,False,False,True,1,1741,15.68468454338122,1,0,0
job_000995,Pest Control,Termites,88825,2026-03,Rodent control and sealing,306,1767,1036,,As soon as possible,medium,medium,routine,False,False,False,False,False,False,False,False,False,False,False,False,True,False,False,False,False,False,False,False,3,1461,4.774509788318595,0,0,0
job_000996,Chimney,Chimney,95127,2026-01,Chimney,217,1561,889,,Within 1 month,medium,medium,routine,False,True,False,False,False,False,False,False,False,False,False,False,False,False,False,False,False,False,True,False,1,1344,6.193548358555077,0,0,0
job_000997,Flooring,Flooring,98968,2026-04,Flooring,194,2176,1185,,Within 1 month,medium,medium,routine,False,False,False,False,False,True,False,False,False,False,False,False,False,False,False,False,False,False,True,False,4,1982,10.21649479269848,0,0,0
job_000998,Painting,Interior,96896,2026-03,Paint interior bedroom walls,355,2552,1453,,As soon as possible,medium,medium,routine,False,False,False,False,False,False,False,False,False,False,False,True,False,False,False,False,False,False,False,False,3,2197,6.188732376933149,0,0,0
job_000999,Plumbing,Fixture Installation,41350,2026-02,Fix leaking bathroom faucet,75,1571,823,,Within 1 month,medium,medium,routine,False,False,False,False,False,False,False,False,False,False,False,False,False,True,False,False,False,False,True,False,2,1496,19.946666400711116,1,0,0
job_001000,Chimney,Chimney,79831,2026-02,Chimney,177,2070,1123,,I'm flexible,medium,medium,routine,False,True,False,False,False,False,False,False,False,False,False,False,False,False,False,False,False,True,False,False,2,1893,10.694915193814039,0,0,0
job_001001,Cleaning,General Cleaning,23172,2026-02,"Exterior window wash, 2-story, 20 windows",113,1102,607,,As soon as possible,medium,medium,routine,False,False,True,False,False,False,False,False,False,False,False,False,False,False,False,False,False,False,False,False,2,989,8.752212311927325,1,0,0
job_001002,Painting,Exterior,62585,2026-01,Trim painting,314,2096,1205,,As soon as possible,medium,medium,routine,False,False,False,False,False,False,False,False,False,False,False,True,False,False,False,False,False,False,False,False,1,1782,5.675159217595034,0,0,0
job_001003,Chimney,Chimney,52487,2026-04,Chimney,175,1866,1020,,I'm flexible,medium,medium,routine,False,True,False,False,False,False,False,False,False,False,False,False,False,False,False,False,False,True,False,False,4,1691,9.662857087640816,0,0,0
job_001004,Painting,Cabinet,66412,2026-04,Paint interior bedroom walls,358,2626,1492,,I'm flexible,medium,medium,routine,False,False,False,False,False,False,False,False,False,False,False,True,False,False,False,False,False,True,False,False,4,2268,6.33519551303018,0,0,0
job_001005,Moving,Moving,91474,2026-04,Moving,244,2270,1257,,I'm flexible,medium,medium,routine,False,False,False,False,False,False,False,False,False,False,True,False,False,False,False,False,False,True,False,False,4,2026,8.30327865449476,0,0,0
job_001006,HVAC,Furnace Maintenance,34482,2026-04,Clean ductwork,242,2698,1470,,Within 1 month,medium,medium,routine,False,False,False,False,False,False,False,True,False,False,False,False,False,False,False,False,False,False,True,False,4,2456,10.148760288641487,1,0,0
job_001007,Electrical,Wiring,17819,2026-02,Repair faulty electrical panel,171,2232,1201,,Within 1 month,medium,medium,routine,False,False,False,True,False,False,False,False,False,False,False,False,False,False,False,False,False,False,True,False,2,2061,12.052631508464144,1,0,0
job_001008,Landscaping,Landscaping,90112,2026-04,Landscaping,189,1354,771,,I'm flexible,medium,medium,routine,False,False,False,False,False,False,False,False,False,True,False,False,False,False,False,False,False,True,False,False,4,1165,6.164021131407296,1,0,0
job_001009,Flooring,Flooring,89713,2026-02,Flooring,207,1667,937,,I'm flexible,medium,medium,routine,False,False,False,False,False,True,False,False,False,False,False,False,False,False,False,False,False,True,False,False,2,1460,7.053140062545217,0,0,0
job_001010,Remodeling,Remodeling,74678,2026-02,Remodeling,214,2469,1341,,Within 1 month,medium,medium,routine,False,False,False,False,False,False,False,False,False,False,False,False,False,False,False,True,False,False,True,False,2,2255,10.537383128329985,0,0,0
job_001011,Plumbing,Fixture Installation,44604,2026-04,Replace kitchen sink shutoff valve (you supply valve),124,1625,874,,Within 1 month,medium,medium,routine,False,False,False,False,False,False,False,False,False,False,False,False,False,True,False,False,False,False,True,False,4,1501,12.104838612057753,1,0,0
job_001012,Auto,Auto,16098,2026-04,Auto,174,2482,1328,,I'm flexible,medium,medium,routine,True,False,False,False,False,False,False,False,False,False,False,False,False,False,False,False,False,True,False,False,4,2308,13.264367739859956,0,0,0
job_001013,Pool,Pool,15640,2026-02,Pool,156,1996,1076,,Within 1 month,medium,medium,routine,False,False,False,False,False,False,False,False,False,False,False,False,False,False,True,False,False,False,True,False,2,1840,11.794871719263643,0,0,0
job_001014,Auto,Auto,57259,2026-01,Auto,202,2226,1214,,As soon as possible,medium,medium,routine,True,False,False,False,False,False,False,False,False,False,False,False,False,False,False,False,False,False,False,False,1,2024,10.01980193059504,0,0,0
job_001015,Pest Control,Bed Bugs,31945,2026-02,General pest control service,226,2033,1129,,I'm flexible,medium,medium,routine,False,False,False,False,False,False,False,False,False,False,False,False,True,False,False,False,False,True,False,False,2,1807,7.995575185860287,0,0,0
job_001016,Pest Control,Termites,32308,2026-02,General pest control service,307,1804,1055,,Within 1 month,medium,medium,routine,False,False,False,False,False,False,False,False,False,False,False,False,True,False,False,False,False,False,True,False,2,1497,4.876221482487878,0,0,0
job_001017,Electrical,Outlet Installation,58755,2026-02,Repair faulty electrical panel,144,2200,1172,,Within 1 month,medium,medium,routine,False,False,False,True,False,False,False,False,False,False,False,False,False,False,False,False,False,False,True,False,2,2056,14.277777678626544,1,0,0
job_001018,Pest Control,Bed Bugs,74105,2026-03,Termite inspection and treatment,226,2046,1136,,I'm flexible,medium,medium,routine,False,False,False,False,False,False,False,False,False,False,False,False,True,False,False,False,False,True,False,False,3,1820,8.05309730949957,0,0,0
job_001019,Pest Control,Bed Bugs,19048,2026-01,Rodent control and sealing,227,2297,1262,,Within 1-2 weeks,medium,medium,routine,False,False,False,False,False,False,False,False,False,False,False,False,True,False,False,False,False,False,False,True,1,2070,9.11894269110598,0,0,0
job_001020,Auto,Auto,46991,2026-01,Auto,228,1534,881,,As soon as possible,medium,medium,routine,True,False,False,False,False,False,False,False,False,False,False,False,False,False,False,False,False,False,False,False,1,1306,5.728070150315482,0,0,0
job_001021,Remodeling,Remodeling,99039,2026-01,Remodeling,183,2297,1240,,I'm flexible,medium,medium,routine,False,False,False,False,False,False,False,False,False,False,False,False,False,False,False,True,False,True,False,False,1,2114,11.551912505180805,0,0,0
job_001022,Appliance Repair,Appliance Repair,78613,2026-01,Appliance Repair,225,2395,1310,,I'm flexible,medium,medium,routine,False,False,False,False,False,False,False,False,False,False,False,False,False,False,False,False,False,True,False,False,1,2170,9.644444401580246,0,0,0
job_001023,Moving,Moving,56879,2026-01,Moving,181,2499,1340,,As soon as possible,medium,medium,routine,False,False,False,False,False,False,False,False,False,False,True,False,False,False,False,False,False,False,False,False,1,2318,12.806629763499283,0,0,0
job_001024,Exterior,Exterior,81489,2026-01,Exterior,445,3517,1981,,Within 1-2 weeks,medium,medium,routine,False,False,False,False,True,False,False,False,False,False,False,False,False,False,False,False,False,False,False,True,1,3072,6.903370771003662,1,0,0
job_001025,Remodeling,Remodeling,13782,2026-04,Remodeling,203,2261,1232,,I'm flexible,medium,medium,routine,False,False,False,False,False,False,False,False,False,False,False,False,False,False,False,True,False,True,False,False,4,2058,10.137930984542212,0,0,0
job_001026,Chimney,Chimney,84018,2026-04,Chimney,196,1943,1069,,I'm flexible,medium,medium,routine,False,True,False,False,False,False,False,False,False,False,False,False,False,False,False,False,False,True,False,False,4,1747,8.913265260646606,0,0,0
job_001027,Auto,Auto,20625,2026-02,Auto,233,1854,1043,,As soon as possible,medium,medium,routine,True,False,False,False,False,False,False,False,False,False,False,False,False,False,False,False,False,False,False,False,2,1621,6.957081515205659,0,0,0
job_001028,Electrical,Wiring,24263,2026-03,Replace light switches,133,2386,1259,,I'm flexible,medium,medium,routine,False,False,False,True,False,False,False,False,False,False,False,False,False,False,False,False,False,True,False,False,3,2253,16.93984949669286,1,0,0
job_001029,Pool,Pool,24020,2026-02,Pool,216,2401,1308,,I'm flexible,medium,medium,routine,False,False,False,False,False,False,False,False,False,False,False,False,False,False,True,False,False,True,False,False,2,2185,10.115740693908608,0,0,0
job_001030,Pest Control,Termites,14446,2026-01,Termite inspection and treatment,327,2217,1272,,Within 1 month,medium,medium,routine,False,False,False,False,False,False,False,False,False,False,False,False,True,False,False,False,False,False,True,False,1,1890,5.779816496086188,0,0,0
job_001031,Moving,Moving,83366,2026-04,Moving,186,2371,1278,,Within 1 month,medium,medium,routine,False,False,False,False,False,False,False,False,False,False,True,False,False,False,False,False,False,False,True,False,4,2185,11.747311764799399,0,0,0
job_001032,Remodeling,Remodeling,38080,2026-03,Remodeling,236,1812,1024,,Within 1-2 weeks,medium,medium,routine,False,False,False,False,False,False,False,False,False,False,False,False,False,False,False,True,False,False,False,True,3,1576,6.677966073398449,0,0,0
job_001033,Electrical,Lighting,22622,2026-03,Install ceiling fan,116,2415,1265,,Within 1-2 weeks,medium,medium,routine,False,False,False,True,False,False,False,False,False,False,False,False,False,False,False,False,False,False,False,True,3,2299,19.81896534638823,1,0,0
job_001034,HVAC,Thermostat,33723,2026-02,Install new thermostat,188,2808,1498,,I'm flexible,medium,medium,routine,False,False,False,False,False,False,False,True,False,False,False,False,False,False,False,False,False,True,False,False,2,2620,13.936170138637394,1,0,0
job_001035,Electrical,Wiring,85548,2026-04,Replace light switches,140,1794,967,,Within 1-2 weeks,medium,medium,routine,False,False,False,True,False,False,False,False,False,False,False,False,False,False,False,False,False,False,False,True,4,1654,11.81428562989796,1,0,0
job_001036,Handyman,Handyman,72675,2026-01,Handyman,79,595,337,,Within 1-2 weeks,medium,medium,routine,False,False,False,False,False,False,False,False,True,False,False,False,False,False,False,False,False,False,False,True,1,516,6.531645486941197,1,0,0
job_001037,Pest Control,Bed Bugs,70188,2026-04,General pest control service,280,2175,1227,,Within 1-2 weeks,medium,medium,routine,False,False,False,False,False,False,False,False,False,False,False,False,True,False,False,False,False,False,False,True,4,1895,6.767857118686225,0,0,0
job_001038,Moving,Moving,17792,2026-03,Moving,249,1582,915,,I'm flexible,medium,medium,routine,False,False,False,False,False,False,False,False,False,False,True,False,False,False,False,False,False,True,False,False,3,1333,5.353413633118821,0,0,0
job_001039,Plumbing,Fixture Installation,93341,2026-04,Fix leaking bathroom faucet,81,1798,939,,Within 1 month,medium,medium,routine,False,False,False,False,False,False,False,False,False,False,False,False,False,True,False,False,False,False,True,False,4,1717,21.197530602499622,1,0,0
job_001040,Painting,Cabinet,11907,2026-02,Cabinet refinishing,293,2036,1164,,Within 1 month,medium,medium,routine,False,False,False,False,False,False,False,False,False,False,False,True,False,False,False,False,False,False,True,False,2,1743,5.948805440447763,0,0,0
job_001041,HVAC,Thermostat,33723,2026-01,Clean ductwork,204,2365,1284,,As soon as possible,medium,medium,routine,False,False,False,False,False,False,False,True,False,False,False,False,False,False,False,False,False,False,False,False,1,2161,10.593137202974818,1,0,0
job_001042,Electrical,Panel Upgrade,33784,2026-03,Replace light switches,187,2120,1153,,I'm flexible,medium,medium,routine,False,False,False,True,False,False,False,False,False,False,False,False,False,False,False,False,False,True,False,False,3,1933,10.336898340444394,1,0,0
job_001043,HVAC,Ductwork,74875,2026-03,Install new thermostat,202,3521,1861,,Within 1 month,medium,medium,routine,False,False,False,False,False,False,False,True,False,False,False,False,False,False,False,False,False,False,True,False,3,3319,16.430692987966868,1,0,0
job_001044,Chimney,Chimney,73420,2026-03,Chimney,168,1826,997,,I'm flexible,medium,medium,routine,False,True,False,False,False,False,False,False,False,False,False,False,False,False,False,False,False,True,False,False,3,1658,9.869047560303288,0,0,0
job_001045,Pool,Pool,60165,2026-04,Pool,184,2224,1204,,I'm flexible,medium,medium,routine,False,False,False,False,False,False,False,False,False,False,False,False,False,False,True,False,False,True,False,False,4,2040,11.086956461483933,0,0,0
job_001046,Chimney,Chimney,37062,2026-01,Chimney,155,2136,1145,,As soon as possible,medium,medium,routine,False,True,False,False,False,False,False,False,False,False,False,False,False,False,False,False,False,False,False,False,1,1981,12.780645078834548,0,0,0
job_001047,Pool,Pool,26792,2026-02,Pool,222,1931,1076,,As soon as possible,medium,medium,routine,False,False,False,False,False,False,False,False,False,False,False,False,False,False,True,False,False,False,False,False,2,1709,7.69819816352163,0,0,0
job_001048,Flooring,Flooring,35905,2026-03,Flooring,201,2133,1167,,Within 1 month,medium,medium,routine,False,False,False,False,False,True,False,False,False,False,False,False,False,False,False,False,False,False,True,False,3,1932,9.611940250686864,0,0,0
job_001049,Appliance Repair,Appliance Repair,67287,2026-02,Appliance Repair,228,1552,890,,Within 1 month,medium,medium,routine,False,False,False,False,False,False,False,False,False,False,False,False,False,False,False,False,False,False,True,False,2,1324,5.807017518390274,0,0,0
job_001050,Painting,Exterior,44904,2026-03,Trim painting,334,2519,1426,,I'm flexible,medium,medium,routine,False,False,False,False,False,False,False,False,False,False,False,True,False,False,False,False,False,True,False,False,3,2185,6.541916148078095,0,0,0
job_001051,Chimney,Chimney,36601,2026-02,Chimney,229,2088,1158,,Within 1-2 weeks,medium,medium,routine,False,True,False,False,False,False,False,False,False,False,False,False,False,False,False,False,False,False,False,True,2,1859,8.117903894681643,0,0,0
job_001052,Chimney,Chimney,99141,2026-03,Chimney,171,1810,990,,Within 1-2 weeks,medium,medium,routine,False,True,False,False,False,False,False,False,False,False,False,False,False,False,False,False,False,False,False,True,3,1639,9.584795265585992,0,0,0
job_001053,Auto,Auto,51619,2026-04,Auto,164,2121,1142,,As soon as possible,medium,medium,routine,True,False,False,False,False,False,False,False,False,False,False,False,False,False,False,False,False,False,False,False,4,1957,11.932926756506545,0,0,0
job_001054,Handyman,Handyman,36701,2026-03,Handyman,63,427,245,,Within 1-2 weeks,medium,medium,routine,False,False,False,False,False,False,False,False,True,False,False,False,False,False,False,False,False,False,False,True,3,364,5.777777686067021,1,0,0
job_001055,General Contractor,General Contractor,72707,2026-03,General Contractor,1163,12024,6593,,I'm flexible,medium,medium,routine,False,False,False,False,False,False,True,False,False,False,False,False,False,False,False,False,False,True,False,False,3,10861,9.338779011746535,0,0,1
job_001056,Electrical,Lighting,91091,2026-02,Install new outlets in kitchen,147,1686,916,,I'm flexible,medium,medium,routine,False,False,False,True,False,False,False,False,False,False,False,False,False,False,False,False,False,True,False,False,2,1539,10.469387683881717,1,0,0
job_001057,Painting,Cabinet,57466,2026-01,Exterior house painting,254,2067,1160,,As soon as possible,medium,medium,routine,False,False,False,False,False,False,False,False,False,False,False,True,False,False,False,False,False,False,False,False,1,1813,7.137795247488995,0,0,0
job_001058,Chimney,Chimney,86235,2026-02,Chimney,246,1815,1030,,I'm flexible,medium,medium,routine,False,True,False,False,False,False,False,False,False,False,False,False,False,False,False,False,False,True,False,False,2,1569,6.378048754560777,0,0,0
job_001059,General Contractor,General Contractor,42749,2026-03,General Contractor,1121,11518,6319,,I'm flexible,medium,medium,routine,False,False,False,False,False,False,True,False,False,False,False,False,False,False,False,False,False,True,False,False,3,10397,9.274754675044822,0,0,1
job_001060,Chimney,Chimney,12525,2026-04,Chimney,157,1701,929,,As soon as possible,medium,medium,routine,False,True,False,False,False,False,False,False,False,False,False,False,False,False,False,False,False,False,False,False,4,1544,9.834394841819142,0,0,0
job_001061,Roofing,Roofing,18341,2026-03,Roofing,245,1530,887,,Within 1-2 weeks,medium,medium,routine,False,False,False,False,False,False,False,False,False,False,False,False,False,False,False,False,True,False,False,True,3,1285,5.244897937775927,0,0,0
job_001062,Remodeling,Remodeling,62365,2026-02,Remodeling,244,2341,1292,,As soon as possible,medium,medium,routine,False,False,False,False,False,False,False,False,False,False,False,False,False,False,False,True,False,False,False,False,2,2097,8.594262259859581,0,0,0
job_001063,General Contractor,General Contractor,72455,2026-02,General Contractor,917,12250,6583,,Within 1 month,medium,medium,routine,False,False,False,False,False,False,True,False,False,False,False,False,False,False,False,False,False,False,True,False,2,11333,12.358778612476796,0,0,1
job_001064,Electrical,Outlet Installation,56266,2026-01,Install ceiling fan,175,1683,929,,As soon as possible,medium,medium,routine,False,False,False,True,False,False,False,False,False,False,False,False,False,False,False,False,False,False,False,False,1,1508,8.617142807902042,1,0,0
job_001065,HVAC,Ductwork,11622,2026-01,Furnace service before winter,213,3065,1639,,Within 1 month,medium,medium,routine,False,False,False,False,False,False,False,True,False,False,False,False,False,False,False,False,False,False,True,False,1,2852,13.38967129864004,1,0,0
job_001066,Auto,Auto,37309,2026-01,Auto,246,1743,994,,Within 1-2 weeks,medium,medium,routine,True,False,False,False,False,False,False,False,False,False,False,False,False,False,False,False,False,False,False,True,1,1497,6.085365828921277,0,0,0
job_001067,Electrical,Panel Upgrade,17407,2026-04,Install ceiling fan,116,2472,1294,,Within 1 month,medium,medium,routine,False,False,False,True,False,False,False,False,False,False,False,False,False,False,False,False,False,False,True,False,4,2356,20.31034465249703,1,0,0
job_001068,Chimney,Chimney,84192,2026-03,Chimney,180,2002,1091,,I'm flexible,medium,medium,routine,False,True,False,False,False,False,False,False,False,False,False,False,False,False,False,False,False,True,False,False,3,1822,10.122222165987655,0,0,0
job_001069,Landscaping,Landscaping,94247,2026-01,Landscaping,244,1599,921,,I'm flexible,medium,medium,routine,False,False,False,False,False,False,False,False,False,True,False,False,False,False,False,False,False,True,False,False,1,1355,5.5532786657652515,1,0,0
job_001070,Cleaning,Window Washing,64735,2026-03,Deep clean kitchen and bathrooms,76,1205,640,,Within 1 month,medium,medium,routine,False,False,True,False,False,False,False,False,False,False,False,False,False,False,False,False,False,False,True,False,3,1129,14.855262962430752,1,0,0
job_001071,HVAC,Thermostat,67818,2026-04,Furnace service before winter,202,2900,1551,,Within 1 month,medium,medium,routine,False,False,False,False,False,False,False,True,False,False,False,False,False,False,False,False,False,False,True,False,4,2698,13.356435577443388,1,0,0
job_001072,Flooring,Flooring,19480,2026-01,Flooring,189,1700,944,,As soon as possible,medium,medium,routine,False,False,False,False,False,True,False,False,False,False,False,False,False,False,False,False,False,False,False,False,1,1511,7.994708952408947,0,0,0
job_001073,HVAC,AC Repair,88650,2026-01,Furnace service before winter,213,3573,1893,,As soon as possible,medium,medium,routine,False,False,False,False,False,False,False,True,False,False,False,False,False,False,False,False,False,False,False,False,1,3360,15.774647813264565,1,0,0
job_001074,Landscaping,Landscaping,19144,2026-02,Landscaping,247,1836,1041,,Within 1-2 weeks,medium,medium,routine,False,False,False,False,False,False,False,False,False,True,False,False,False,False,False,False,False,False,False,True,2,1589,6.433198354521465,1,0,0
job_001075,Exterior,Exterior,84955,2026-02,Exterior,602,2865,1733,,I'm flexible,medium,medium,routine,False,False,False,False,True,False,False,False,False,False,False,False,False,False,False,False,False,True,False,False,2,2263,3.7591362063801723,1,0,0
job_001076,Flooring,Flooring,79577,2026-04,Flooring,246,2152,1199,,As soon as possible,medium,medium,routine,False,False,False,False,False,True,False,False,False,False,False,False,False,False,False,False,False,False,False,False,4,1906,7.747967448178994,0,0,0
job_001077,Pest Control,Termites,38113,2026-01,Rodent control and sealing,245,1770,1007,,Within 1-2 weeks,medium,medium,routine,False,False,False,False,False,False,False,False,False,False,False,False,True,False,False,False,False,False,False,True,1,1525,6.224489770512287,0,0,0
job_001078,Auto,Auto,27765,2026-02,Auto,201,1823,1012,,Within 1-2 weeks,medium,medium,routine,True,False,False,False,False,False,False,False,False,False,False,False,False,False,False,False,False,False,False,True,2,1622,8.069651701146011,0,0,0
job_001079,Cleaning,Window Washing,25769,2026-02,Deep clean kitchen and bathrooms,95,1219,657,,Within 1-2 weeks,medium,medium,routine,False,False,True,False,False,False,False,False,False,False,False,False,False,False,False,False,False,False,False,True,2,1124,11.831578822825486,1,0,0
job_001080,General Contractor,General Contractor,88915,2026-04,General Contractor,769,9573,5171,,As soon as possible,medium,medium,routine,False,False,False,False,False,False,True,False,False,False,False,False,False,False,False,False,False,False,False,False,4,8804,11.448634575489422,0,0,1
job_001081,Cleaning,Carpet Cleaning,90603,2026-02,"Exterior window wash, 2-story, 20 windows",100,1172,636,,Within 1 month,medium,medium,routine,False,False,True,False,False,False,False,False,False,False,False,False,False,False,False,False,False,False,True,False,2,1072,10.7199998928,1,0,0
job_001082,Roofing,Roofing,94392,2026-04,Roofing,173,2088,1130,,Within 1-2 weeks,medium,medium,routine,False,False,False,False,False,False,False,False,False,False,False,False,False,False,False,False,True,False,False,True,4,1915,11.069364097864948,0,0,0
job_001083,Moving,Moving,39339,2026-03,Moving,207,1756,981,,I'm flexible,medium,medium,routine,False,False,False,False,False,False,False,False,False,False,True,False,False,False,False,False,False,True,False,False,3,1549,7.483091751289412,0,0,0
job_001084,Electrical,Wiring,39406,2026-03,Repair faulty electrical panel,157,1837,997,,Within 1-2 weeks,medium,medium,routine,False,False,False,True,False,False,False,False,False,False,False,False,False,False,False,False,False,False,False,True,3,1680,10.700636874518237,1,0,0
job_001085,HVAC,Furnace Maintenance,90279,2026-01,Clean ductwork,159,2543,1351,,Within 1-2 weeks,medium,medium,routine,False,False,False,False,False,False,False,True,False,False,False,False,False,False,False,False,False,False,False,True,1,2384,14.993710597523833,1,0,0
job_001086,Landscaping,Landscaping,97587,2026-04,Landscaping,189,1764,976,,Within 1-2 weeks,medium,medium,routine,False,False,False,False,False,False,False,False,False,True,False,False,False,False,False,False,False,False,False,True,4,1575,8.333333289241622,1,0,0
job_001087,Cleaning,Carpet Cleaning,19767,2026-02,Window washing service,113,1150,631,,Within 1-2 weeks,medium,medium,routine,False,False,True,False,False,False,False,False,False,False,False,False,False,False,False,False,False,False,False,True,2,1037,9.176991069230167,1,0,0
job_001088,Plumbing,Fixture Installation,36307,2026-02,Clear clogged drain,122,1178,650,,As soon as possible,medium,medium,routine,False,False,False,False,False,False,False,False,False,False,False,False,False,True,False,False,False,False,False,False,2,1056,8.655737633969364,1,0,0
job_001089,Auto,Auto,35717,2026-01,Auto,223,1683,953,,Within 1-2 weeks,medium,medium,routine,True,False,False,False,False,False,False,False,False,False,False,False,False,False,False,False,False,False,False,True,1,1460,6.5470851724345955,0,0,0
job_001090,Pest Control,Termites,19480,2026-03,Rodent control and sealing,267,2077,1172,,Within 1 month,medium,medium,routine,False,False,False,False,False,False,False,False,False,False,False,False,True,False,False,False,False,False,True,False,3,1810,6.779026191838853,0,0,0
job_001091,Pool,Pool,20824,2026-02,Pool,181,1995,1088,,I'm flexible,medium,medium,routine,False,False,False,False,False,False,False,False,False,False,False,False,False,False,True,False,False,True,False,False,2,1814,10.022099392143097,0,0,0
job_001092,Pest Control,Rodents,25848,2026-02,General pest control service,314,1775,1044,,Within 1-2 weeks,medium,medium,routine,False,False,False,False,False,False,False,False,False,False,False,False,True,False,False,False,False,False,False,True,2,1461,4.652866227220171,0,0,0
job_001093,Appliance Repair,Appliance Repair,86926,2026-04,Appliance Repair,215,1866,1040,,Within 1 month,medium,medium,routine,False,False,False,False,False,False,False,False,False,False,False,False,False,False,False,False,False,False,True,False,4,1651,7.679069731725257,0,0,0
job_001094,Pool,Pool,16726,2026-01,Pool,245,1798,1021,,Within 1 month,medium,medium,routine,False,False,False,False,False,False,False,False,False,False,False,False,False,False,True,False,False,False,True,False,1,1553,6.338775484331529,0,0,0
job_001095,General Contractor,General Contractor,31253,2026-03,General Contractor,1111,10547,5829,,Within 1-2 weeks,medium,medium,routine,False,False,False,False,False,False,True,False,False,False,False,False,False,False,False,False,False,False,False,True,3,9436,8.493249317287804,0,0,1
job_001096,Flooring,Flooring,88520,2026-04,Flooring,219,1776,997,,Within 1-2 weeks,medium,medium,routine,False,False,False,False,False,True,False,False,False,False,False,False,False,False,False,False,False,False,False,True,4,1557,7.109589008632014,0,0,0
job_001097,Pest Control,Rodents,66053,2026-01,"Bed bug heat treatment, 2BR apartment",364,2037,1200,,Within 1 month,medium,medium,routine,False,False,False,False,False,False,False,False,False,False,False,False,True,False,False,False,False,False,True,False,1,1673,4.59615383352705,0,0,0
job_001098,Handyman,Handyman,11916,2026-01,Handyman,57,496,276,,As soon as possible,medium,medium,routine,False,False,False,False,False,False,False,False,True,False,False,False,False,False,False,False,False,False,False,False,1,439,7.701754250846417,1,0,0
job_001099,Auto,Auto,21519,2026-04,Auto,219,1523,871,,As soon as possible,medium,medium,routine,True,False,False,False,False,False,False,False,False,False,False,False,False,False,False,False,False,False,False,False,4,1304,5.954337872354622,0,0,0
job_001100,Electrical,Outlet Installation,95916,2026-03,Replace light switches,129,2400,1264,,Within 1-2 weeks,medium,medium,routine,False,False,False,True,False,False,False,False,False,False,False,False,False,False,False,False,False,False,False,True,3,2271,17.604651026320536,1,0,0
job_001101,Cleaning,Carpet Cleaning,33829,2026-03,Deep clean kitchen and bathrooms,101,1075,588,,I'm flexible,medium,medium,routine,False,False,True,False,False,False,False,False,False,False,False,False,False,False,False,False,False,True,False,False,3,974,9.64356426095481,1,0,0
job_001102,Handyman,Handyman,51263,2026-01,Handyman,69,402,235,,Within 1-2 weeks,medium,medium,routine,False,False,False,False,False,False,False,False,True,False,False,False,False,False,False,False,False,False,False,True,1,333,4.826086886578451,1,0,0
job_001103,Exterior,Exterior,87620,2026-01,Exterior,416,3462,1939,,Within 1 month,medium,medium,routine,False,False,False,False,True,False,False,False,False,False,False,False,False,False,False,False,False,False,True,False,1,3046,7.3221153670141454,1,0,0
job_001104,Cleaning,General Cleaning,98187,2026-02,Carpet cleaning entire house,122,794,458,,I'm flexible,medium,medium,routine,False,False,True,False,False,False,False,False,False,False,False,False,False,False,False,False,False,True,False,False,2,672,5.5081966761623224,1,0,0
job_001105,Landscaping,Landscaping,79331,2026-04,Landscaping,151,1365,758,,I'm flexible,medium,medium,routine,False,False,False,False,False,False,False,False,False,True,False,False,False,False,False,False,False,True,False,False,4,1214,8.03973504609447,1,0,0
job_001106,Electrical,Wiring,74291,2026-02,Install new outlets in kitchen,178,1674,926,,Within 1 month,medium,medium,routine,False,False,False,True,False,False,False,False,False,False,False,False,False,False,False,False,False,False,True,False,2,1496,8.40449433480621,1,0,0
job_001107,Pool,Pool,84746,2026-03,Pool,163,1501,832,,Within 1-2 weeks,medium,medium,routine,False,False,False,False,False,False,False,False,False,False,False,False,False,False,True,False,False,False,False,True,3,1338,8.208588906695773,0,0,0
job_001108,Plumbing,Fixture Installation,30129,2026-02,Fix leaking bathroom faucet,95,1745,920,,I'm flexible,medium,medium,routine,False,False,False,False,False,False,False,False,False,False,False,False,False,True,False,False,False,True,False,False,2,1650,17.368420869806098,1,0,0
job_001109,Painting,Cabinet,93671,2026-03,Cabinet refinishing,259,2824,1541,,As soon as possible,medium,medium,routine,False,False,False,False,False,False,False,False,False,False,False,True,False,False,False,False,False,False,False,False,3,2565,9.903474865237548,0,0,0
job_001110,Painting,Exterior,55308,2026-04,Paint interior bedroom walls,338,2343,1340,,Within 1-2 weeks,medium,medium,routine,False,False,False,False,False,False,False,False,False,False,False,True,False,False,False,False,False,False,False,True,4,2005,5.931952645171738,0,0,0
job_001111,Remodeling,Remodeling,83688,2026-01,Remodeling,153,1998,1075,,Within 1 month,medium,medium,routine,False,False,False,False,False,False,False,False,False,False,False,False,False,False,False,True,False,False,True,False,1,1845,12.058823450595925,0,0,0
job_001112,Cleaning,General Cleaning,79331,2026-02,Window washing service,93,1055,574,,Within 1-2 weeks,medium,medium,routine,False,False,True,False,False,False,False,False,False,False,False,False,False,False,False,False,False,False,False,True,2,962,10.344085910278647,1,0,0
job_001113,Cleaning,Window Washing,25457,2026-03,Carpet cleaning entire house,117,1214,665,,Within 1 month,medium,medium,routine,False,False,True,False,False,False,False,False,False,False,False,False,False,False,False,False,False,False,True,False,3,1097,9.37606829593104,1,0,0
job_001114,Roofing,Roofing,70477,2026-03,Roofing,239,2082,1160,,Within 1-2 weeks,medium,medium,routine,False,False,False,False,False,False,False,False,False,False,False,False,False,False,False,False,True,False,False,True,3,1843,7.711297038864866,0,0,0
job_001115,Handyman,Handyman,45088,2026-01,Handyman,89,450,269,,As soon as possible,medium,medium,routine,False,False,False,False,False,False,False,False,True,False,False,False,False,False,False,False,False,False,False,False,1,361,4.056179729705846,1,0,0
job_001116,Auto,Auto,35916,2026-04,Auto,216,1761,988,,Within 1-2 weeks,medium,medium,routine,True,False,False,False,False,False,False,False,False,False,False,False,False,False,False,False,False,False,False,True,4,1545,7.152777744663066,0,0,0
job_001117,Landscaping,Landscaping,13456,2026-04,Landscaping,212,1649,930,,As soon as possible,medium,medium,routine,False,False,False,False,False,False,False,False,False,True,False,False,False,False,False,False,False,False,False,False,4,1437,6.778301854819331,1,0,0
job_001118,Auto,Auto,10900,2026-02,Auto,229,1601,915,,Within 1-2 weeks,medium,medium,routine,True,False,False,False,False,False,False,False,False,False,False,False,False,False,False,False,False,False,False,True,2,1372,5.991266349383117,0,0,0
job_001119,Exterior,Exterior,22522,2026-04,Exterior,519,2953,1736,,Within 1 month,medium,medium,routine,False,False,False,False,True,False,False,False,False,False,False,False,False,False,False,False,False,False,True,False,4,2434,4.689788044913703,1,0,0
job_001120,Auto,Auto,30468,2026-02,Auto,243,1688,965,,As soon as possible,medium,medium,routine,True,False,False,False,False,False,False,False,False,False,False,False,False,False,False,False,False,False,False,False,2,1445,5.946502033141967,0,0,0
job_001121,Painting,Cabinet,77016,2026-02,Cabinet refinishing,271,2428,1349,,As soon as possible,medium,medium,routine,False,False,False,False,False,False,False,False,False,False,False,True,False,False,False,False,False,False,False,False,2,2157,7.959409564725426,0,0,0
job_001122,Pest Control,Rodents,43458,2026-01,"Bed bug heat treatment, 2BR apartment",290,1831,1060,,As soon as possible,medium,medium,routine,False,False,False,False,False,False,False,False,False,False,False,False,True,False,False,False,False,False,False,False,1,1541,5.313793085124852,0,0,0
job_001123,Exterior,Exterior,65478,2026-04,Exterior,570,3253,1911,,Within 1 month,medium,medium,routine,False,False,False,False,True,False,False,False,False,False,False,False,False,False,False,False,False,False,True,False,4,2683,4.707017535601723,1,0,0
job_001124,Electrical,Wiring,85705,2026-02,Install new outlets in kitchen,124,1681,902,,I'm flexible,medium,medium,routine,False,False,False,True,False,False,False,False,False,False,False,False,False,False,False,False,False,True,False,False,2,1557,12.556451511641521,1,0,0
job_001125,Electrical,Lighting,36677,2026-03,Install ceiling fan,158,1925,1041,,As soon as possible,medium,medium,routine,False,False,False,True,False,False,False,False,False,False,False,False,False,False,False,False,False,False,False,False,3,1767,11.183544233015542,1,0,0
job_001126,Pool,Pool,84746,2026-03,Pool,165,2069,1117,,I'm flexible,medium,medium,routine,False,False,False,False,False,False,False,False,False,False,False,False,False,False,True,False,False,True,False,False,3,1904,11.53939386945822,0,0,0
job_001127,Pest Control,General,68301,2026-01,Termite inspection and treatment,375,1599,987,,As soon as possible,medium,medium,routine,False,False,False,False,False,False,False,False,False,False,False,False,True,False,False,False,False,False,False,False,1,1224,3.263999991296,0,0,0
job_001128,Flooring,Flooring,90097,2026-02,Flooring,250,2021,1135,,Within 1 month,medium,medium,routine,False,False,False,False,False,True,False,False,False,False,False,False,False,False,False,False,False,False,True,False,2,1771,7.083999971664,0,0,0
job_001129,Pool,Pool,40578,2026-03,Pool,154,2005,1079,,As soon as possible,medium,medium,routine,False,False,False,False,False,False,False,False,False,False,False,False,False,False,True,False,False,False,False,False,3,1851,12.019480441431945,0,0,0
job_001130,Landscaping,Landscaping,83766,2026-03,Landscaping,159,1740,949,,Within 1 month,medium,medium,routine,False,False,False,False,False,False,False,False,False,True,False,False,False,False,False,False,False,False,True,False,3,1581,9.943396163878012,1,0,0
job_001131,Roofing,Roofing,38080,2026-02,Roofing,237,1537,887,,Within 1 month,medium,medium,routine,False,False,False,False,False,False,False,False,False,False,False,False,False,False,False,False,True,False,True,False,2,1300,5.48523204436611,0,0,0
job_001132,General Contractor,General Contractor,46859,2026-01,General Contractor,786,9583,5184,,As soon as possible,medium,medium,routine,False,False,False,False,False,False,True,False,False,False,False,False,False,False,False,False,False,False,False,False,1,8797,11.192111945048204,0,0,1
job_001133,Landscaping,Landscaping,44410,2026-04,Landscaping,150,1667,908,,Within 1 month,medium,medium,routine,False,False,False,False,False,False,False,False,False,True,False,False,False,False,False,False,False,False,True,False,4,1517,10.113333265911113,1,0,0
job_001134,Remodeling,Remodeling,35717,2026-01,Remodeling,173,2487,1330,,I'm flexible,medium,medium,routine,False,False,False,False,False,False,False,False,False,False,False,False,False,False,False,True,False,True,False,False,1,2314,13.375722466036287,0,0,0
job_001135,Handyman,Handyman,11907,2026-04,Handyman,87,382,234,,Within 1 month,medium,medium,routine,False,False,False,False,False,False,False,False,True,False,False,False,False,False,False,False,False,False,True,False,4,295,3.3908045587263844,1,0,0
job_001136,Plumbing,Leak Repair,90504,2026-02,Clear clogged drain,110,1331,720,,Within 1-2 weeks,medium,medium,routine,False,False,False,False,False,False,False,False,False,False,False,False,False,True,False,False,False,False,False,True,2,1221,11.09999989909091,1,0,0
job_001137,Auto,Auto,48156,2026-02,Auto,184,1504,844,,I'm flexible,medium,medium,routine,True,False,False,False,False,False,False,False,False,False,False,False,False,False,False,False,False,True,False,False,2,1320,7.173913004489603,0,0,0
job_001138,Flooring,Flooring,84649,2026-01,Flooring,152,2103,1127,,As soon as possible,medium,medium,routine,False,False,False,False,False,True,False,False,False,False,False,False,False,False,False,False,False,False,False,False,1,1951,12.835526231345222,0,0,0
job_001139,Cleaning,General Cleaning,50202,2026-01,Carpet cleaning entire house,95,1201,648,,I'm flexible,medium,medium,routine,False,False,True,False,False,False,False,False,False,False,False,False,False,False,False,False,False,True,False,False,1,1106,11.64210514060942,1,0,0
job_001140,Roofing,Roofing,84872,2026-03,Roofing,230,2000,1115,,Within 1 month,medium,medium,routine,False,False,False,False,False,False,False,False,False,False,False,False,False,False,False,False,True,False,True,False,3,1770,7.695652140453687,0,0,0
job_001141,General Contractor,General Contractor,54484,2026-02,General Contractor,1245,11736,6490,,As soon as possible,medium,medium,routine,False,False,False,False,False,False,True,False,False,False,False,False,False,False,False,False,False,False,False,False,2,10491,8.426506017328107,0,0,1
job_001142,General Contractor,General Contractor,28698,2026-03,General Contractor,1143,11900,6521,,As soon as possible,medium,medium,routine,False,False,False,False,False,False,True,False,False,False,False,False,False,False,False,False,False,False,False,False,3,10757,9.411198591941208,0,0,1
job_001143,Cleaning,Window Washing,86080,2026-03,Deep clean kitchen and bathrooms,109,1004,556,,Within 1 month,medium,medium,routine,False,False,True,False,False,False,False,False,False,False,False,False,False,False,False,False,False,False,True,False,3,895,8.211009098981568,1,0,0
job_001144,Plumbing,Fixture Installation,64807,2026-02,Install new water heater,78,1520,799,,Within 1-2 weeks,medium,medium,routine,False,False,False,False,False,False,False,False,False,False,False,False,False,True,False,False,False,False,False,True,2,1442,18.48717925016437,1,0,0
job_001145,Landscaping,Landscaping,79331,2026-04,Landscaping,229,1178,703,,I'm flexible,medium,medium,routine,False,False,False,False,False,False,False,False,False,True,False,False,False,False,False,False,False,True,False,False,4,949,4.144104785396922,1,0,0
job_001146,General Contractor,General Contractor,81671,2026-01,General Contractor,948,12072,6510,,Within 1 month,medium,medium,routine,False,False,False,False,False,False,True,False,False,False,False,False,False,False,False,False,False,False,True,False,1,11124,11.734177202812049,0,0,1
job_001147,Exterior,Exterior,23793,2026-03,Exterior,605,3299,1952,,As soon as possible,medium,medium,routine,False,False,False,False,True,False,False,False,False,False,False,False,False,False,False,False,False,False,False,False,3,2694,4.452892554623318,1,0,0
job_001148,Pest Control,Bed Bugs,95695,2026-01,Termite inspection and treatment,312,2407,1359,,Within 1 month,medium,medium,routine,False,False,False,False,False,False,False,False,False,False,False,False,True,False,False,False,False,False,True,False,1,2095,6.714743568221976,0,0,0
job_001149,General Contractor,General Contractor,96896,2026-01,General Contractor,940,10066,5503,,I'm flexible,medium,medium,routine,False,False,False,False,False,False,True,False,False,False,False,False,False,False,False,False,False,True,False,False,1,9126,9.70851062796967,0,0,1
job_001150,Electrical,Outlet Installation,80122,2026-04,Replace light switches,173,1995,1084,,Within 1 month,medium,medium,routine,False,False,False,True,False,False,False,False,False,False,False,False,False,False,False,False,False,False,True,False,4,1822,10.531791846637041,1,0,0
job_001151,HVAC,Thermostat,66412,2026-02,AC unit repair and maintenance,212,2477,1344,,I'm flexible,medium,medium,routine,False,False,False,False,False,False,False,True,False,False,False,False,False,False,False,False,False,True,False,False,2,2265,10.683962213754896,1,0,0
job_001152,Exterior,Exterior,55273,2026-03,Exterior,432,2550,1491,,As soon as possible,medium,medium,routine,False,False,False,False,True,False,False,False,False,False,False,False,False,False,False,False,False,False,False,False,3,2118,4.9027777664287555,1,0,0
job_001153,Handyman,Handyman,30945,2026-03,Handyman,66,382,224,,As soon as possible,medium,medium,routine,False,False,False,False,False,False,False,False,True,False,False,False,False,False,False,False,False,False,False,False,3,316,4.787878715335171,1,0,0
job_001154,Flooring,Flooring,54703,2026-02,Flooring,236,2122,1179,,I'm flexible,medium,medium,routine,False,False,False,False,False,True,False,False,False,False,False,False,False,False,False,False,False,True,False,False,2,1886,7.991525389866418,0,0,0
job_001155,Exterior,Exterior,25798,2026-03,Exterior,578,2802,1690,,Within 1 month,medium,medium,routine,False,False,False,False,True,False,False,False,False,False,False,False,False,False,False,False,False,False,True,False,3,2224,3.8477508583948947,1,0,0
job_001156,Appliance Repair,Appliance Repair,81232,2026-01,Appliance Repair,241,2424,1332,,Within 1 month,medium,medium,routine,False,False,False,False,False,False,False,False,False,False,False,False,False,False,False,False,False,False,True,False,1,2183,9.058091248721613,0,0,0
job_001157,Pest Control,General,75507,2026-03,General pest control service,274,2475,1374,,Within 1-2 weeks,medium,medium,routine,False,False,False,False,False,False,False,False,False,False,False,False,True,False,False,False,False,False,False,True,3,2201,8.032846686011508,0,0,0
job_001158,Auto,Auto,47957,2026-04,Auto,206,1947,1076,,As soon as possible,medium,medium,routine,True,False,False,False,False,False,False,False,False,False,False,False,False,False,False,False,False,False,False,False,4,1741,8.451456269653125,0,0,0
job_001159,Roofing,Roofing,98724,2026-04,Roofing,238,1596,917,,As soon as possible,medium,medium,routine,False,False,False,False,False,False,False,False,False,False,False,False,False,False,False,False,True,False,False,False,4,1358,5.705882328966881,0,0,0
job_001160,Remodeling,Remodeling,72655,2026-02,Remodeling,198,1674,936,,Within 1 month,medium,medium,routine,False,False,False,False,False,False,False,False,False,False,False,False,False,False,False,True,False,False,True,False,2,1476,7.454545416896235,0,0,0
job_001161,Exterior,Exterior,90279,2026-03,Exterior,435,2855,1645,,Within 1 month,medium,medium,routine,False,False,False,False,True,False,False,False,False,False,False,False,False,False,False,False,False,False,True,False,3,2420,5.56321837801559,1,0,0
job_001162,Pool,Pool,67013,2026-01,Pool,182,2296,1239,,I'm flexible,medium,medium,routine,False,False,False,False,False,False,False,False,False,False,False,False,False,False,True,False,False,True,False,False,1,2114,11.615384551563821,0,0,0
job_001163,Appliance Repair,Appliance Repair,17490,2026-04,Appliance Repair,188,1991,1089,,Within 1 month,medium,medium,routine,False,False,False,False,False,False,False,False,False,False,False,False,False,False,False,False,False,False,True,False,4,1803,9.590425480901992,0,0,0
job_001164,Pool,Pool,53432,2026-03,Pool,176,2479,1327,,As soon as possible,medium,medium,routine,False,False,False,False,False,False,False,False,False,False,False,False,False,False,True,False,False,False,False,False,3,2303,13.08522719837939,0,0,0
job_001165,Pool,Pool,74305,2026-02,Pool,188,1767,977,,Within 1 month,medium,medium,routine,False,False,False,False,False,False,False,False,False,False,False,False,False,False,True,False,False,False,True,False,2,1579,8.398936125537574,0,0,0
job_001166,Auto,Auto,81731,2026-01,Auto,167,1818,992,,I'm flexible,medium,medium,routine,True,False,False,False,False,False,False,False,False,False,False,False,False,False,False,False,False,True,False,False,1,1651,9.886227485711213,0,0,0
job_001167,Painting,Interior,88915,2026-03,Paint interior bedroom walls,304,2744,1524,,As soon as possible,medium,medium,routine,False,False,False,False,False,False,False,False,False,False,False,True,False,False,False,False,False,False,False,False,3,2440,8.026315763071329,0,0,0
job_001168,Auto,Auto,15707,2026-02,Auto,198,2370,1284,,Within 1 month,medium,medium,routine,True,False,False,False,False,False,False,False,False,False,False,False,False,False,False,False,False,False,True,False,2,2172,10.96969691429446,0,0,0
job_001169,Pest Control,Bed Bugs,79512,2026-04,Rodent control and sealing,269,2170,1219,,Within 1 month,medium,medium,routine,False,False,False,False,False,False,False,False,False,False,False,False,True,False,False,False,False,False,True,False,4,1901,7.066914471870207,0,0,0
job_001170,Flooring,Flooring,14948,2026-04,Flooring,225,1894,1059,,As soon as possible,medium,medium,routine,False,False,False,False,False,True,False,False,False,False,False,False,False,False,False,False,False,False,False,False,4,1669,7.417777744809877,0,0,0
job_001171,Auto,Auto,29409,2026-02,Auto,161,2308,1234,,As soon as possible,medium,medium,routine,True,False,False,False,False,False,False,False,False,False,False,False,False,False,False,False,False,False,False,False,2,2147,13.33540364387948,0,0,0
job_001172,Painting,Exterior,72061,2026-04,Paint interior bedroom walls,255,1900,1077,,Within 1 month,medium,medium,routine,False,False,False,False,False,False,False,False,False,False,False,True,False,False,False,False,False,False,True,False,4,1645,6.450980366858901,0,0,0
job_001173,General Contractor,General Contractor,74656,2026-01,General Contractor,1019,8358,4688,,Within 1 month,medium,medium,routine,False,False,False,False,False,False,True,False,False,False,False,False,False,False,False,False,False,False,True,False,1,7339,7.202158972323691,0,0,1
job_001174,Handyman,Handyman,36378,2026-04,Handyman,60,389,224,,Within 1 month,medium,medium,routine,False,False,False,False,False,False,False,False,True,False,False,False,False,False,False,False,False,False,True,False,4,329,5.483333241944446,1,0,0
job_001175,Plumbing,Water Heater Replacement,14708,2026-03,Replace kitchen sink shutoff valve (you supply valve),105,1293,699,,I'm flexible,medium,medium,routine,False,False,False,False,False,False,False,False,False,False,False,False,False,True,False,False,False,True,False,False,3,1188,11.314285606530614,1,0,0
job_001176,Auto,Auto,89829,2026-03,Auto,232,2186,1209,,Within 1-2 weeks,medium,medium,routine,True,False,False,False,False,False,False,False,False,False,False,False,False,False,False,False,False,False,False,True,3,1954,8.42241375679994,0,0,0
job_001177,Landscaping,Landscaping,88520,2026-02,Landscaping,243,1395,819,,As soon as possible,medium,medium,routine,False,False,False,False,False,False,False,False,False,True,False,False,False,False,False,False,False,False,False,False,2,1152,4.74074072123152,1,0,0
job_001178,Appliance Repair,Appliance Repair,62582,2026-01,Appliance Repair,237,1564,900,,Within 1-2 weeks,medium,medium,routine,False,False,False,False,False,False,False,False,False,False,False,False,False,False,False,False,False,False,False,True,1,1327,5.599156094518329,0,0,0
job_001179,Landscaping,Landscaping,27167,2026-04,Landscaping,244,1333,788,,Within 1 month,medium,medium,routine,False,False,False,False,False,False,False,False,False,True,False,False,False,False,False,False,False,False,True,False,4,1089,4.463114735806907,1,0,0
job_001180,Pest Control,Bed Bugs,15989,2026-03,General pest control service,260,1700,980,,As soon as possible,medium,medium,routine,False,False,False,False,False,False,False,False,False,False,False,False,True,False,False,False,False,False,False,False,3,1440,5.538461517159764,0,0,0
job_001181,Auto,Auto,78956,2026-01,Auto,238,1643,940,,As soon as possible,medium,medium,routine,True,False,False,False,False,False,False,False,False,False,False,False,False,False,False,False,False,False,False,False,1,1405,5.903361319733776,0,0,0
job_001182,Electrical,Panel Upgrade,87491,2026-03,Install ceiling fan,139,2293,1216,,Within 1 month,medium,medium,routine,False,False,False,True,False,False,False,False,False,False,False,False,False,False,False,False,False,False,True,False,3,2154,15.49640276621293,1,0,0
job_001183,Cleaning,Carpet Cleaning,83045,2026-01,Carpet cleaning entire house,110,904,507,,Within 1-2 weeks,medium,medium,routine,False,False,True,False,False,False,False,False,False,False,False,False,False,False,False,False,False,False,False,True,1,794,7.218181752561984,1,0,0
job_001184,Remodeling,Remodeling,87058,2026-04,Remodeling,189,1643,916,,As soon as possible,medium,medium,routine,False,False,False,False,False,False,False,False,False,False,False,False,False,False,False,True,False,False,False,False,4,1454,7.693121652417346,0,0,0
job_001185,Pest Control,Rodents,98156,2026-02,Rodent control and sealing,302,1799,1050,,As soon as possible,medium,medium,routine,False,False,False,False,False,False,False,False,False,False,False,False,True,False,False,False,False,False,False,False,2,1497,4.956953625970352,0,0,0
job_001186,Handyman,Handyman,80763,2026-04,Handyman,60,575,317,,Within 1-2 weeks,medium,medium,routine,False,False,False,False,False,False,False,False,True,False,False,False,False,False,False,False,False,False,False,True,4,515,8.58333319027778,1,0,0
job_001187,Appliance Repair,Appliance Repair,47269,2026-03,Appliance Repair,223,1745,984,,Within 1-2 weeks,medium,medium,routine,False,False,False,False,False,False,False,False,False,False,False,False,False,False,False,False,False,False,False,True,3,1522,6.825112077017435,0,0,0
job_001188,Pool,Pool,58755,2026-04,Pool,207,1700,953,,Within 1-2 weeks,medium,medium,routine,False,False,False,False,False,False,False,False,False,False,False,False,False,False,True,False,False,False,False,True,4,1493,7.2125603516301435,0,0,0
job_001189,Pest Control,General,75159,2026-02,"Bed bug heat treatment, 2BR apartment",274,2001,1137,,Within 1-2 weeks,medium,medium,routine,False,False,False,False,False,False,False,False,False,False,False,False,True,False,False,False,False,False,False,True,2,1727,6.302919685025841,0,0,0
job_001190,Exterior,Exterior,95695,2026-01,Exterior,467,2302,1384,,As soon as possible,medium,medium,routine,False,False,False,False,True,False,False,False,False,False,False,False,False,False,False,False,False,False,False,False,1,1835,3.9293361800228346,1,0,0
job_001191,Cleaning,General Cleaning,58404,2026-03,Window washing service,83,1234,658,,Within 1-2 weeks,medium,medium,routine,False,False,True,False,False,False,False,False,False,False,False,False,False,False,False,False,False,False,False,True,3,1151,13.867469712440124,1,0,0
job_001192,Cleaning,Carpet Cleaning,36378,2026-01,Window washing service,121,1069,595,,Within 1 month,medium,medium,routine,False,False,True,False,False,False,False,False,False,False,False,False,False,False,False,False,False,False,True,False,1,948,7.834710679051978,1,0,0
job_001193,Exterior,Exterior,23169,2026-03,Exterior,506,3466,1986,,As soon as possible,medium,medium,routine,False,False,False,False,True,False,False,False,False,False,False,False,False,False,False,False,False,False,False,False,3,2960,5.849802359980628,1,0,0
job_001194,General Contractor,General Contractor,60484,2026-04,General Contractor,1175,10038,5606,,Within 1 month,medium,medium,routine,False,False,False,False,False,False,True,False,False,False,False,False,False,False,False,False,False,False,True,False,4,8863,7.542978716984698,0,0,1
job_001195,Auto,Auto,48049,2026-04,Auto,209,1655,932,,I'm flexible,medium,medium,routine,True,False,False,False,False,False,False,False,False,False,False,False,False,False,False,False,False,True,False,False,4,1446,6.918660253977702,0,0,0
job_001196,Painting,Exterior,94392,2026-02,Trim painting,340,2369,1354,,Within 1 month,medium,medium,routine,False,False,False,False,False,False,False,False,False,False,False,True,False,False,False,False,False,False,True,False,2,2029,5.9676470412716265,0,0,0
job_001197,Auto,Auto,28589,2026-02,Auto,183,1567,875,,Within 1-2 weeks,medium,medium,routine,True,False,False,False,False,False,False,False,False,False,False,False,False,False,False,False,False,False,False,True,2,1384,7.562841488727642,0,0,0
job_001198,Painting,Exterior,16808,2026-01,Trim painting,230,2613,1421,,Within 1-2 weeks,medium,medium,routine,False,False,False,False,False,False,False,False,False,False,False,True,False,False,False,False,False,False,False,True,1,2383,10.360869520170132,0,0,0
job_001199,Roofing,Roofing,91278,2026-02,Roofing,220,2099,1159,,Within 1-2 weeks,medium,medium,routine,False,False,False,False,False,False,False,False,False,False,False,False,False,False,False,False,True,False,False,True,2,1879,8.540909052086777,0,0,0
job_001200,Pest Control,Rodents,16941,2026-02,General pest control service,252,1973,1112,,I'm flexible,medium,medium,routine,False,False,False,False,False,False,False,False,False,False,False,False,True,False,False,False,False,True,False,False,2,1721,6.829365052264424,0,0,0
job_001201,Landscaping,Landscaping,40495,2026-02,Landscaping,152,1418,785,,As soon as possible,medium,medium,routine,False,False,False,False,False,False,False,False,False,True,False,False,False,False,False,False,False,False,False,False,2,1266,8.328947313625347,1,0,0
job_001202,General Contractor,General Contractor,22903,2026-02,General Contractor,1169,11223,6196,,Within 1-2 weeks,medium,medium,routine,False,False,False,False,False,False,True,False,False,False,False,False,False,False,False,False,False,False,False,True,2,10054,8.60051325183874,0,0,1
job_001203,Moving,Moving,26792,2026-03,Moving,155,2160,1157,,I'm flexible,medium,medium,routine,False,False,False,False,False,False,False,False,False,False,True,False,False,False,False,False,False,True,False,False,3,2005,12.935483787513007,0,0,0
job_001204,Flooring,Flooring,38955,2026-03,Flooring,214,2264,1239,,Within 1 month,medium,medium,routine,False,False,False,False,False,True,False,False,False,False,False,False,False,False,False,False,False,False,True,False,3,2050,9.579439207572713,0,0,0
job_001205,Pool,Pool,34482,2026-03,Pool,150,2280,1215,,Within 1 month,medium,medium,routine,False,False,False,False,False,False,False,False,False,False,False,False,False,False,True,False,False,False,True,False,3,2130,14.199999905333334,0,0,0
job_001206,Cleaning,General Cleaning,76371,2026-02,"Exterior window wash, 2-story, 20 windows",110,809,459,,Within 1 month,medium,medium,routine,False,False,True,False,False,False,False,False,False,False,False,False,False,False,False,False,False,False,True,False,2,699,6.35454539677686,1,0,0
job_001207,Electrical,Outlet Installation,27050,2026-04,Install ceiling fan,127,1828,977,,As soon as possible,medium,medium,routine,False,False,False,True,False,False,False,False,False,False,False,False,False,False,False,False,False,False,False,False,4,1701,13.393700681939364,1,0,0
job_001208,Remodeling,Remodeling,53756,2026-04,Remodeling,242,2297,1269,,Within 1-2 weeks,medium,medium,routine,False,False,False,False,False,False,False,False,False,False,False,False,False,False,False,True,False,False,False,True,4,2055,8.491735502100267,0,0,0
job_001209,Pool,Pool,25769,2026-01,Pool,182,2176,1179,,I'm flexible,medium,medium,routine,False,False,False,False,False,False,False,False,False,False,False,False,False,False,True,False,False,True,False,False,1,1994,10.956043895845912,0,0,0
job_001210,Landscaping,Landscaping,59204,2026-03,Landscaping,193,1523,858,,Within 1-2 weeks,medium,medium,routine,False,False,False,False,False,False,False,False,False,True,False,False,False,False,False,False,False,False,False,True,3,1330,6.891191674138903,1,0,0
job_001211,General Contractor,General Contractor,68050,2026-01,General Contractor,1007,11685,6346,,Within 1-2 weeks,medium,medium,routine,False,False,False,False,False,False,True,False,False,False,False,False,False,False,False,False,False,False,False,True,1,10678,10.603773574375598,0,0,1
job_001212,Handyman,Handyman,90603,2026-01,Handyman,86,485,285,,I'm flexible,medium,medium,routine,False,False,False,False,False,False,False,False,True,False,False,False,False,False,False,False,False,True,False,False,1,399,4.639534829772851,1,0,0
job_001213,Roofing,Roofing,90096,2026-04,Roofing,206,1970,1088,,I'm flexible,medium,medium,routine,False,False,False,False,False,False,False,False,False,False,False,False,False,False,False,False,True,True,False,False,4,1764,8.563106754548025,0,0,0
job_001214,Chimney,Chimney,17679,2026-04,Chimney,160,1735,947,,Within 1-2 weeks,medium,medium,routine,False,True,False,False,False,False,False,False,False,False,False,False,False,False,False,False,False,False,False,True,4,1575,9.843749938476563,0,0,0
job_001215,Appliance Repair,Appliance Repair,33227,2026-01,Appliance Repair,170,1637,903,,As soon as possible,medium,medium,routine,False,False,False,False,False,False,False,False,False,False,False,False,False,False,False,False,False,False,False,False,1,1467,8.629411713944638,0,0,0
job_001216,Cleaning,General Cleaning,64161,2026-02,Deep clean kitchen and bathrooms,90,915,502,,Within 1-2 weeks,medium,medium,routine,False,False,True,False,False,False,False,False,False,False,False,False,False,False,False,False,False,False,False,True,2,825,9.166666564814816,1,0,0
job_001217,Appliance Repair,Appliance Repair,99758,2026-02,Appliance Repair,202,1728,965,,As soon as possible,medium,medium,routine,False,False,False,False,False,False,False,False,False,False,False,False,False,False,False,False,False,False,False,False,2,1526,7.554455408146261,0,0,0
job_001218,Electrical,Lighting,83688,2026-04,Install ceiling fan,186,2077,1131,,I'm flexible,medium,medium,routine,False,False,False,True,False,False,False,False,False,False,False,False,False,False,False,False,False,True,False,False,4,1891,10.16666661200717,1,0,0
job_001219,Appliance Repair,Appliance Repair,44410,2026-03,Appliance Repair,183,1624,903,,I'm flexible,medium,medium,routine,False,False,False,False,False,False,False,False,False,False,False,False,False,False,False,False,False,True,False,False,3,1441,7.874316896861656,0,0,0
job_001220,Remodeling,Remodeling,16098,2026-01,Remodeling,241,1846,1043,,I'm flexible,medium,medium,routine,False,False,False,False,False,False,False,False,False,False,False,False,False,False,False,True,False,True,False,False,1,1605,6.659751009710577,0,0,0
job_001221,Exterior,Exterior,83891,2026-01,Exterior,441,3089,1765,,Within 1 month,medium,medium,routine,False,False,False,False,True,False,False,False,False,False,False,False,False,False,False,False,False,False,True,False,1,2648,6.004535133776565,1,0,0
job_001222,Pest Control,Rodents,98793,2026-03,Termite inspection and treatment,350,1694,1022,,As soon as possible,medium,medium,routine,False,False,False,False,False,False,False,False,False,False,False,False,True,False,False,False,False,False,False,False,3,1344,3.8399999890285716,0,0,0
job_001223,Exterior,Exterior,34143,2026-03,Exterior,465,2763,1614,,Within 1 month,medium,medium,routine,False,False,False,False,True,False,False,False,False,False,False,False,False,False,False,False,False,False,True,False,3,2298,4.9419354732431495,1,0,0
job_001224,Roofing,Roofing,21122,2026-02,Roofing,166,2302,1234,,I'm flexible,medium,medium,routine,False,False,False,False,False,False,False,False,False,False,False,False,False,False,False,False,True,True,False,False,2,2136,12.867469802003194,0,0,0
job_001225,Landscaping,Landscaping,43046,2026-02,Landscaping,249,1388,818,,I'm flexible,medium,medium,routine,False,False,False,False,False,False,False,False,False,True,False,False,False,False,False,False,False,True,False,False,2,1139,4.574297170384349,1,0,0
job_001226,General Contractor,General Contractor,24986,2026-03,General Contractor,956,10157,5556,,As soon as possible,medium,medium,routine,False,False,False,False,False,False,True,False,False,False,False,False,False,False,False,False,False,False,False,False,3,9201,9.624476977380255,0,0,1
job_001227,Moving,Moving,97585,2026-04,Moving,164,2489,1326,,As soon as possible,medium,medium,routine,False,False,False,False,False,False,False,False,False,False,True,False,False,False,False,False,False,False,False,False,4,2325,14.176829181848603,0,0,0
job_001228,General Contractor,General Contractor,84955,2026-04,General Contractor,1180,9982,5581,,I'm flexible,medium,medium,routine,False,False,False,False,False,False,True,False,False,False,False,False,False,False,False,False,False,True,False,False,4,8802,7.459322027576845,0,0,1
job_001229,HVAC,Thermostat,31925,2026-01,Furnace service before winter,244,3553,1898,,Within 1 month,medium,medium,routine,False,False,False,False,False,False,False,True,False,False,False,False,False,False,False,False,False,False,True,False,1,3309,13.561475354256249,1,0,0
job_001230,Landscaping,Landscaping,46990,2026-02,Landscaping,232,1821,1026,,As soon as possible,medium,medium,routine,False,False,False,False,False,False,False,False,False,True,False,False,False,False,False,False,False,False,False,False,2,1589,6.849137901512337,1,0,0
job_001231,Pest Control,Termites,37719,2026-03,"Bed bug heat treatment, 2BR apartment",251,2431,1341,,As soon as possible,medium,medium,routine,False,False,False,False,False,False,False,False,False,False,False,False,True,False,False,False,False,False,False,False,3,2180,8.685258929540801,0,0,0
job_001232,Moving,Moving,19289,2026-03,Moving,182,2302,1242,,Within 1-2 weeks,medium,medium,routine,False,False,False,False,False,False,False,False,False,False,True,False,False,False,False,False,False,False,False,True,3,2120,11.648351584349717,0,0,0
job_001233,Moving,Moving,27772,2026-02,Moving,175,1596,885,,Within 1 month,medium,medium,routine,False,False,False,False,False,False,False,False,False,False,True,False,False,False,False,False,False,False,True,False,2,1421,8.1199999536,0,0,0
job_001234,General Contractor,General Contractor,76726,2026-03,General Contractor,1155,10989,6072,,Within 1-2 weeks,medium,medium,routine,False,False,False,False,False,False,True,False,False,False,False,False,False,False,False,False,False,False,False,True,3,9834,8.514285706914038,0,0,1
job_001235,Flooring,Flooring,80425,2026-03,Flooring,224,1905,1064,,As soon as possible,medium,medium,routine,False,False,False,False,False,True,False,False,False,False,False,False,False,False,False,False,False,False,False,False,3,1681,7.504464252212213,0,0,0
job_001236,Painting,Cabinet,47121,2026-03,Exterior house painting,251,3021,1636,,Within 1-2 weeks,medium,medium,routine,False,False,False,False,False,False,False,False,False,False,False,True,False,False,False,False,False,False,False,True,3,2770,11.035856529737623,0,0,0
job_001237,Pest Control,Termites,52887,2026-04,Termite inspection and treatment,230,2359,1294,,I'm flexible,medium,medium,routine,False,False,False,False,False,False,False,False,False,False,False,False,True,False,False,False,False,True,False,False,4,2129,9.256521698884688,0,0,0
job_001238,Landscaping,Landscaping,18931,2026-03,Landscaping,211,1728,969,,I'm flexible,medium,medium,routine,False,False,False,False,False,False,False,False,False,True,False,False,False,False,False,False,False,True,False,False,3,1517,7.189573425641832,1,0,0
job_001239,Pest Control,Bed Bugs,99600,2026-04,Rodent control and sealing,232,2435,1333,,Within 1 month,medium,medium,routine,False,False,False,False,False,False,False,False,False,False,False,False,True,False,False,False,False,False,True,False,4,2203,9.495689614242718,0,0,0
job_001240,Landscaping,Landscaping,20625,2026-03,Landscaping,249,1848,1048,,Within 1 month,medium,medium,routine,False,False,False,False,False,False,False,False,False,True,False,False,False,False,False,False,False,False,True,False,3,1599,6.4216867211980455,1,0,0
job_001241,Auto,Auto,71142,2026-04,Auto,243,1947,1095,,Within 1-2 weeks,medium,medium,routine,True,False,False,False,False,False,False,False,False,False,False,False,False,False,False,False,False,False,False,True,4,1704,7.012345650154956,0,0,0
job_001242,Pool,Pool,47240,2026-04,Pool,220,1956,1088,,Within 1-2 weeks,medium,medium,routine,False,False,False,False,False,False,False,False,False,False,False,False,False,False,True,False,False,False,False,True,4,1736,7.890909055041322,0,0,0
job_001243,Chimney,Chimney,35717,2026-02,Chimney,187,2119,1153,,Within 1-2 weeks,medium,medium,routine,False,True,False,False,False,False,False,False,False,False,False,False,False,False,False,False,False,False,False,True,2,1932,10.331550746890104,0,0,0
job_001244,Pest Control,Bed Bugs,84662,2026-01,General pest control service,333,1985,1159,,I'm flexible,medium,medium,routine,False,False,False,False,False,False,False,False,False,False,False,False,True,False,False,False,False,True,False,False,1,1652,4.960960946063181,0,0,0
job_001245,Painting,Exterior,96922,2026-03,Cabinet refinishing,237,2920,1578,,As soon as possible,medium,medium,routine,False,False,False,False,False,False,False,False,False,False,False,True,False,False,False,False,False,False,False,False,3,2683,11.32067505771867,0,0,0
job_001246,Pest Control,General,85532,2026-01,"Bed bug heat treatment, 2BR apartment",262,2160,1211,,Within 1-2 weeks,medium,medium,routine,False,False,False,False,False,False,False,False,False,False,False,False,True,False,False,False,False,False,False,True,1,1898,7.244274781510402,0,0,0
job_001247,Roofing,Roofing,90279,2026-03,Roofing,170,2452,1311,,Within 1-2 weeks,medium,medium,routine,False,False,False,False,False,False,False,False,False,False,False,False,False,False,False,False,True,False,False,True,3,2282,13.423529332802769,0,0,0
job_001248,Pest Control,Bed Bugs,72252,2026-03,General pest control service,358,2324,1341,,As soon as possible,medium,medium,routine,False,False,False,False,False,False,False,False,False,False,False,False,True,False,False,False,False,False,False,False,3,1966,5.491620096392123,0,0,0
job_001249,Roofing,Roofing,85705,2026-03,Roofing,152,1907,1029,,Within 1-2 weeks,medium,medium,routine,False,False,False,False,False,False,False,False,False,False,False,False,False,False,False,False,True,False,False,True,3,1755,11.546052555618076,0,0,0
job_001250,Plumbing,Leak Repair,45873,2026-03,Install new water heater,114,1513,813,,As soon as possible,medium,medium,routine,False,False,False,False,False,False,False,False,False,False,False,False,False,True,False,False,False,False,False,False,3,1399,12.271929716912897,1,0,0
job_001251,Landscaping,Landscaping,78522,2026-01,Landscaping,241,1870,1055,,I'm flexible,medium,medium,routine,False,False,False,False,False,False,False,False,False,True,False,False,False,False,False,False,False,True,False,False,1,1629,6.759336071538025,1,0,0
job_001252,Roofing,Roofing,74105,2026-02,Roofing,211,2033,1122,,Within 1 month,medium,medium,routine,False,False,False,False,False,False,False,False,False,False,False,False,False,False,False,False,True,False,True,False,2,1822,8.635071049122885,0,0,0
job_001253,Chimney,Chimney,48965,2026-01,Chimney,245,2089,1167,,Within 1 month,medium,medium,routine,False,True,False,False,False,False,False,False,False,False,False,False,False,False,False,False,False,False,True,False,1,1844,7.526530581524365,0,0,0
job_001254,Appliance Repair,Appliance Repair,21519,2026-03,Appliance Repair,177,1671,924,,As soon as possible,medium,medium,routine,False,False,False,False,False,False,False,False,False,False,False,False,False,False,False,False,False,False,False,False,3,1494,8.440677918414249,0,0,0
job_001255,Roofing,Roofing,16075,2026-02,Roofing,170,1961,1065,,Within 1-2 weeks,medium,medium,routine,False,False,False,False,False,False,False,False,False,False,False,False,False,False,False,False,True,False,False,True,2,1791,10.535294055674742,0,0,0
job_001256,Auto,Auto,12007,2026-02,Auto,235,2355,1295,,Within 1-2 weeks,medium,medium,routine,True,False,False,False,False,False,False,False,False,False,False,False,False,False,False,False,False,False,False,True,2,2120,9.02127655735627,0,0,0
job_001257,Remodeling,Remodeling,23036,2026-02,Remodeling,233,2213,1223,,I'm flexible,medium,medium,routine,False,False,False,False,False,False,False,False,False,False,False,False,False,False,False,True,False,True,False,False,2,1980,8.497854040781743,0,0,0
job_001258,Chimney,Chimney,23169,2026-02,Chimney,217,2267,1242,,I'm flexible,medium,medium,routine,False,True,False,False,False,False,False,False,False,False,False,False,False,False,False,False,False,True,False,False,2,2050,9.447004564760348,0,0,0
job_001259,Chimney,Chimney,83861,2026-04,Chimney,191,1858,1024,,I'm flexible,medium,medium,routine,False,True,False,False,False,False,False,False,False,False,False,False,False,False,False,False,False,True,False,False,4,1667,8.727748645404457,0,0,0
job_001260,General Contractor,General Contractor,55308,2026-01,General Contractor,933,11059,5996,,Within 1 month,medium,medium,routine,False,False,False,False,False,False,True,False,False,False,False,False,False,False,False,False,False,False,True,False,1,10126,10.853161831883,0,0,1
job_001261,Plumbing,Drain Cleaning,49983,2026-03,Replace kitchen sink shutoff valve (you supply valve),83,1481,782,,I'm flexible,medium,medium,routine,False,False,False,False,False,False,False,False,False,False,False,False,False,True,False,False,False,True,False,False,3,1398,16.843373291043697,1,0,0
job_001262,General Contractor,General Contractor,82052,2026-03,General Contractor,888,11095,5991,,Within 1 month,medium,medium,routine,False,False,False,False,False,False,True,False,False,False,False,False,False,False,False,False,False,False,True,False,3,10207,11.49436935642526,0,0,1
job_001263,Chimney,Chimney,84018,2026-03,Chimney,213,2245,1229,,As soon as possible,medium,medium,routine,False,True,False,False,False,False,False,False,False,False,False,False,False,False,False,False,False,False,False,False,3,2032,9.539906058498094,0,0,0
job_001264,Painting,Cabinet,33587,2026-02,Paint interior bedroom walls,263,2595,1429,,I'm flexible,medium,medium,routine,False,False,False,False,False,False,False,False,False,False,False,True,False,False,False,False,False,True,False,False,2,2332,8.86692011837673,0,0,0
job_001265,Painting,Exterior,39333,2026-02,Trim painting,242,2513,1377,,Within 1 month,medium,medium,routine,False,False,False,False,False,False,False,False,False,False,False,True,False,False,False,False,False,False,True,False,2,2271,9.384297481883069,0,0,0
job_001266,Chimney,Chimney,58359,2026-04,Chimney,163,1938,1050,,Within 1 month,medium,medium,routine,False,True,False,False,False,False,False,False,False,False,False,False,False,False,False,False,False,False,True,False,4,1775,10.889570485340059,0,0,0
job_001267,General Contractor,General Contractor,74937,2026-01,General Contractor,1079,9459,5269,,I'm flexible,medium,medium,routine,False,False,False,False,False,False,True,False,False,False,False,False,False,False,False,False,False,True,False,False,1,8380,7.766450409855003,0,0,1
job_001268,Cleaning,Window Washing,74875,2026-01,Carpet cleaning entire house,77,945,511,,I'm flexible,medium,medium,routine,False,False,True,False,False,False,False,False,False,False,False,False,False,False,False,False,False,True,False,False,1,868,11.272727126328219,1,0,0
job_001269,Plumbing,Fixture Installation,11914,2026-02,Clear clogged drain,86,1830,958,,I'm flexible,medium,medium,routine,False,False,False,False,False,False,False,False,False,False,False,False,False,True,False,False,False,True,False,False,2,1744,20.279069531638726,1,0,0
job_001270,Pool,Pool,70075,2026-03,Pool,160,2423,1291,,Within 1-2 weeks,medium,medium,routine,False,False,False,False,False,False,False,False,False,False,False,False,False,False,True,False,False,False,False,True,3,2263,14.143749911601564,0,0,0
job_001271,Pool,Pool,89829,2026-04,Pool,155,1610,882,,Within 1-2 weeks,medium,medium,routine,False,False,False,False,False,False,False,False,False,False,False,False,False,False,True,False,False,False,False,True,4,1455,9.387096713631633,0,0,0
job_001272,Remodeling,Remodeling,83048,2026-02,Remodeling,206,1828,1017,,I'm flexible,medium,medium,routine,False,False,False,False,False,False,False,False,False,False,False,False,False,False,False,True,False,True,False,False,2,1622,7.873786369544726,0,0,0
job_001273,Chimney,Chimney,95757,2026-01,Chimney,217,2290,1253,,I'm flexible,medium,medium,routine,False,True,False,False,False,False,False,False,False,False,False,False,False,False,False,False,False,True,False,False,1,2073,9.55299534768205,0,0,0
job_001274,Exterior,Exterior,31748,2026-02,Exterior,477,2702,1589,,As soon as possible,medium,medium,routine,False,False,False,False,True,False,False,False,False,False,False,False,False,False,False,False,False,False,False,False,2,2225,4.664570220828994,1,0,0
job_001275,Remodeling,Remodeling,33784,2026-02,Remodeling,187,1722,954,,As soon as possible,medium,medium,routine,False,False,False,False,False,False,False,False,False,False,False,False,False,False,False,True,False,False,False,False,2,1535,8.208556105836598,0,0,0
job_001276,Remodeling,Remodeling,10298,2026-02,Remodeling,169,2153,1161,,I'm flexible,medium,medium,routine,False,False,False,False,False,False,False,False,False,False,False,False,False,False,False,True,False,True,False,False,2,1984,11.739644900948846,0,0,0
job_001277,Landscaping,Landscaping,70842,2026-04,Landscaping,171,1509,840,,Within 1 month,medium,medium,routine,False,False,False,False,False,False,False,False,False,True,False,False,False,False,False,False,False,False,True,False,4,1338,7.8245613577511035,1,0,0
job_001278,Remodeling,Remodeling,76384,2026-04,Remodeling,241,1760,1000,,Within 1 month,medium,medium,routine,False,False,False,False,False,False,False,False,False,False,False,False,False,False,False,True,False,False,True,False,4,1519,6.302904538162222,0,0,0
job_001279,Landscaping,Landscaping,34143,2026-01,Landscaping,216,1161,688,,As soon as possible,medium,medium,routine,False,False,False,False,False,False,False,False,False,True,False,False,False,False,False,False,False,False,False,False,1,945,4.374999979745371,1,0,0
job_001280,HVAC,Furnace Maintenance,65514,2026-03,Install new thermostat,219,3317,1768,,As soon as possible,medium,medium,routine,False,False,False,False,False,False,False,True,False,False,False,False,False,False,False,False,False,False,False,False,3,3098,14.146118656867039,1,0,0
job_001281,Roofing,Roofing,41940,2026-02,Roofing,237,1518,877,,Within 1 month,medium,medium,routine,False,False,False,False,False,False,False,False,False,False,False,False,False,False,False,False,True,False,True,False,2,1281,5.405063268333066,0,0,0
job_001282,Exterior,Exterior,61378,2026-02,Exterior,482,3081,1781,,I'm flexible,medium,medium,routine,False,False,False,False,True,False,False,False,False,False,False,False,False,False,False,False,False,True,False,False,2,2599,5.392116171385651,1,0,0
job_001283,Chimney,Chimney,52452,2026-03,Chimney,246,2198,1222,,I'm flexible,medium,medium,routine,False,True,False,False,False,False,False,False,False,False,False,False,False,False,False,False,False,True,False,False,3,1952,7.934959317337563,0,0,0
job_001284,Plumbing,Fixture Installation,62648,2026-01,Replace kitchen sink shutoff valve (you supply valve),75,1223,649,,Within 1 month,medium,medium,routine,False,False,False,False,False,False,False,False,False,False,False,False,False,True,False,False,False,False,True,False,1,1148,15.30666646257778,1,0,0
job_001285,Cleaning,Carpet Cleaning,17227,2026-02,Window washing service,114,786,450,,As soon as possible,medium,medium,routine,False,False,True,False,False,False,False,False,False,False,False,False,False,False,False,False,False,False,False,False,2,672,5.894736790397046,1,0,0
job_001286,Electrical,Lighting,59888,2026-04,Install ceiling fan,124,2084,1104,,Within 1-2 weeks,medium,medium,routine,False,False,False,True,False,False,False,False,False,False,False,False,False,False,False,False,False,False,False,True,4,1960,15.806451485431843,1,0,0
job_001287,Remodeling,Remodeling,83877,2026-04,Remodeling,194,1857,1025,,Within 1 month,medium,medium,routine,False,False,False,False,False,False,False,False,False,False,False,False,False,False,False,True,False,False,True,False,4,1663,8.572164904267192,0,0,0
job_001288,Cleaning,Window Washing,99141,2026-01,Deep clean kitchen and bathrooms,100,1074,587,,Within 1 month,medium,medium,routine,False,False,True,False,False,False,False,False,False,False,False,False,False,False,False,False,False,False,True,False,1,974,9.739999902600001,1,0,0
job_001289,Roofing,Roofing,81279,2026-03,Roofing,200,2439,1319,,Within 1 month,medium,medium,routine,False,False,False,False,False,False,False,False,False,False,False,False,False,False,False,False,True,False,True,False,3,2239,11.194999944025,0,0,0
job_001290,Exterior,Exterior,35717,2026-04,Exterior,434,3019,1726,,I'm flexible,medium,medium,routine,False,False,False,False,True,False,False,False,False,False,False,False,False,False,False,False,False,True,False,False,4,2585,5.95622118443267,1,0,0
job_001291,Roofing,Roofing,62365,2026-03,Roofing,165,1652,908,,Within 1 month,medium,medium,routine,False,False,False,False,False,False,False,False,False,False,False,False,False,False,False,False,True,False,True,False,3,1487,9.012121157502296,0,0,0
job_001292,Handyman,Handyman,51619,2026-02,Handyman,85,536,310,,Within 1 month,medium,medium,routine,False,False,False,False,False,False,False,False,True,False,False,False,False,False,False,False,False,False,True,False,2,451,5.305882290519032,1,0,0
job_001293,Plumbing,Drain Cleaning,51107,2026-03,Install new water heater,107,1356,731,,Within 1-2 weeks,medium,medium,routine,False,False,False,False,False,False,False,False,False,False,False,False,False,True,False,False,False,False,False,True,3,1249,11.672897087169186,1,0,0
job_001294,Handyman,Handyman,95153,2026-03,Handyman,85,391,238,,Within 1 month,medium,medium,routine,False,False,False,False,False,False,False,False,True,False,False,False,False,False,False,False,False,False,True,False,3,306,3.5999999576470594,1,0,0
job_001295,Electrical,Lighting,78636,2026-02,Replace light switches,143,1889,1016,,Within 1-2 weeks,medium,medium,routine,False,False,False,True,False,False,False,False,False,False,False,False,False,False,False,False,False,False,False,True,2,1746,12.209790124407062,1,0,0
job_001296,HVAC,Thermostat,53389,2026-01,AC unit repair and maintenance,179,2356,1267,,As soon as possible,medium,medium,routine,False,False,False,False,False,False,False,True,False,False,False,False,False,False,False,False,False,False,False,False,1,2177,12.162011105240161,1,0,0
job_001297,Cleaning,General Cleaning,48965,2026-03,Deep clean kitchen and bathrooms,92,773,432,,As soon as possible,medium,medium,routine,False,False,True,False,False,False,False,False,False,False,False,False,False,False,False,False,False,False,False,False,3,681,7.402173832585067,1,0,0
job_001298,Handyman,Handyman,32435,2026-02,Handyman,88,499,293,,Within 1-2 weeks,medium,medium,routine,False,False,False,False,False,False,False,False,True,False,False,False,False,False,False,False,False,False,False,True,2,411,4.670454492381199,1,0,0
job_001299,Remodeling,Remodeling,51233,2026-02,Remodeling,179,2451,1315,,Within 1 month,medium,medium,routine,False,False,False,False,False,False,False,False,False,False,False,False,False,False,False,True,False,False,True,False,2,2272,12.69273735925845,0,0,0
job_001300,Cleaning,Carpet Cleaning,98454,2026-03,Carpet cleaning entire house,120,1032,576,,As soon as possible,medium,medium,routine,False,False,True,False,False,False,False,False,False,False,False,False,False,False,False,False,False,False,False,False,3,912,7.599999936666667,1,0,0
job_001301,Plumbing,Leak Repair,18526,2026-04,Install new water heater,110,1623,866,,As soon as possible,medium,medium,routine,False,False,False,False,False,False,False,False,False,False,False,False,False,True,False,False,False,False,False,False,4,1513,13.754545329504134,1,0,0
job_001302,Cleaning,General Cleaning,79074,2026-03,Deep clean kitchen and bathrooms,89,978,533,,Within 1 month,medium,medium,routine,False,False,True,False,False,False,False,False,False,False,False,False,False,False,False,False,False,False,True,False,3,889,9.988763932710517,1,0,0
job_001303,HVAC,Thermostat,79577,2026-03,Install new thermostat,186,3010,1598,,As soon as possible,medium,medium,routine,False,False,False,False,False,False,False,True,False,False,False,False,False,False,False,False,False,False,False,False,3,2824,15.182795617296797,1,0,0
job_001304,Appliance Repair,Appliance Repair,85465,2026-04,Appliance Repair,158,1749,953,,Within 1-2 weeks,medium,medium,routine,False,False,False,False,False,False,False,False,False,False,False,False,False,False,False,False,False,False,False,True,4,1591,10.069620189432785,0,0,0
job_001305,Pest Control,Termites,84437,2026-01,Termite inspection and treatment,234,1724,979,,I'm flexible,medium,medium,routine,False,False,False,False,False,False,False,False,False,False,False,False,True,False,False,False,False,True,False,False,1,1490,6.367521340309738,0,0,0
job_001306,Auto,Auto,88325,2026-03,Auto,179,1988,1083,,Within 1-2 weeks,medium,medium,routine,True,False,False,False,False,False,False,False,False,False,False,False,False,False,False,False,False,False,False,True,3,1809,10.106145194937737,0,0,0
job_001307,Electrical,Panel Upgrade,23916,2026-04,Repair faulty electrical panel,141,2266,1203,,Within 1-2 weeks,medium,medium,routine,False,False,False,True,False,False,False,False,False,False,False,False,False,False,False,False,False,False,False,True,4,2125,15.070921878929632,1,0,0
job_001308,Chimney,Chimney,87992,2026-03,Chimney,232,1814,1023,,I'm flexible,medium,medium,routine,False,True,False,False,False,False,False,False,False,False,False,False,False,False,False,False,False,True,False,False,3,1582,6.818965487849287,0,0,0
job_001309,Moving,Moving,39333,2026-02,Moving,152,2125,1138,,As soon as possible,medium,medium,routine,False,False,False,False,False,False,False,False,False,False,True,False,False,False,False,False,False,False,False,False,2,1973,12.98026307249827,0,0,0
job_001310,HVAC,Ductwork,39251,2026-02,Furnace service before winter,228,3069,1648,,Within 1-2 weeks,medium,medium,routine,False,False,False,False,False,False,False,True,False,False,False,False,False,False,False,False,False,False,False,True,2,2841,12.460526261138043,1,0,0
job_001311,Exterior,Exterior,45139,2026-04,Exterior,553,3709,2131,,Within 1-2 weeks,medium,medium,routine,False,False,False,False,True,False,False,False,False,False,False,False,False,False,False,False,False,False,False,True,4,3156,5.707052430909489,1,0,0
job_001312,Pool,Pool,52615,2026-02,Pool,223,2431,1327,,As soon as possible,medium,medium,routine,False,False,False,False,False,False,False,False,False,False,False,False,False,False,True,False,False,False,False,False,2,2208,9.901345247079169,0,0,0
job_001313,Pool,Pool,50063,2026-02,Pool,160,2170,1165,,Within 1 month,medium,medium,routine,False,False,False,False,False,False,False,False,False,False,False,False,False,False,True,False,False,False,True,False,2,2010,12.562499921484376,0,0,0
job_001314,Pest Control,General,93871,2026-03,"Bed bug heat treatment, 2BR apartment",287,2155,1221,,As soon as possible,medium,medium,routine,False,False,False,False,False,False,False,False,False,False,False,False,True,False,False,False,False,False,False,False,3,1868,6.508710778715294,0,0,0
job_001315,General Contractor,General Contractor,78632,2026-02,General Contractor,798,8012,4405,,Within 1-2 weeks,medium,medium,routine,False,False,False,False,False,False,True,False,False,False,False,False,False,False,False,False,False,False,False,True,2,7214,9.04010023929812,0,0,1
job_001316,Exterior,Exterior,62991,2026-02,Exterior,440,2640,1540,,Within 1-2 weeks,medium,medium,routine,False,False,False,False,True,False,False,False,False,False,False,False,False,False,False,False,False,False,False,True,2,2200,4.999999988636364,1,0,0
job_001317,Landscaping,Landscaping,92899,2026-02,Landscaping,167,1785,976,,Within 1-2 weeks,medium,medium,routine,False,False,False,False,False,False,False,False,False,True,False,False,False,False,False,False,False,False,False,True,2,1618,9.688622696475313,1,0,0
job_001318,Electrical,Panel Upgrade,90831,2026-04,Install new outlets in kitchen,115,1550,832,,Within 1 month,medium,medium,routine,False,False,False,True,False,False,False,False,False,False,False,False,False,False,False,False,False,False,True,False,4,1435,12.478260761058602,1,0,0
job_001319,Moving,Moving,83282,2026-04,Moving,212,1503,857,,As soon as possible,medium,medium,routine,False,False,False,False,False,False,False,False,False,False,True,False,False,False,False,False,False,False,False,False,4,1291,6.089622612784799,0,0,0
job_001320,Handyman,Handyman,98551,2026-03,Handyman,84,442,263,,I'm flexible,medium,medium,routine,False,False,False,False,False,False,False,False,True,False,False,False,False,False,False,False,False,True,False,False,3,358,4.2619047111678015,1,0,0
job_001321,HVAC,Ductwork,19767,2026-01,Furnace service before winter,232,3546,1889,,Within 1-2 weeks,medium,medium,routine,False,False,False,False,False,False,False,True,False,False,False,False,False,False,False,False,False,False,False,True,1,3314,14.284482697049643,1,0,0
job_001322,Pest Control,General,11181,2026-04,"Bed bug heat treatment, 2BR apartment",249,1710,979,,Within 1 month,medium,medium,routine,False,False,False,False,False,False,False,False,False,False,False,False,True,False,False,False,False,False,True,False,4,1461,5.867469855953936,0,0,0
job_001323,Pool,Pool,64161,2026-03,Pool,194,1636,915,,Within 1 month,medium,medium,routine,False,False,False,False,False,False,False,False,False,False,False,False,False,False,True,False,False,False,True,False,3,1442,7.43298965240727,0,0,0
job_001324,Chimney,Chimney,86592,2026-01,Chimney,244,1935,1089,,Within 1-2 weeks,medium,medium,routine,False,True,False,False,False,False,False,False,False,False,False,False,False,False,False,False,False,False,False,True,1,1691,6.930327840449476,0,0,0
job_001325,Landscaping,Landscaping,98454,2026-02,Landscaping,151,1149,650,,I'm flexible,medium,medium,routine,False,False,False,False,False,False,False,False,False,True,False,False,False,False,False,False,False,True,False,False,2,998,6.6092714794087986,1,0,0
job_001326,Cleaning,General Cleaning,41627,2026-02,"Exterior window wash, 2-story, 20 windows",119,939,529,,As soon as possible,medium,medium,routine,False,False,True,False,False,False,False,False,False,False,False,False,False,False,False,False,False,False,False,False,2,820,6.890756244615494,1,0,0
job_001327,Landscaping,Landscaping,54668,2026-01,Landscaping,176,1256,716,,As soon as possible,medium,medium,routine,False,False,False,False,False,False,False,False,False,True,False,False,False,False,False,False,False,False,False,False,1,1080,6.136363601497934,1,0,0
job_001328,Auto,Auto,99965,2026-02,Auto,219,2257,1238,,Within 1-2 weeks,medium,medium,routine,True,False,False,False,False,False,False,False,False,False,False,False,False,False,False,False,False,False,False,True,2,2038,9.305936030566503,0,0,0
job_001329,Plumbing,Drain Cleaning,22315,2026-02,Replace kitchen sink shutoff valve (you supply valve),76,1578,827,,Within 1 month,medium,medium,routine,False,False,False,False,False,False,False,False,False,False,False,False,False,True,False,False,False,False,True,False,2,1502,19.763157634695293,1,0,0
job_001330,Exterior,Exterior,93404,2026-03,Exterior,590,2615,1602,,Within 1-2 weeks,medium,medium,routine,False,False,False,False,True,False,False,False,False,False,False,False,False,False,False,False,False,False,False,True,3,2025,3.4322033840132145,1,0,0
job_001331,Cleaning,Window Washing,81352,2026-04,Window washing service,76,1152,614,,Within 1-2 weeks,medium,medium,routine,False,False,True,False,False,False,False,False,False,False,False,False,False,False,False,False,False,False,False,True,4,1076,14.157894550554019,1,0,0
job_001332,Electrical,Lighting,40698,2026-04,Install ceiling fan,165,1909,1037,,I'm flexible,medium,medium,routine,False,False,False,True,False,False,False,False,False,False,False,False,False,False,False,False,False,True,False,False,4,1744,10.569696905638201,1,0,0
job_001333,Flooring,Flooring,95663,2026-03,Flooring,189,1582,885,,Within 1-2 weeks,medium,medium,routine,False,False,False,False,False,True,False,False,False,False,False,False,False,False,False,False,False,False,False,True,3,1393,7.370370331373702,0,0,0
job_001334,Appliance Repair,Appliance Repair,63050,2026-01,Appliance Repair,233,1649,941,,Within 1 month,medium,medium,routine,False,False,False,False,False,False,False,False,False,False,False,False,False,False,False,False,False,False,True,False,1,1416,6.077253192801488,0,0,0
job_001335,Landscaping,Landscaping,79479,2026-04,Landscaping,164,1161,662,,Within 1 month,medium,medium,routine,False,False,False,False,False,False,False,False,False,True,False,False,False,False,False,False,False,False,True,False,4,997,6.079268255614218,1,0,0
job_001336,Cleaning,Carpet Cleaning,66648,2026-01,Carpet cleaning entire house,81,1187,634,,Within 1-2 weeks,medium,medium,routine,False,False,True,False,False,False,False,False,False,False,False,False,False,False,False,False,False,False,False,True,1,1106,13.654320819082459,1,0,0
job_001337,Chimney,Chimney,70187,2026-01,Chimney,194,2046,1120,,As soon as possible,medium,medium,routine,False,True,False,False,False,False,False,False,False,False,False,False,False,False,False,False,False,False,False,False,1,1852,9.546391703369116,0,0,0
job_001338,Pest Control,Bed Bugs,86851,2026-01,General pest control service,261,2232,1246,,As soon as possible,medium,medium,routine,False,False,False,False,False,False,False,False,False,False,False,False,True,False,False,False,False,False,False,False,1,1971,7.551724108997226,0,0,0
job_001339,Moving,Moving,24321,2026-03,Moving,195,1984,1089,,Within 1 month,medium,medium,routine,False,False,False,False,False,False,False,False,False,False,True,False,False,False,False,False,False,False,True,False,3,1789,9.17435892731098,0,0,0
job_001340,Moving,Moving,88915,2026-04,Moving,151,1940,1045,,As soon as possible,medium,medium,routine,False,False,False,False,False,False,False,False,False,False,True,False,False,False,False,False,False,False,False,False,4,1789,11.847682040743829,0,0,0
job_001341,Plumbing,Drain Cleaning,18269,2026-03,Clear clogged drain,92,1149,620,,Within 1 month,medium,medium,routine,False,False,False,False,False,False,False,False,False,False,False,False,False,True,False,False,False,False,True,False,3,1057,11.489130309900759,1,0,0
job_001342,Flooring,Flooring,80387,2026-02,Flooring,224,2464,1344,,I'm flexible,medium,medium,routine,False,False,False,False,False,True,False,False,False,False,False,False,False,False,False,False,False,True,False,False,2,2240,9.999999955357143,0,0,0
job_001343,HVAC,AC Repair,70136,2026-01,AC unit repair and maintenance,225,3631,1928,,As soon as possible,medium,medium,routine,False,False,False,False,False,False,False,True,False,False,False,False,False,False,False,False,False,False,False,False,1,3406,15.137777710498765,1,0,0
job_001344,Chimney,Chimney,49332,2026-03,Chimney,173,2051,1112,,As soon as possible,medium,medium,routine,False,True,False,False,False,False,False,False,False,False,False,False,False,False,False,False,False,False,False,False,3,1878,10.855491266731265,0,0,0
job_001345,Landscaping,Landscaping,94576,2026-03,Landscaping,246,1186,716,,Within 1 month,medium,medium,routine,False,False,False,False,False,False,False,False,False,True,False,False,False,False,False,False,False,False,True,False,3,940,3.8211381958490316,1,0,0
job_001346,Cleaning,Carpet Cleaning,30092,2026-04,"Exterior window wash, 2-story, 20 windows",121,934,527,,I'm flexible,medium,medium,routine,False,False,True,False,False,False,False,False,False,False,False,False,False,False,False,False,False,True,False,False,4,813,6.719008208933817,1,0,0
job_001347,General Contractor,General Contractor,94355,2026-04,General Contractor,857,8202,4529,,As soon as possible,medium,medium,routine,False,False,False,False,False,False,True,False,False,False,False,False,False,False,False,False,False,False,False,False,4,7345,8.570595089182502,0,0,1
job_001348,Landscaping,Landscaping,35547,2026-03,Landscaping,222,1391,806,,I'm flexible,medium,medium,routine,False,False,False,False,False,False,False,False,False,True,False,False,False,False,False,False,False,True,False,False,3,1169,5.2657657420461,1,0,0
job_001349,Handyman,Handyman,70187,2026-04,Handyman,93,458,275,,As soon as possible,medium,medium,routine,False,False,False,False,False,False,False,False,True,False,False,False,False,False,False,False,False,False,False,False,4,365,3.924731140594289,1,0,0
job_001350,Moving,Moving,88869,2026-04,Moving,174,2408,1291,,Within 1-2 weeks,medium,medium,routine,False,False,False,False,False,False,False,False,False,False,True,False,False,False,False,False,False,False,False,True,4,2234,12.839080385982296,0,0,0
job_001351,Exterior,Exterior,49640,2026-02,Exterior,581,2540,1560,,I'm flexible,medium,medium,routine,False,False,False,False,True,False,False,False,False,False,False,False,False,False,False,False,False,True,False,False,2,1959,3.37177279970435,1,0,0
job_001352,Plumbing,Water Heater Replacement,25358,2026-02,Clear clogged drain,109,1524,816,,I'm flexible,medium,medium,routine,False,False,False,False,False,False,False,False,False,False,False,False,False,True,False,False,False,True,False,False,2,1415,12.981651257049071,1,0,0
job_001353,Landscaping,Landscaping,52560,2026-03,Landscaping,165,1612,888,,Within 1-2 weeks,medium,medium,routine,False,False,False,False,False,False,False,False,False,True,False,False,False,False,False,False,False,False,False,True,3,1447,8.769696916547291,1,0,0
job_001354,Painting,Exterior,46138,2026-04,Exterior house painting,275,2201,1238,,Within 1 month,medium,medium,routine,False,False,False,False,False,False,False,False,False,False,False,True,False,False,False,False,False,False,True,False,4,1926,7.0036363381685955,0,0,0
job_001355,Roofing,Roofing,50063,2026-03,Roofing,180,2320,1250,,As soon as possible,medium,medium,routine,False,False,False,False,False,False,False,False,False,False,False,False,False,False,False,False,True,False,False,False,3,2140,11.888888822839506,0,0,0
job_001356,General Contractor,General Contractor,24833,2026-02,General Contractor,752,9428,5090,,As soon as possible,medium,medium,routine,False,False,False,False,False,False,True,False,False,False,False,False,False,False,False,False,False,False,False,False,2,8676,11.537234027211126,0,0,1
job_001357,Landscaping,Landscaping,19956,2026-04,Landscaping,218,1596,907,,As soon as possible,medium,medium,routine,False,False,False,False,False,False,False,False,False,True,False,False,False,False,False,False,False,False,False,False,4,1378,6.321100888435317,1,0,0
job_001358,HVAC,Thermostat,22643,2026-02,AC unit repair and maintenance,187,2754,1470,,As soon as possible,medium,medium,routine,False,False,False,False,False,False,False,True,False,False,False,False,False,False,False,False,False,False,False,False,2,2567,13.727272653864853,1,0,0
job_001359,Plumbing,Fixture Installation,44732,2026-01,Clear clogged drain,115,1707,911,,I'm flexible,medium,medium,routine,False,False,False,False,False,False,False,False,False,False,False,False,False,True,False,False,False,True,False,False,1,1592,13.843478140491495,1,0,0
job_001360,Landscaping,Landscaping,80302,2026-03,Landscaping,196,1464,830,,I'm flexible,medium,medium,routine,False,False,False,False,False,False,False,False,False,True,False,False,False,False,False,False,False,True,False,False,3,1268,6.469387722094961,1,0,0
job_001361,Flooring,Flooring,23581,2026-02,Flooring,211,1915,1063,,Within 1 month,medium,medium,routine,False,False,False,False,False,True,False,False,False,False,False,False,False,False,False,False,False,False,True,False,2,1704,8.075829345612183,0,0,0
job_001362,HVAC,Ductwork,66302,2026-04,Clean ductwork,233,3431,1832,,I'm flexible,medium,medium,routine,False,False,False,False,False,False,False,True,False,False,False,False,False,False,False,False,False,True,False,False,4,3198,13.725321829505056,1,0,0
job_001363,General Contractor,General Contractor,41092,2026-02,General Contractor,1060,11310,6185,,Within 1-2 weeks,medium,medium,routine,False,False,False,False,False,False,True,False,False,False,False,False,False,False,False,False,False,False,False,True,2,10250,9.669811311632252,0,0,1
job_001364,Pest Control,Bed Bugs,88825,2026-03,Termite inspection and treatment,276,1991,1133,,I'm flexible,medium,medium,routine,False,False,False,False,False,False,False,False,False,False,False,False,True,False,False,False,False,True,False,False,3,1715,6.213768093428376,0,0,0
job_001365,Pool,Pool,95496,2026-04,Pool,189,1572,880,,Within 1-2 weeks,medium,medium,routine,False,False,False,False,False,False,False,False,False,False,False,False,False,False,True,False,False,False,False,True,4,1383,7.317460278743597,0,0,0
job_001366,Handyman,Handyman,20937,2026-01,Handyman,87,605,346,,I'm flexible,medium,medium,routine,False,False,False,False,False,False,False,False,True,False,False,False,False,False,False,False,False,True,False,False,1,518,5.954022920068702,1,0,0
job_001367,Pest Control,General,41940,2026-04,General pest control service,289,2268,1278,,As soon as possible,medium,medium,routine,False,False,False,False,False,False,False,False,False,False,False,False,True,False,False,False,False,False,False,False,4,1979,6.847750841357263,0,0,0
job_001368,Electrical,Panel Upgrade,95695,2026-04,Install ceiling fan,138,2205,1171,,Within 1 month,medium,medium,routine,False,False,False,True,False,False,False,False,False,False,False,False,False,False,False,False,False,False,True,False,4,2067,14.978260761027096,1,0,0
job_001369,Moving,Moving,88325,2026-03,Moving,229,1612,920,,Within 1-2 weeks,medium,medium,routine,False,False,False,False,False,False,False,False,False,False,True,False,False,False,False,False,False,False,False,True,3,1383,6.039301283671174,0,0,0
job_001370,Cleaning,General Cleaning,84018,2026-02,Window washing service,105,785,445,,I'm flexible,medium,medium,routine,False,False,True,False,False,False,False,False,False,False,False,False,False,False,False,False,False,True,False,False,2,680,6.476190414512472,1,0,0
job_001371,Pool,Pool,74105,2026-01,Pool,230,2310,1270,,I'm flexible,medium,medium,routine,False,False,False,False,False,False,False,False,False,False,False,False,False,False,True,False,False,True,False,False,1,2080,9.043478221550094,0,0,0
job_001372,Appliance Repair,Appliance Repair,70500,2026-04,Appliance Repair,222,2218,1220,,Within 1 month,medium,medium,routine,False,False,False,False,False,False,False,False,False,False,False,False,False,False,False,False,False,False,True,False,4,1996,8.990990950491032,0,0,0
job_001373,HVAC,Ductwork,24822,2026-02,Clean ductwork,179,2946,1562,,I'm flexible,medium,medium,routine,False,False,False,False,False,False,False,True,False,False,False,False,False,False,False,False,False,True,False,False,2,2767,15.458100472301116,1,0,0
job_001374,Painting,Exterior,80480,2026-02,Trim painting,285,2663,1474,,I'm flexible,medium,medium,routine,False,False,False,False,False,False,False,False,False,False,False,True,False,False,False,False,False,True,False,False,2,2378,8.343859619846107,0,0,0
job_001375,Chimney,Chimney,46577,2026-02,Chimney,165,2239,1202,,As soon as possible,medium,medium,routine,False,True,False,False,False,False,False,False,False,False,False,False,False,False,False,False,False,False,False,False,2,2074,12.569696893516989,0,0,0
job_001376,General Contractor,General Contractor,86865,2026-03,General Contractor,1098,9719,5408,,As soon as possible,medium,medium,routine,False,False,False,False,False,False,True,False,False,False,False,False,False,False,False,False,False,False,False,False,3,8621,7.851548262430283,0,0,1
job_001377,Roofing,Roofing,11511,2026-04,Roofing,229,2294,1261,,Within 1 month,medium,medium,routine,False,False,False,False,False,False,False,False,False,False,False,False,False,False,False,False,True,False,True,False,4,2065,9.017467209530711,0,0,0
job_001378,Pool,Pool,12606,2026-03,Pool,188,1680,934,,As soon as possible,medium,medium,routine,False,False,False,False,False,False,False,False,False,False,False,False,False,False,True,False,False,False,False,False,3,1492,7.936170170552287,0,0,0
job_001379,Pool,Pool,93962,2026-02,Pool,236,2152,1194,,Within 1-2 weeks,medium,medium,routine,False,False,False,False,False,False,False,False,False,False,False,False,False,False,True,False,False,False,False,True,2,1916,8.118644033395576,0,0,0
job_001380,Remodeling,Remodeling,84150,2026-04,Remodeling,186,1560,873,,Within 1 month,medium,medium,routine,False,False,False,False,False,False,False,False,False,False,False,False,False,False,False,True,False,False,True,False,4,1374,7.387096734477975,0,0,0
job_001381,Pool,Pool,65514,2026-01,Pool,215,1730,972,,Within 1 month,medium,medium,routine,False,False,False,False,False,False,False,False,False,False,False,False,False,False,True,False,False,False,True,False,1,1515,7.046511595132504,0,0,0
job_001382,General Contractor,General Contractor,72675,2026-02,General Contractor,760,12171,6465,,As soon as possible,medium,medium,routine,False,False,False,False,False,False,True,False,False,False,False,False,False,False,False,False,False,False,False,False,2,11411,15.01447366445464,0,0,1
job_001383,Appliance Repair,Appliance Repair,78891,2026-01,Appliance Repair,198,1538,868,,As soon as possible,medium,medium,routine,False,False,False,False,False,False,False,False,False,False,False,False,False,False,False,False,False,False,False,False,1,1340,6.767676733496582,0,0,0
job_001384,Roofing,Roofing,30062,2026-02,Roofing,226,1608,917,,Within 1-2 weeks,medium,medium,routine,False,False,False,False,False,False,False,False,False,False,False,False,False,False,False,False,True,False,False,True,2,1382,6.115044220729893,0,0,0
job_001385,Flooring,Flooring,38955,2026-01,Flooring,164,1706,935,,Within 1-2 weeks,medium,medium,routine,False,False,False,False,False,True,False,False,False,False,False,False,False,False,False,False,False,False,False,True,1,1542,9.402438967058298,0,0,0
job_001386,Painting,Exterior,35839,2026-02,Paint interior bedroom walls,353,2953,1653,,Within 1 month,medium,medium,routine,False,False,False,False,False,False,False,False,False,False,False,True,False,False,False,False,False,False,True,False,2,2600,7.365439072619153,0,0,0
job_001387,Landscaping,Landscaping,10395,2026-03,Landscaping,150,1632,891,,Within 1 month,medium,medium,routine,False,False,False,False,False,False,False,False,False,True,False,False,False,False,False,False,False,False,True,False,3,1482,9.879999934133334,1,0,0
job_001388,General Contractor,General Contractor,91140,2026-01,General Contractor,1035,9258,5146,,I'm flexible,medium,medium,routine,False,False,False,False,False,False,True,False,False,False,False,False,False,False,False,False,False,True,False,False,1,8223,7.944927528555625,0,0,1
job_001389,Painting,Exterior,31925,2026-01,Cabinet refinishing,266,2303,1284,,I'm flexible,medium,medium,routine,False,False,False,False,False,False,False,False,False,False,False,True,False,False,False,False,False,True,False,False,1,2037,7.6578947080530275,0,0,0
job_001390,Handyman,Handyman,98724,2026-04,Handyman,88,614,351,,Within 1-2 weeks,medium,medium,routine,False,False,False,False,False,False,False,False,True,False,False,False,False,False,False,False,False,False,False,True,4,526,5.9772726593491745,1,0,0
job_001391,Cleaning,Carpet Cleaning,67323,2026-01,"Exterior window wash, 2-story, 20 windows",104,806,455,,I'm flexible,medium,medium,routine,False,False,True,False,False,False,False,False,False,False,False,False,False,False,False,False,False,True,False,False,1,702,6.749999935096155,1,0,0
job_001392,Landscaping,Landscaping,62067,2026-01,Landscaping,189,1254,721,,Within 1-2 weeks,medium,medium,routine,False,False,False,False,False,False,False,False,False,True,False,False,False,False,False,False,False,False,False,True,1,1065,5.63492060510624,1,0,0
job_001393,Cleaning,Window Washing,43985,2026-04,"Exterior window wash, 2-story, 20 windows",124,764,444,,Within 1-2 weeks,medium,medium,routine,False,False,True,False,False,False,False,False,False,False,False,False,False,False,False,False,False,False,False,True,4,640,5.161290280957337,1,0,0
job_001394,Exterior,Exterior,23008,2026-02,Exterior,381,3062,1721,,Within 1-2 weeks,medium,medium,routine,False,False,False,False,True,False,False,False,False,False,False,False,False,False,False,False,False,False,False,True,2,2681,7.036745388354999,1,0,0
job_001395,Plumbing,Fixture Installation,76152,2026-02,Clear clogged drain,92,1241,666,,Within 1 month,medium,medium,routine,False,False,False,False,False,False,False,False,False,False,False,False,False,True,False,False,False,False,True,False,2,1149,12.489130299031192,1,0,0
job_001396,Appliance Repair,Appliance Repair,13652,2026-02,Appliance Repair,153,2299,1226,,Within 1-2 weeks,medium,medium,routine,False,False,False,False,False,False,False,False,False,False,False,False,False,False,False,False,False,False,False,True,2,2146,14.026143699175531,0,0,0
job_001397,Flooring,Flooring,26507,2026-02,Flooring,154,1964,1059,,Within 1 month,medium,medium,routine,False,False,False,False,False,True,False,False,False,False,False,False,False,False,False,False,False,False,True,False,2,1810,11.75324667692697,0,0,0
job_001398,Handyman,Handyman,66019,2026-03,Handyman,82,535,308,,Within 1-2 weeks,medium,medium,routine,False,False,False,False,False,False,False,False,True,False,False,False,False,False,False,False,False,False,False,True,3,453,5.524390176531827,1,0,0
job_001399,Roofing,Roofing,91517,2026-01,Roofing,159,1675,917,,Within 1-2 weeks,medium,medium,routine,False,False,False,False,False,False,False,False,False,False,False,False,False,False,False,False,True,False,False,True,1,1516,9.534591135002572,0,0,0
job_001400,Plumbing,Fixture Installation,92618,2026-03,Replace kitchen sink shutoff valve (you supply valve),119,1673,896,,Within 1-2 weeks,medium,medium,routine,False,False,False,False,False,False,False,False,False,False,False,False,False,True,False,False,False,False,False,True,3,1554,13.058823419673754,1,0,0
job_001401,Remodeling,Remodeling,92110,2026-04,Remodeling,223,2467,1345,,Within 1-2 weeks,medium,medium,routine,False,False,False,False,False,False,False,False,False,False,False,False,False,False,False,True,False,False,False,True,4,2244,10.062780223933721,0,0,0
job_001402,Electrical,Panel Upgrade,45412,2026-02,Replace light switches,172,2160,1166,,As soon as possible,medium,medium,routine,False,False,False,True,False,False,False,False,False,False,False,False,False,False,False,False,False,False,False,False,2,1988,11.558139467685235,1,0,0
job_001403,Moving,Moving,26222,2026-02,Moving,206,2412,1309,,Within 1-2 weeks,medium,medium,routine,False,False,False,False,False,False,False,False,False,False,True,False,False,False,False,False,False,False,False,True,2,2206,10.708737812093506,0,0,0
job_001404,Flooring,Flooring,98968,2026-04,Flooring,217,2017,1117,,Within 1-2 weeks,medium,medium,routine,False,False,False,False,False,True,False,False,False,False,False,False,False,False,False,False,False,False,False,True,4,1800,8.294930837350549,0,0,0
job_001405,Handyman,Handyman,59476,2026-02,Handyman,65,504,284,,Within 1 month,medium,medium,routine,False,False,False,False,False,False,False,False,True,False,False,False,False,False,False,False,False,False,True,False,2,439,6.75384604994083,1,0,0
job_001406,Flooring,Flooring,33227,2026-03,Flooring,187,2367,1277,,As soon as possible,medium,medium,routine,False,False,False,False,False,True,False,False,False,False,False,False,False,False,False,False,False,False,False,False,3,2180,11.657753948354257,0,0,0
job_001407,Pool,Pool,10232,2026-03,Pool,241,1793,1017,,Within 1-2 weeks,medium,medium,routine,False,False,False,False,False,False,False,False,False,False,False,False,False,False,True,False,False,False,False,True,3,1552,6.439833998174962,0,0,0
job_001408,Plumbing,Water Heater Replacement,95153,2026-04,Install new water heater,105,1834,969,,I'm flexible,medium,medium,routine,False,False,False,False,False,False,False,False,False,False,False,False,False,True,False,False,False,True,False,False,4,1729,16.46666650984127,1,0,0
job_001409,General Contractor,General Contractor,17976,2026-04,General Contractor,1047,8897,4972,,Within 1-2 weeks,medium,medium,routine,False,False,False,False,False,False,True,False,False,False,False,False,False,False,False,False,False,False,False,True,4,7850,7.4976122182448774,0,0,1
job_001410,Painting,Interior,67902,2026-02,Paint interior bedroom walls,367,2082,1224,,As soon as possible,medium,medium,routine,False,False,False,False,False,False,False,False,False,False,False,True,False,False,False,False,False,False,False,False,2,1715,4.673024510427727,0,0,0
job_001411,Pool,Pool,28589,2026-01,Pool,189,1977,1083,,As soon as possible,medium,medium,routine,False,False,False,False,False,False,False,False,False,False,False,False,False,False,True,False,False,False,False,False,1,1788,9.46031741026287,0,0,0
job_001412,Auto,Auto,42684,2026-01,Auto,214,2486,1350,,Within 1 month,medium,medium,routine,True,False,False,False,False,False,False,False,False,False,False,False,False,False,False,False,False,False,True,False,1,2272,10.616822380295222,0,0,0
job_001413,Landscaping,Landscaping,19110,2026-01,Landscaping,201,1170,685,,I'm flexible,medium,medium,routine,False,False,False,False,False,False,False,False,False,True,False,False,False,False,False,False,False,True,False,False,1,969,4.820895498403505,1,0,0
job_001414,Auto,Auto,29350,2026-02,Auto,250,1733,991,,I'm flexible,medium,medium,routine,True,False,False,False,False,False,False,False,False,False,False,False,False,False,False,False,False,True,False,False,2,1483,5.931999976272,0,0,0
job_001415,Exterior,Exterior,77016,2026-02,Exterior,605,3681,2143,,I'm flexible,medium,medium,routine,False,False,False,False,True,False,False,False,False,False,False,False,False,False,False,False,False,True,False,False,2,3076,5.0842975122573595,1,0,0
job_001416,Cleaning,General Cleaning,80302,2026-03,Carpet cleaning entire house,110,1169,639,,I'm flexible,medium,medium,routine,False,False,True,False,False,False,False,False,False,False,False,False,False,False,False,False,False,True,False,False,3,1059,9.627272639752068,1,0,0
job_001417,Auto,Auto,24767,2026-03,Auto,239,2329,1284,,Within 1 month,medium,medium,routine,True,False,False,False,False,False,False,False,False,False,False,False,False,False,False,False,False,False,True,False,3,2090,8.744769837887992,0,0,0
job_001418,Plumbing,Water Heater Replacement,20202,2026-03,Install new water heater,111,1825,968,,I'm flexible,medium,medium,routine,False,False,False,False,False,False,False,False,False,False,False,False,False,True,False,False,False,True,False,False,3,1714,15.441441302329357,1,0,0
job_001419,Flooring,Flooring,91278,2026-01,Flooring,223,1768,995,,Within 1-2 weeks,medium,medium,routine,False,False,False,False,False,True,False,False,False,False,False,False,False,False,False,False,False,False,False,True,1,1545,6.9282510900078424,0,0,0
job_001420,Handyman,Handyman,61451,2026-01,Handyman,89,428,258,,As soon as possible,medium,medium,routine,False,False,False,False,False,False,False,False,True,False,False,False,False,False,False,False,False,False,False,False,1,339,3.8089887212473177,1,0,0
job_001421,Chimney,Chimney,91278,2026-03,Chimney,237,2026,1131,,Within 1 month,medium,medium,routine,False,True,False,False,False,False,False,False,False,False,False,False,False,False,False,False,False,False,True,False,3,1789,7.548523174900746,0,0,0
job_001422,Flooring,Flooring,73824,2026-01,Flooring,194,1804,999,,Within 1 month,medium,medium,routine,False,False,False,False,False,True,False,False,False,False,False,False,False,False,False,False,False,False,True,False,1,1610,8.298969029386758,0,0,0
job_001423,Flooring,Flooring,34193,2026-04,Flooring,169,2201,1185,,Within 1 month,medium,medium,routine,False,False,False,False,False,True,False,False,False,False,False,False,False,False,False,False,False,False,True,False,4,2032,12.023668567907286,0,0,0
job_001424,Chimney,Chimney,31475,2026-04,Chimney,234,2099,1166,,Within 1 month,medium,medium,routine,False,True,False,False,False,False,False,False,False,False,False,False,False,False,False,False,False,False,True,False,4,1865,7.970085436025276,0,0,0
job_001425,Electrical,Wiring,33928,2026-03,Repair faulty electrical panel,118,2075,1096,,Within 1 month,medium,medium,routine,False,False,False,True,False,False,False,False,False,False,False,False,False,False,False,False,False,False,True,False,3,1957,16.584745622163172,1,0,0
job_001426,Handyman,Handyman,87197,2026-02,Handyman,65,431,248,,Within 1 month,medium,medium,routine,False,False,False,False,False,False,False,False,True,False,False,False,False,False,False,False,False,False,True,False,2,366,5.630769144142014,1,0,0
job_001427,Auto,Auto,64800,2026-02,Auto,211,2198,1204,,Within 1-2 weeks,medium,medium,routine,True,False,False,False,False,False,False,False,False,False,False,False,False,False,False,False,False,False,False,True,2,1987,9.417061566743785,0,0,0
job_001428,Flooring,Flooring,24321,2026-04,Flooring,225,2025,1125,,I'm flexible,medium,medium,routine,False,False,False,False,False,True,False,False,False,False,False,False,False,False,False,False,False,True,False,False,4,1800,7.999999964444445,0,0,0
job_001429,Remodeling,Remodeling,82274,2026-03,Remodeling,161,1696,928,,As soon as possible,medium,medium,routine,False,False,False,False,False,False,False,False,False,False,False,False,False,False,False,True,False,False,False,False,3,1535,9.534161431464836,0,0,0
job_001430,Remodeling,Remodeling,34565,2026-01,Remodeling,200,2261,1230,,Within 1-2 weeks,medium,medium,routine,False,False,False,False,False,False,False,False,False,False,False,False,False,False,False,True,False,False,False,True,1,2061,10.304999948475,0,0,0
job_001431,Pool,Pool,37062,2026-01,Pool,187,2298,1242,,As soon as possible,medium,medium,routine,False,False,False,False,False,False,False,False,False,False,False,False,False,False,True,False,False,False,False,False,1,2111,11.288769993108183,0,0,0
