job_id,service_category,service_subtype,zip_code,booking_month,job_description,estimate_lo,estimate_hi,original_estimate,final_price,deadline
job_000000,Plumbing,Fixture Installation,34365,2026-01,Install new water heater,94,1165,629,717,I'm flexible
job_000001,Flooring,Flooring,50056,2026-03,Flooring,227,1559,893,765,Within 1-2 weeks
job_000002,Appliance Repair,Appliance Repair,62585,2026-02,Appliance Repair,236,1944,1090,,I'm flexible
job_000003,Auto,Auto,79914,2026-02,Auto,194,2485,1339,,I'm flexible
job_000004,Flooring,Flooring,37309,2026-02,Flooring,179,2454,1316,,Within 1 month
job_000005,Appliance Repair,Appliance Repair,14708,2026-04,Appliance Repair,245,1520,882,970,I'm flexible
job_000006,Landscaping,Landscaping,30092,2026-04,Landscaping,208,1804,1006,989,I'm flexible
job_000007,Pool,Pool,10114,2026-04,Pool,166,2370,1268,1393,Within 1 month
job_000008,Auto,Auto,76343,2026-01,Auto,239,1793,1016,,Within 1 month
job_000009,Electrical,Lighting,96098,2026-04,Install new outlets in kitchen,133,2111,1122,943,As soon as possible
job_000010,Auto,Auto,38240,2026-01,Auto,176,2113,1144,,Within 1 month
job_000011,Pest Control,Termites,61378,2026-02,"Bed bug heat treatment, 2BR apartment",294,2239,1266,1086,As soon as possible
job_000012,Exterior,Exterior,18498,2026-01,Exterior,556,3377,1966,2023,Within 1 month
job_000013,Auto,Auto,84192,2026-02,Auto,167,2091,1129,,As soon as possible
job_000014,Plumbing,Leak Repair,40998,2026-04,Fix leaking bathroom faucet,114,1401,757,900,Within 1-2 weeks
job_000015,Auto,Auto,62585,2026-03,Auto,179,2282,1230,1211,As soon as possible
job_000016,Remodeling,Remodeling,69609,2026-02,Remodeling,219,1907,1063,987,Within 1 month
job_000017,Painting,Cabinet,90096,2026-03,Exterior house painting,344,2067,1205,,Within 1 month
job_000018,Flooring,Flooring,87197,2026-04,Flooring,229,1589,909,,I'm flexible
job_000019,Flooring,Flooring,74678,2026-01,Flooring,244,2093,1168,1357,Within 1-2 weeks
job_000020,HVAC,AC Repair,79331,2026-03,AC unit repair and maintenance,152,2598,1375,1531,Within 1 month
job_000021,Pool,Pool,21519,2026-03,Pool,238,2302,1270,,Within 1 month
job_000022,Electrical,Outlet Installation,31253,2026-04,Repair faulty electrical panel,119,2460,1289,1141,Within 1-2 weeks
job_000023,Moving,Moving,94355,2026-02,Moving,165,1801,983,971,Within 1 month
job_000024,Remodeling,Remodeling,77985,2026-03,Remodeling,205,1629,917,772,Within 1 month
job_000025,General Contractor,General Contractor,94392,2026-01,General Contractor,900,9922,5411,5778,Within 1-2 weeks
job_000026,Pool,Pool,83766,2026-02,Pool,201,1691,946,,Within 1 month
job_000027,Chimney,Chimney,42419,2026-02,Chimney,151,2414,1282,1450,Within 1 month
job_000028,Electrical,Lighting,25650,2026-02,Install new outlets in kitchen,136,1995,1065,,As soon as possible
job_000029,Auto,Auto,69428,2026-04,Auto,246,1863,1054,857,I'm flexible
job_000030,Electrical,Wiring,65514,2026-04,Repair faulty electrical panel,181,2167,1174,,I'm flexible
job_000031,Electrical,Panel Upgrade,89713,2026-04,Install ceiling fan,165,1968,1066,,As soon as possible
job_000032,Appliance Repair,Appliance Repair,45296,2026-03,Appliance Repair,227,2067,1147,1183,Within 1-2 weeks
job_000033,Chimney,Chimney,68264,2026-02,Chimney,167,1530,848,727,Within 1-2 weeks
job_000034,Pool,Pool,97342,2026-02,Pool,187,2416,1301,,Within 1 month
job_000035,Appliance Repair,Appliance Repair,80674,2026-04,Appliance Repair,182,1563,872,,As soon as possible
job_000036,HVAC,Furnace Maintenance,44146,2026-03,Install new thermostat,173,2704,1438,1381,I'm flexible
job_000037,Electrical,Wiring,23172,2026-03,Repair faulty electrical panel,184,1669,926,761,Within 1 month
job_000038,Electrical,Panel Upgrade,49983,2026-04,Repair faulty electrical panel,117,1598,857,813,As soon as possible
job_000039,Flooring,Flooring,18781,2026-03,Flooring,184,1637,910,762,Within 1 month
job_000040,Exterior,Exterior,46991,2026-02,Exterior,440,3136,1788,,I'm flexible
job_000041,Auto,Auto,97219,2026-01,Auto,171,1529,850,842,Within 1-2 weeks
job_000042,General Contractor,General Contractor,22677,2026-01,General Contractor,750,10249,5499,,I'm flexible
job_000043,Painting,Interior,72986,2026-02,Trim painting,349,2520,1434,,Within 1 month
job_000044,Remodeling,Remodeling,66913,2026-03,Remodeling,220,1564,892,934,I'm flexible
job_000045,Handyman,Handyman,82986,2026-02,Handyman,76,606,341,,As soon as possible
job_000046,Flooring,Flooring,77754,2026-01,Flooring,200,1775,987,,I'm flexible
job_000047,Moving,Moving,63390,2026-04,Moving,204,1899,1051,978,I'm flexible
job_000048,Pest Control,General,94392,2026-04,Termite inspection and treatment,298,1534,916,946,Within 1-2 weeks
job_000049,Roofing,Roofing,20771,2026-03,Roofing,238,1589,913,776,As soon as possible
job_000050,Flooring,Flooring,75507,2026-03,Flooring,151,2457,1304,1291,Within 1 month
job_000051,Chimney,Chimney,23070,2026-03,Chimney,243,1729,986,851,I'm flexible
job_000052,Auto,Auto,23916,2026-01,Auto,186,1659,922,814,As soon as possible
job_000053,Landscaping,Landscaping,98087,2026-04,Landscaping,233,1235,734,,Within 1 month
job_000054,Handyman,Handyman,34193,2026-03,Handyman,69,443,256,205,I'm flexible
job_000055,HVAC,Furnace Maintenance,66302,2026-03,AC unit repair and maintenance,158,2413,1285,1095,I'm flexible
job_000056,Remodeling,Remodeling,95369,2026-01,Remodeling,172,1902,1037,1096,Within 1-2 weeks
job_000057,Roofing,Roofing,96600,2026-04,Roofing,208,1687,947,,Within 1 month
job_000058,Landscaping,Landscaping,47653,2026-01,Landscaping,174,1390,782,690,As soon as possible
job_000059,Electrical,Wiring,91508,2026-02,Install new outlets in kitchen,152,1787,969,822,Within 1-2 weeks
job_000060,Moving,Moving,13652,2026-04,Moving,233,2496,1364,,Within 1 month
job_000061,Auto,Auto,54720,2026-03,Auto,228,2289,1258,,As soon as possible
job_000062,Exterior,Exterior,83695,2026-03,Exterior,499,3512,2005,2081,Within 1 month
job_000063,General Contractor,General Contractor,18526,2026-01,General Contractor,1009,12172,6590,7180,Within 1-2 weeks
job_000064,Pest Control,Termites,59295,2026-01,Termite inspection and treatment,348,1793,1070,,I'm flexible
job_000065,Moving,Moving,68170,2026-02,Moving,227,1760,993,1037,Within 1-2 weeks
job_000066,Electrical,Panel Upgrade,33227,2026-03,Install ceiling fan,170,2401,1285,,As soon as possible
job_000067,Painting,Cabinet,35123,2026-03,Exterior house painting,274,1876,1075,,Within 1-2 weeks
job_000068,HVAC,Thermostat,10232,2026-03,AC unit repair and maintenance,187,3603,1895,1783,As soon as possible
job_000069,Plumbing,Leak Repair,93671,2026-01,Replace kitchen sink shutoff valve (you supply valve),105,1260,682,668,Within 1-2 weeks
job_000070,Painting,Exterior,30153,2026-01,Paint interior bedroom walls,364,1958,1161,1182,Within 1-2 weeks
job_000071,Painting,Interior,46973,2026-02,Paint interior bedroom walls,372,2499,1435,1560,Within 1 month
job_000072,Landscaping,Landscaping,17490,2026-01,Landscaping,168,1274,721,688,Within 1 month
job_000073,Painting,Cabinet,93404,2026-02,Exterior house painting,267,2747,1507,1631,I'm flexible
job_000074,Exterior,Exterior,81908,2026-04,Exterior,556,2936,1746,2057,I'm flexible
job_000075,General Contractor,General Contractor,61524,2026-01,General Contractor,1027,8301,4664,5454,As soon as possible
job_000076,HVAC,Thermostat,61929,2026-03,Install new thermostat,230,2367,1298,1356,Within 1 month
job_000077,Chimney,Chimney,61378,2026-04,Chimney,246,1646,946,836,Within 1 month
job_000078,Landscaping,Landscaping,37309,2026-04,Landscaping,209,1420,814,938,Within 1 month
job_000079,Pest Control,General,75994,2026-02,Rodent control and sealing,327,1880,1103,1232,Within 1-2 weeks
job_000080,Exterior,Exterior,30468,2026-01,Exterior,559,3413,1986,,As soon as possible
job_000081,Appliance Repair,Appliance Repair,24059,2026-02,Appliance Repair,246,2262,1254,,Within 1 month
job_000082,Exterior,Exterior,98834,2026-03,Exterior,427,3526,1976,2039,Within 1-2 weeks
job_000083,Cleaning,Carpet Cleaning,95663,2026-01,"Exterior window wash, 2-story, 20 windows",95,1246,670,725,I'm flexible
job_000084,Moving,Moving,76152,2026-01,Moving,180,1791,985,806,Within 1-2 weeks
job_000085,Flooring,Flooring,83766,2026-02,Flooring,158,2370,1264,1116,As soon as possible
job_000086,Cleaning,General Cleaning,21110,2026-01,Window washing service,93,1029,561,496,As soon as possible
job_000087,Electrical,Panel Upgrade,93761,2026-04,Repair faulty electrical panel,165,1520,842,867,Within 1 month
job_000088,Exterior,Exterior,90866,2026-04,Exterior,443,3726,2084,,Within 1-2 weeks
job_000089,Pest Control,Rodents,57916,2026-04,Termite inspection and treatment,244,1866,1055,1080,As soon as possible
job_000090,Landscaping,Landscaping,51814,2026-03,Landscaping,247,1611,929,965,As soon as possible
job_000091,Exterior,Exterior,59888,2026-01,Exterior,438,3713,2075,,Within 1-2 weeks
job_000092,Landscaping,Landscaping,19289,2026-03,Landscaping,162,1652,907,828,As soon as possible
job_000093,Remodeling,Remodeling,74835,2026-02,Remodeling,206,2423,1314,,I'm flexible
job_000094,Handyman,Handyman,46991,2026-03,Handyman,91,410,250,254,Within 1 month
job_000095,Moving,Moving,28033,2026-02,Moving,226,1944,1085,884,Within 1 month
job_000096,Landscaping,Landscaping,36654,2026-02,Landscaping,249,1645,947,1037,I'm flexible
job_000097,Handyman,Handyman,36460,2026-01,Handyman,69,616,342,,Within 1 month
job_000098,Electrical,Wiring,25769,2026-03,Repair faulty electrical panel,146,1807,976,,Within 1-2 weeks
job_000099,Auto,Auto,93404,2026-01,Auto,193,1816,1004,,Within 1 month
job_000100,Exterior,Exterior,91140,2026-03,Exterior,461,3137,1799,1746,As soon as possible
job_000101,Pest Control,Bed Bugs,55927,2026-04,"Bed bug heat treatment, 2BR apartment",260,1709,984,1129,Within 1 month
job_000102,Exterior,Exterior,92300,2026-01,Exterior,605,3704,2154,,Within 1-2 weeks
job_000103,Auto,Auto,45609,2026-01,Auto,207,1751,979,1089,As soon as possible
job_000104,Flooring,Flooring,97587,2026-04,Flooring,156,1911,1033,848,I'm flexible
job_000105,Landscaping,Landscaping,86080,2026-01,Landscaping,150,1760,955,930,Within 1-2 weeks
job_000106,Roofing,Roofing,82288,2026-04,Roofing,176,1885,1030,1157,Within 1 month
job_000107,Plumbing,Drain Cleaning,99642,2026-02,Replace kitchen sink shutoff valve (you supply valve),80,1282,681,598,Within 1 month
job_000108,Exterior,Exterior,85447,2026-04,Exterior,520,2332,1426,1178,As soon as possible
job_000109,General Contractor,General Contractor,35713,2026-04,General Contractor,930,8184,4557,5227,As soon as possible
job_000110,Moving,Moving,76868,2026-01,Moving,249,1956,1102,1131,Within 1-2 weeks
job_000111,Cleaning,General Cleaning,62991,2026-03,Window washing service,79,789,434,481,As soon as possible
job_000112,Landscaping,Landscaping,56273,2026-02,Landscaping,243,1393,818,918,I'm flexible
job_000113,Landscaping,Landscaping,80782,2026-04,Landscaping,159,1667,913,,As soon as possible
job_000114,Landscaping,Landscaping,60484,2026-01,Landscaping,238,1496,867,927,As soon as possible
job_000115,Handyman,Handyman,90504,2026-03,Handyman,75,511,293,277,I'm flexible
job_000116,Flooring,Flooring,35414,2026-01,Flooring,215,1919,1067,1156,As soon as possible
job_000117,Remodeling,Remodeling,81279,2026-03,Remodeling,180,2167,1173,1187,As soon as possible
job_000118,Auto,Auto,68170,2026-03,Auto,200,2087,1143,960,Within 1-2 weeks
job_000119,Pest Control,Rodents,40495,2026-03,Rodent control and sealing,242,2123,1182,1247,I'm flexible
job_000120,Exterior,Exterior,52452,2026-04,Exterior,578,2458,1518,1816,Within 1-2 weeks
job_000121,Painting,Interior,62365,2026-04,Exterior house painting,288,2008,1148,1148,Within 1-2 weeks
job_000122,Flooring,Flooring,69377,2026-01,Flooring,244,2458,1351,1466,As soon as possible
job_000123,Handyman,Handyman,52487,2026-04,Handyman,84,444,264,264,Within 1 month
job_000124,Roofing,Roofing,49228,2026-01,Roofing,214,1679,946,856,Within 1-2 weeks
job_000125,Flooring,Flooring,72577,2026-01,Flooring,223,1551,887,740,Within 1-2 weeks
job_000126,Exterior,Exterior,19210,2026-04,Exterior,494,3331,1912,1610,I'm flexible
job_000127,Handyman,Handyman,88083,2026-02,Handyman,66,591,328,275,As soon as possible
job_000128,Appliance Repair,Appliance Repair,98968,2026-03,Appliance Repair,244,1967,1105,,As soon as possible
job_000129,Appliance Repair,Appliance Repair,32435,2026-02,Appliance Repair,171,1663,917,,As soon as possible
job_000130,Remodeling,Remodeling,72752,2026-03,Remodeling,218,1833,1025,927,I'm flexible
job_000131,Electrical,Outlet Installation,17158,2026-03,Install ceiling fan,174,2327,1250,1450,Within 1 month
job_000132,Plumbing,Leak Repair,34565,2026-02,Install new water heater,124,1353,738,742,As soon as possible
job_000133,Landscaping,Landscaping,19071,2026-01,Landscaping,208,1701,954,795,Within 1 month
job_000134,Painting,Exterior,10660,2026-04,Exterior house painting,287,2253,1270,1357,Within 1-2 weeks
job_000135,HVAC,Thermostat,64807,2026-02,Install new thermostat,216,2354,1285,1148,I'm flexible
job_000136,General Contractor,General Contractor,33784,2026-03,General Contractor,1153,7580,4366,,I'm flexible
job_000137,Painting,Interior,28410,2026-04,Exterior house painting,350,2463,1406,1258,As soon as possible
job_000138,Appliance Repair,Appliance Repair,68050,2026-01,Appliance Repair,171,1880,1025,1196,As soon as possible
job_000139,Handyman,Handyman,20454,2026-02,Handyman,90,553,321,,As soon as possible
job_000140,Painting,Interior,23654,2026-04,Trim painting,297,3124,1710,,I'm flexible
job_000141,Handyman,Handyman,25769,2026-04,Handyman,61,536,298,258,Within 1-2 weeks
job_000142,General Contractor,General Contractor,62749,2026-03,General Contractor,1125,8983,5054,,I'm flexible
job_000143,Landscaping,Landscaping,67211,2026-01,Landscaping,177,1519,848,734,As soon as possible
job_000144,Painting,Cabinet,14948,2026-04,Trim painting,274,2003,1138,1221,As soon as possible
job_000145,Roofing,Roofing,43458,2026-02,Roofing,235,2140,1187,1029,As soon as possible
job_000146,Pest Control,Termites,40370,2026-01,Rodent control and sealing,370,2118,1244,1350,As soon as possible
job_000147,Cleaning,Carpet Cleaning,84320,2026-02,Carpet cleaning entire house,117,925,521,,I'm flexible
job_000148,Pool,Pool,74809,2026-01,Pool,204,1926,1065,,I'm flexible
job_000149,Roofing,Roofing,76152,2026-04,Roofing,250,1759,1004,1153,Within 1-2 weeks
job_000150,HVAC,Ductwork,72577,2026-03,Clean ductwork,234,3560,1897,,As soon as possible
job_000151,Exterior,Exterior,81095,2026-02,Exterior,445,2992,1718,1756,As soon as possible
job_000152,Pool,Pool,78412,2026-01,Pool,221,2132,1176,1052,Within 1-2 weeks
job_000153,Appliance Repair,Appliance Repair,16941,2026-01,Appliance Repair,160,1849,1004,,As soon as possible
job_000154,Handyman,Handyman,53282,2026-04,Handyman,56,424,240,284,Within 1 month
job_000155,Moving,Moving,54484,2026-01,Moving,155,2369,1262,,Within 1-2 weeks
job_000156,Plumbing,Drain Cleaning,63372,2026-04,Replace kitchen sink shutoff valve (you supply valve),86,1866,976,,As soon as possible
job_000157,Handyman,Handyman,79507,2026-04,Handyman,68,572,320,269,Within 1 month
job_000158,Pool,Pool,58344,2026-04,Pool,191,2065,1128,,As soon as possible
job_000159,Roofing,Roofing,84150,2026-03,Roofing,216,1529,872,808,Within 1-2 weeks
job_000160,Appliance Repair,Appliance Repair,95468,2026-03,Appliance Repair,211,1752,981,,As soon as possible
job_000161,Remodeling,Remodeling,76849,2026-02,Remodeling,150,1922,1036,1016,Within 1 month
job_000162,Auto,Auto,95906,2026-03,Auto,245,2359,1302,1263,Within 1-2 weeks
job_000163,Flooring,Flooring,81915,2026-04,Flooring,242,2151,1196,1330,I'm flexible
job_000164,Pool,Pool,83688,2026-04,Pool,250,1987,1118,,As soon as possible
job_000165,Pest Control,General,90112,2026-03,Termite inspection and treatment,334,2482,1408,1647,As soon as possible
job_000166,Roofing,Roofing,47929,2026-01,Roofing,173,2376,1274,1324,I'm flexible
job_000167,Painting,Cabinet,13256,2026-02,Trim painting,280,2646,1463,1508,Within 1-2 weeks
job_000168,Landscaping,Landscaping,76373,2026-02,Landscaping,205,1860,1032,1099,I'm flexible
job_000169,HVAC,Thermostat,30129,2026-02,Install new thermostat,234,2770,1502,1247,Within 1 month
job_000170,Exterior,Exterior,66862,2026-03,Exterior,551,3363,1957,,Within 1 month
job_000171,General Contractor,General Contractor,95695,2026-04,General Contractor,922,8656,4789,5292,As soon as possible
job_000172,Plumbing,Leak Repair,23271,2026-03,Fix leaking bathroom faucet,81,1210,645,768,Within 1 month
job_000173,Appliance Repair,Appliance Repair,33227,2026-01,Appliance Repair,158,2062,1110,894,Within 1-2 weeks
job_000174,Appliance Repair,Appliance Repair,60154,2026-01,Appliance Repair,156,1686,921,1019,Within 1 month
job_000175,HVAC,Thermostat,22003,2026-01,Clean ductwork,172,2742,1457,1403,I'm flexible
job_000176,Exterior,Exterior,34193,2026-03,Exterior,490,2514,1502,,Within 1 month
job_000177,Flooring,Flooring,72707,2026-02,Flooring,175,2052,1113,,Within 1 month
job_000178,Handyman,Handyman,97783,2026-01,Handyman,73,610,341,362,I'm flexible
job_000179,Exterior,Exterior,10704,2026-04,Exterior,377,3416,1896,2062,As soon as possible
job_000180,Chimney,Chimney,88325,2026-01,Chimney,212,2411,1311,1103,As soon as possible
job_000181,Cleaning,General Cleaning,77999,2026-02,"Exterior window wash, 2-story, 20 windows",76,1046,561,664,I'm flexible
job_000182,Roofing,Roofing,12815,2026-01,Roofing,170,2458,1314,,Within 1-2 weeks
job_000183,Chimney,Chimney,93671,2026-04,Chimney,246,1584,915,,As soon as possible
job_000184,Exterior,Exterior,44146,2026-02,Exterior,379,2525,1452,,Within 1-2 weeks
job_000185,Remodeling,Remodeling,91091,2026-02,Remodeling,205,1937,1071,,Within 1 month
job_000186,Exterior,Exterior,45873,2026-01,Exterior,567,2461,1514,1443,As soon as possible
job_000187,Auto,Auto,86926,2026-01,Auto,203,1931,1067,,Within 1 month
job_000188,Remodeling,Remodeling,15492,2026-03,Remodeling,192,2420,1306,1328,As soon as possible
job_000189,Landscaping,Landscaping,28410,2026-03,Landscaping,179,1664,921,750,As soon as possible
job_000190,Painting,Cabinet,25760,2026-01,Trim painting,288,2267,1277,1424,Within 1 month
job_000191,Moving,Moving,88785,2026-04,Moving,168,2018,1093,1195,As soon as possible
job_000192,Plumbing,Fixture Installation,78632,2026-02,Fix leaking bathroom faucet,118,1231,674,569,As soon as possible
job_000193,Flooring,Flooring,47240,2026-02,Flooring,190,1866,1028,889,As soon as possible
job_000194,Moving,Moving,23654,2026-03,Moving,167,1658,912,926,Within 1-2 weeks
job_000195,Electrical,Panel Upgrade,70188,2026-03,Install ceiling fan,123,1634,878,731,As soon as possible
job_000196,General Contractor,General Contractor,54681,2026-02,General Contractor,1192,7707,4449,3663,As soon as possible
job_000197,HVAC,Thermostat,39798,2026-01,AC unit repair and maintenance,171,2372,1271,,I'm flexible
job_000198,Roofing,Roofing,74809,2026-01,Roofing,211,1573,892,,As soon as possible
job_000199,Electrical,Lighting,24020,2026-03,Install new outlets in kitchen,166,2191,1178,1093,Within 1 month
job_000200,Flooring,Flooring,84662,2026-01,Flooring,208,1624,916,,As soon as possible
job_000201,Moving,Moving,43985,2026-03,Moving,177,2331,1254,1187,Within 1-2 weeks
job_000202,Pest Control,Rodents,63536,2026-03,General pest control service,361,2336,1348,1432,Within 1-2 weeks
job_000203,HVAC,Thermostat,72455,2026-02,Clean ductwork,204,3330,1767,1840,Within 1-2 weeks
job_000204,Landscaping,Landscaping,33928,2026-01,Landscaping,158,1410,784,,Within 1-2 weeks
job_000205,Cleaning,Window Washing,85337,2026-02,Deep clean kitchen and bathrooms,79,824,451,503,I'm flexible
job_000206,Pest Control,Bed Bugs,54436,2026-02,General pest control service,370,1973,1171,,As soon as possible
job_000207,Remodeling,Remodeling,68170,2026-03,Remodeling,190,1606,898,940,Within 1-2 weeks
job_000208,Auto,Auto,47121,2026-02,Auto,163,2440,1301,1540,I'm flexible
job_000209,Pest Control,General,34138,2026-02,Termite inspection and treatment,347,1833,1090,1151,Within 1-2 weeks
job_000210,Chimney,Chimney,29350,2026-03,Chimney,198,1788,993,796,Within 1-2 weeks
job_000211,Landscaping,Landscaping,16394,2026-03,Landscaping,205,1240,722,603,As soon as possible
job_000212,Plumbing,Drain Cleaning,28589,2026-02,Install new water heater,83,1427,755,871,Within 1 month
job_000213,HVAC,AC Repair,83766,2026-04,Clean ductwork,179,2904,1541,1443,Within 1 month
job_000214,Roofing,Roofing,70188,2026-02,Roofing,189,2384,1286,,As soon as possible
job_000215,Moving,Moving,68981,2026-01,Moving,183,2111,1147,1346,As soon as possible
job_000216,Moving,Moving,98251,2026-04,Moving,168,1678,923,784,Within 1-2 weeks
job_000217,Moving,Moving,16075,2026-02,Moving,185,1903,1044,914,Within 1 month
job_000218,Moving,Moving,24263,2026-01,Moving,198,2422,1310,1499,I'm flexible
job_000219,Electrical,Outlet Installation,61870,2026-03,Repair faulty electrical panel,144,1516,830,,Within 1 month
job_000220,Cleaning,Window Washing,81908,2026-04,"Exterior window wash, 2-story, 20 windows",119,828,473,,Within 1-2 weeks
job_000221,Handyman,Handyman,28720,2026-04,Handyman,71,404,237,198,Within 1-2 weeks
job_000222,Exterior,Exterior,30129,2026-01,Exterior,491,2400,1445,,I'm flexible
job_000223,Pool,Pool,42419,2026-01,Pool,171,1762,966,944,Within 1-2 weeks
job_000224,Pest Control,Bed Bugs,40998,2026-03,"Bed bug heat treatment, 2BR apartment",280,2316,1298,,Within 1 month
job_000225,Appliance Repair,Appliance Repair,37062,2026-04,Appliance Repair,219,2003,1111,,Within 1-2 weeks
job_000226,Pool,Pool,91091,2026-04,Pool,226,1666,946,,Within 1 month
job_000227,Painting,Cabinet,33784,2026-02,Exterior house painting,298,2291,1294,1498,Within 1-2 weeks
job_000228,Flooring,Flooring,72252,2026-01,Flooring,192,2178,1185,,Within 1-2 weeks
job_000229,Landscaping,Landscaping,22673,2026-03,Landscaping,192,1409,800,,As soon as possible
job_000230,Auto,Auto,98554,2026-01,Auto,167,1804,985,907,As soon as possible
job_000231,Electrical,Wiring,89048,2026-02,Repair faulty electrical panel,145,2222,1183,1327,Within 1-2 weeks
job_000232,Cleaning,General Cleaning,18526,2026-04,Deep clean kitchen and bathrooms,92,927,509,441,Within 1-2 weeks
job_000233,Electrical,Lighting,20625,2026-03,Replace light switches,178,1713,945,1046,As soon as possible
job_000234,General Contractor,General Contractor,36171,2026-03,General Contractor,978,12336,6657,7246,I'm flexible
job_000235,Landscaping,Landscaping,27101,2026-02,Landscaping,179,1468,823,986,Within 1 month
job_000236,Handyman,Handyman,22087,2026-01,Handyman,57,535,296,,I'm flexible
job_000237,Cleaning,Window Washing,72986,2026-03,Carpet cleaning entire house,114,800,457,374,Within 1-2 weeks
job_000238,Flooring,Flooring,19767,2026-03,Flooring,208,1968,1088,1106,Within 1 month
job_000239,Handyman,Handyman,26642,2026-03,Handyman,89,570,329,375,As soon as possible
job_000240,Pest Control,Bed Bugs,64466,2026-01,Rodent control and sealing,299,2118,1208,1061,Within 1 month
job_000241,Pool,Pool,61451,2026-04,Pool,249,1580,914,,I'm flexible
job_000242,Auto,Auto,76868,2026-01,Auto,200,2083,1141,1218,As soon as possible
job_000243,Auto,Auto,11511,2026-04,Auto,189,1946,1067,990,Within 1 month
job_000244,Chimney,Chimney,77827,2026-03,Chimney,233,2231,1232,1354,Within 1-2 weeks
job_000245,Electrical,Panel Upgrade,37148,2026-03,Install new outlets in kitchen,128,2207,1167,1211,As soon as possible
job_000246,Flooring,Flooring,30492,2026-01,Flooring,223,1922,1072,,Within 1-2 weeks
job_000247,Landscaping,Landscaping,93367,2026-01,Landscaping,167,1423,795,758,Within 1-2 weeks
job_000248,Painting,Interior,21138,2026-02,Paint interior bedroom walls,288,2330,1309,1300,I'm flexible
job_000249,General Contractor,General Contractor,36858,2026-03,General Contractor,834,9754,5294,,Within 1 month
job_000250,Roofing,Roofing,61713,2026-04,Roofing,181,2428,1304,1499,Within 1-2 weeks
job_000251,Exterior,Exterior,84036,2026-04,Exterior,381,2827,1604,1733,As soon as possible
job_000252,General Contractor,General Contractor,81731,2026-03,General Contractor,1206,10254,5730,5287,I'm flexible
job_000253,Pool,Pool,66794,2026-01,Pool,209,2461,1335,,Within 1 month
job_000254,Remodeling,Remodeling,92991,2026-04,Remodeling,162,2144,1153,,Within 1 month
job_000255,HVAC,Furnace Maintenance,75835,2026-02,Install new thermostat,182,2355,1268,1040,Within 1 month
job_000256,Painting,Cabinet,12900,2026-04,Paint interior bedroom walls,234,2006,1120,1343,I'm flexible
job_000257,Landscaping,Landscaping,15831,2026-01,Landscaping,164,1833,998,850,Within 1 month
job_000258,Pest Control,Termites,85054,2026-04,"Bed bug heat treatment, 2BR apartment",353,2071,1212,993,Within 1 month
job_000259,Cleaning,General Cleaning,62960,2026-04,Deep clean kitchen and bathrooms,111,1024,567,495,As soon as possible
job_000260,Roofing,Roofing,23793,2026-02,Roofing,212,1875,1043,,As soon as possible
job_000261,Landscaping,Landscaping,69255,2026-02,Landscaping,192,1450,821,868,Within 1-2 weeks
job_000262,Exterior,Exterior,16084,2026-03,Exterior,553,2646,1599,1551,As soon as possible
job_000263,Flooring,Flooring,23793,2026-02,Flooring,221,2423,1322,1224,I'm flexible
job_000264,Handyman,Handyman,55817,2026-01,Handyman,65,612,338,284,Within 1-2 weeks
job_000265,Remodeling,Remodeling,51528,2026-02,Remodeling,199,2021,1110,,Within 1 month
job_000266,Auto,Auto,57916,2026-04,Auto,203,1666,934,1099,I'm flexible
job_000267,Pest Control,General,47524,2026-04,Termite inspection and treatment,367,1866,1116,1074,I'm flexible
job_000268,Moving,Moving,37719,2026-03,Moving,151,2310,1230,,I'm flexible
job_000269,Auto,Auto,72398,2026-01,Auto,190,1516,853,722,As soon as possible
job_000270,Exterior,Exterior,10550,2026-04,Exterior,616,2823,1719,,Within 1-2 weeks
job_000271,Cleaning,General Cleaning,78956,2026-01,Carpet cleaning entire house,115,989,552,,As soon as possible
job_000272,General Contractor,General Contractor,16999,2026-04,General Contractor,1120,12287,6703,,As soon as possible
job_000273,Exterior,Exterior,72455,2026-04,Exterior,558,3450,2004,,I'm flexible
job_000274,Handyman,Handyman,84036,2026-04,Handyman,82,443,262,,As soon as possible
job_000275,Painting,Cabinet,67549,2026-02,Cabinet refinishing,356,3020,1688,,Within 1 month
job_000276,Roofing,Roofing,19110,2026-01,Roofing,232,1897,1064,1193,Within 1-2 weeks
job_000277,Roofing,Roofing,19272,2026-01,Roofing,178,1524,851,1004,As soon as possible
job_000278,Plumbing,Fixture Installation,47653,2026-04,Install new water heater,121,1232,676,,I'm flexible
job_000279,Auto,Auto,17502,2026-01,Auto,161,2365,1263,1050,Within 1 month
job_000280,Exterior,Exterior,18931,2026-01,Exterior,574,3515,2044,2406,As soon as possible
job_000281,Auto,Auto,74937,2026-02,Auto,209,2338,1273,,As soon as possible
job_000282,Handyman,Handyman,87673,2026-02,Handyman,60,455,257,207,Within 1-2 weeks
job_000283,Painting,Cabinet,83580,2026-04,Cabinet refinishing,298,2898,1598,,I'm flexible
job_000284,Flooring,Flooring,49799,2026-04,Flooring,220,2346,1283,1114,As soon as possible
job_000285,Pest Control,Bed Bugs,57705,2026-01,Termite inspection and treatment,348,2175,1261,1284,I'm flexible
job_000286,Pool,Pool,22522,2026-02,Pool,177,2305,1241,1423,Within 1 month
job_000287,Pool,Pool,40646,2026-04,Pool,165,2073,1119,1110,I'm flexible
job_000288,General Contractor,General Contractor,25358,2026-03,General Contractor,1013,8357,4685,4067,Within 1 month
job_000289,Pest Control,General,11511,2026-03,General pest control service,332,2188,1260,1075,As soon as possible
job_000290,Painting,Interior,75311,2026-02,Cabinet refinishing,371,2192,1281,1353,I'm flexible
job_000291,Pest Control,Termites,75199,2026-03,Termite inspection and treatment,282,2095,1188,,As soon as possible
job_000292,Pest Control,General,79245,2026-03,Termite inspection and treatment,333,2003,1168,,Within 1 month
job_000293,Auto,Auto,83780,2026-03,Auto,217,1850,1033,,Within 1-2 weeks
job_000294,Appliance Repair,Appliance Repair,79479,2026-02,Appliance Repair,196,1863,1029,1037,I'm flexible
job_000295,Auto,Auto,83580,2026-01,Auto,216,1926,1071,1234,As soon as possible
job_000296,Moving,Moving,20202,2026-02,Moving,197,1626,911,,I'm flexible
job_000297,Painting,Exterior,88408,2026-04,Trim painting,302,2837,1569,,Within 1 month
job_000298,Landscaping,Landscaping,64466,2026-04,Landscaping,185,1500,842,784,Within 1 month
job_000299,Electrical,Panel Upgrade,48049,2026-01,Install ceiling fan,132,2486,1309,1203,As soon as possible
job_000300,Handyman,Handyman,62650,2026-02,Handyman,60,446,253,255,As soon as possible
job_000301,Pool,Pool,87727,2026-03,Pool,239,1944,1091,938,Within 1-2 weeks
job_000302,Chimney,Chimney,57916,2026-04,Chimney,218,1925,1071,,Within 1-2 weeks
job_000303,Cleaning,Carpet Cleaning,52487,2026-03,Carpet cleaning entire house,84,772,428,473,I'm flexible
job_000304,HVAC,Ductwork,46249,2026-01,Furnace service before winter,249,2945,1597,,As soon as possible
job_000305,Chimney,Chimney,76402,2026-02,Chimney,178,2007,1092,,As soon as possible
job_000306,HVAC,AC Repair,27755,2026-04,AC unit repair and maintenance,222,2764,1493,1200,Within 1-2 weeks
job_000307,Exterior,Exterior,36227,2026-01,Exterior,506,3524,2015,,Within 1 month
job_000308,Chimney,Chimney,62749,2026-01,Chimney,198,1786,992,943,Within 1 month
job_000309,Auto,Auto,30178,2026-01,Auto,220,1939,1079,,Within 1-2 weeks
job_000310,General Contractor,General Contractor,70188,2026-01,General Contractor,1016,12488,6752,,I'm flexible
job_000311,Plumbing,Fixture Installation,94392,2026-02,Replace kitchen sink shutoff valve (you supply valve),94,1638,866,723,Within 1 month
job_000312,Handyman,Handyman,23397,2026-02,Handyman,84,555,319,338,Within 1 month
job_000313,Roofing,Roofing,16726,2026-01,Roofing,165,1604,884,881,I'm flexible
job_000314,Pool,Pool,18624,2026-04,Pool,239,1868,1053,1022,Within 1-2 weeks
job_000315,General Contractor,General Contractor,46577,2026-02,General Contractor,844,7665,4254,4036,I'm flexible
job_000316,HVAC,Thermostat,55817,2026-04,Furnace service before winter,179,3735,1957,2105,Within 1 month
job_000317,Appliance Repair,Appliance Repair,20829,2026-04,Appliance Repair,233,2363,1298,1183,I'm flexible
job_000318,Plumbing,Leak Repair,18859,2026-01,Fix leaking bathroom faucet,97,1598,847,,As soon as possible
job_000319,Moving,Moving,34609,2026-03,Moving,246,2346,1296,1186,As soon as possible
job_000320,Cleaning,Window Washing,53891,2026-04,Carpet cleaning entire house,90,1064,577,638,Within 1-2 weeks
job_000321,General Contractor,General Contractor,50035,2026-02,General Contractor,839,7880,4359,3554,Within 1 month
job_000322,Remodeling,Remodeling,37906,2026-02,Remodeling,172,2038,1105,,As soon as possible
job_000323,Painting,Exterior,93404,2026-03,Paint interior bedroom walls,240,2757,1498,1678,I'm flexible
job_000324,Moving,Moving,85548,2026-01,Moving,229,2222,1225,1370,Within 1-2 weeks
job_000325,Flooring,Flooring,45412,2026-02,Flooring,207,2422,1314,1267,As soon as possible
job_000326,Plumbing,Drain Cleaning,72655,2026-04,Fix leaking bathroom faucet,121,1473,797,,I'm flexible
job_000327,Pest Control,General,62856,2026-02,General pest control service,272,2482,1377,1636,Within 1-2 weeks
job_000328,Roofing,Roofing,68944,2026-04,Roofing,185,1781,983,1147,Within 1 month
job_000329,Exterior,Exterior,36654,2026-04,Exterior,615,2402,1508,1545,Within 1 month
job_000330,General Contractor,General Contractor,31748,2026-02,General Contractor,787,9119,4953,4358,Within 1-2 weeks
job_000331,Painting,Exterior,91474,2026-01,Cabinet refinishing,355,2298,1326,,I'm flexible
job_000332,Exterior,Exterior,26217,2026-03,Exterior,609,3688,2148,2574,As soon as possible
job_000333,HVAC,Furnace Maintenance,20215,2026-01,AC unit repair and maintenance,150,2802,1476,,Within 1 month
job_000334,Appliance Repair,Appliance Repair,27810,2026-03,Appliance Repair,242,2281,1261,1429,Within 1-2 weeks
job_000335,Auto,Auto,87992,2026-03,Auto,152,1845,998,,Within 1 month
job_000336,Electrical,Outlet Installation,33784,2026-04,Repair faulty electrical panel,187,1866,1026,1119,Within 1 month
job_000337,Plumbing,Fixture Installation,91517,2026-02,Fix leaking bathroom faucet,107,1560,833,766,Within 1-2 weeks
job_000338,Electrical,Lighting,44410,2026-02,Install new outlets in kitchen,127,2195,1161,1384,Within 1 month
job_000339,Painting,Interior,48533,2026-03,Paint interior bedroom walls,326,2586,1456,1441,Within 1-2 weeks
job_000340,Pool,Pool,29862,2026-02,Pool,194,2251,1222,1131,Within 1 month
job_000341,Moving,Moving,88869,2026-01,Moving,203,1631,917,,Within 1-2 weeks
job_000342,Chimney,Chimney,22222,2026-04,Chimney,150,2033,1091,,Within 1 month
job_000343,Electrical,Panel Upgrade,91140,2026-03,Install ceiling fan,184,1976,1080,1214,As soon as possible
job_000344,Remodeling,Remodeling,28958,2026-02,Remodeling,240,2164,1202,987,I'm flexible
job_000345,Appliance Repair,Appliance Repair,22721,2026-04,Appliance Repair,153,1754,953,870,Within 1-2 weeks
job_000346,Painting,Interior,48049,2026-03,Exterior house painting,311,2738,1524,,I'm flexible
job_000347,Moving,Moving,78636,2026-02,Moving,203,1923,1063,1148,Within 1-2 weeks
job_000348,Appliance Repair,Appliance Repair,26909,2026-01,Appliance Repair,226,1652,939,1059,Within 1 month
job_000349,Flooring,Flooring,99039,2026-04,Flooring,195,2162,1178,,I'm flexible
job_000350,Handyman,Handyman,81352,2026-04,Handyman,81,448,264,264,Within 1-2 weeks
job_000351,Auto,Auto,63360,2026-01,Auto,232,2445,1338,1342,As soon as possible
job_000352,Cleaning,Carpet Cleaning,32308,2026-03,Carpet cleaning entire house,109,962,535,507,Within 1-2 weeks
job_000353,Electrical,Outlet Installation,83045,2026-03,Install new outlets in kitchen,136,2310,1223,,As soon as possible
job_000354,Landscaping,Landscaping,72398,2026-04,Landscaping,170,1264,717,,Within 1 month
job_000355,Handyman,Handyman,42139,2026-01,Handyman,74,518,296,352,As soon as possible
job_000356,Painting,Interior,45412,2026-01,Exterior house painting,245,2086,1165,1033,Within 1-2 weeks
job_000357,General Contractor,General Contractor,44410,2026-04,General Contractor,909,9526,5217,6187,I'm flexible
job_000358,Roofing,Roofing,84072,2026-01,Roofing,160,1872,1016,1210,I'm flexible
job_000359,Remodeling,Remodeling,87077,2026-03,Remodeling,163,2251,1207,1386,Within 1-2 weeks
job_000360,General Contractor,General Contractor,10704,2026-02,General Contractor,1048,8945,4996,,I'm flexible
job_000361,General Contractor,General Contractor,76813,2026-01,General Contractor,1071,8684,4877,4294,Within 1-2 weeks
job_000362,Pool,Pool,28083,2026-04,Pool,237,1833,1035,,Within 1 month
job_000363,Exterior,Exterior,34565,2026-01,Exterior,441,2946,1693,,Within 1-2 weeks
job_000364,Pool,Pool,77985,2026-01,Pool,188,2053,1120,1237,I'm flexible
job_000365,Auto,Auto,61104,2026-02,Auto,163,2140,1151,1237,I'm flexible
job_000366,Pest Control,Rodents,97783,2026-04,General pest control service,347,2057,1202,1392,I'm flexible
job_000367,General Contractor,General Contractor,71776,2026-02,General Contractor,826,10809,5817,5827,I'm flexible
job_000368,Remodeling,Remodeling,46773,2026-04,Remodeling,155,2229,1192,,Within 1 month
job_000369,Electrical,Panel Upgrade,14979,2026-01,Repair faulty electrical panel,135,2238,1186,,As soon as possible
job_000370,Auto,Auto,22903,2026-01,Auto,212,1564,888,,I'm flexible
job_000371,Landscaping,Landscaping,41940,2026-02,Landscaping,244,1657,950,818,Within 1 month
job_000372,Landscaping,Landscaping,44604,2026-04,Landscaping,170,1171,670,591,Within 1-2 weeks
job_000373,Moving,Moving,69081,2026-03,Moving,241,1679,960,1116,Within 1-2 weeks
job_000374,HVAC,Ductwork,61378,2026-01,Furnace service before winter,242,3746,1994,,As soon as possible
job_000375,Appliance Repair,Appliance Repair,95770,2026-04,Appliance Repair,174,2162,1168,954,I'm flexible
job_000376,Auto,Auto,85705,2026-04,Auto,236,1669,952,817,I'm flexible
job_000377,Moving,Moving,58032,2026-04,Moving,206,2253,1229,1141,I'm flexible
job_000378,Chimney,Chimney,54406,2026-02,Chimney,243,2355,1299,1453,Within 1-2 weeks
job_000379,Roofing,Roofing,49228,2026-02,Roofing,198,1775,986,,As soon as possible
job_000380,Landscaping,Landscaping,99903,2026-01,Landscaping,155,1323,739,712,Within 1-2 weeks
job_000381,Painting,Cabinet,22175,2026-04,Trim painting,249,2762,1505,,As soon as possible
job_000382,Chimney,Chimney,35001,2026-02,Chimney,204,1938,1071,1147,I'm flexible
job_000383,Pool,Pool,35547,2026-02,Pool,163,1798,980,993,I'm flexible
job_000384,Painting,Cabinet,55941,2026-01,Trim painting,234,2474,1354,1437,Within 1-2 weeks
job_000385,Moving,Moving,38573,2026-01,Moving,230,2032,1131,1193,Within 1-2 weeks
job_000386,Pool,Pool,88825,2026-01,Pool,185,2461,1323,1231,As soon as possible
job_000387,Pest Control,General,62348,2026-03,Rodent control and sealing,371,1522,946,802,As soon as possible
job_000388,Electrical,Lighting,88663,2026-02,Install new outlets in kitchen,160,2037,1098,,I'm flexible
job_000389,Pool,Pool,65697,2026-04,Pool,226,2044,1135,972,Within 1-2 weeks
job_000390,Pest Control,Bed Bugs,26792,2026-02,Rodent control and sealing,308,1717,1012,836,As soon as possible
job_000391,Pool,Pool,62650,2026-03,Pool,216,2013,1114,1028,As soon as possible
job_000392,Auto,Auto,98834,2026-04,Auto,171,1984,1077,,Within 1-2 weeks
job_000393,Plumbing,Water Heater Replacement,10773,2026-03,Install new water heater,78,1427,752,,Within 1 month
job_000394,Flooring,Flooring,60595,2026-02,Flooring,206,2387,1296,1222,As soon as possible
job_000395,HVAC,AC Repair,43065,2026-01,Install new thermostat,203,3564,1883,2126,Within 1 month
job_000396,Handyman,Handyman,24851,2026-02,Handyman,85,442,263,287,Within 1-2 weeks
job_000397,General Contractor,General Contractor,92991,2026-03,General Contractor,908,10280,5594,,Within 1 month
job_000398,Handyman,Handyman,42962,2026-04,Handyman,66,588,327,292,I'm flexible
job_000399,Landscaping,Landscaping,55941,2026-01,Landscaping,200,1575,887,906,Within 1 month
job_000400,Remodeling,Remodeling,80425,2026-02,Remodeling,223,2070,1146,1164,I'm flexible
job_000401,Moving,Moving,98968,2026-04,Moving,212,1848,1030,,As soon as possible
job_000402,Painting,Interior,83366,2026-04,Trim painting,325,2865,1595,1828,As soon as possible
job_000403,Auto,Auto,75835,2026-04,Auto,238,1969,1103,1169,I'm flexible
job_000404,Appliance Repair,Appliance Repair,92110,2026-02,Appliance Repair,170,2487,1328,1200,Within 1-2 weeks
job_000405,Remodeling,Remodeling,50485,2026-01,Remodeling,217,2417,1317,,Within 1 month
job_000406,Chimney,Chimney,56273,2026-03,Chimney,242,1888,1065,,As soon as possible
job_000407,Landscaping,Landscaping,22087,2026-01,Landscaping,170,1515,842,,As soon as possible
job_000408,Cleaning,Window Washing,76813,2026-01,Carpet cleaning entire house,96,1223,659,,Within 1-2 weeks
job_000409,Electrical,Lighting,91508,2026-04,Install new outlets in kitchen,150,1710,930,787,Within 1 month
job_000410,Remodeling,Remodeling,58032,2026-01,Remodeling,215,2483,1349,,Within 1 month
job_000411,Electrical,Wiring,81489,2026-01,Replace light switches,125,1581,853,,As soon as possible
job_000412,Plumbing,Fixture Installation,12238,2026-02,Clear clogged drain,82,1369,725,,Within 1-2 weeks
job_000413,Flooring,Flooring,28958,2026-02,Flooring,160,1878,1019,,As soon as possible
job_000414,Auto,Auto,45012,2026-03,Auto,236,1645,940,,Within 1 month
job_000415,Pool,Pool,93819,2026-01,Pool,169,1984,1076,,I'm flexible
job_000416,Chimney,Chimney,88554,2026-03,Chimney,178,2328,1253,,Within 1-2 weeks
job_000417,Pool,Pool,76371,2026-04,Pool,173,2101,1137,,I'm flexible
job_000418,Roofing,Roofing,35547,2026-03,Roofing,219,1589,904,,As soon as possible
job_000419,Appliance Repair,Appliance Repair,10298,2026-02,Appliance Repair,242,1802,1022,,As soon as possible
job_000420,Flooring,Flooring,66560,2026-03,Flooring,162,1630,896,,Within 1-2 weeks
job_000421,Flooring,Flooring,20215,2026-02,Flooring,187,1908,1047,,Within 1 month
job_000422,General Contractor,General Contractor,79245,2026-01,General Contractor,1223,9795,5509,,As soon as possible
job_000423,Pool,Pool,82128,2026-04,Pool,172,2147,1159,,Within 1 month
job_000424,Landscaping,Landscaping,51561,2026-01,Landscaping,166,1166,666,,I'm flexible
job_000425,Handyman,Handyman,71704,2026-02,Handyman,83,495,289,,Within 1-2 weeks
job_000426,Auto,Auto,17321,2026-01,Auto,170,1555,862,,As soon as possible
job_000427,Painting,Interior,64807,2026-04,Paint interior bedroom walls,316,2120,1218,,Within 1 month
job_000428,Electrical,Panel Upgrade,74174,2026-02,Replace light switches,153,2347,1250,,Within 1 month
job_000429,Auto,Auto,82440,2026-03,Auto,164,1601,882,,Within 1-2 weeks
job_000430,Appliance Repair,Appliance Repair,95663,2026-04,Appliance Repair,177,2152,1164,,I'm flexible
job_000431,Handyman,Handyman,95663,2026-02,Handyman,66,538,302,,Within 1 month
job_000432,HVAC,Thermostat,24467,2026-03,Install new thermostat,224,2487,1355,,I'm flexible
job_000433,Remodeling,Remodeling,11037,2026-04,Remodeling,233,1949,1091,,I'm flexible
job_000434,Chimney,Chimney,59204,2026-02,Chimney,213,2086,1149,,Within 1 month
job_000435,Remodeling,Remodeling,16692,2026-03,Remodeling,248,2046,1147,,Within 1 month
job_000436,General Contractor,General Contractor,91573,2026-01,General Contractor,1133,10242,5687,,As soon as possible
job_000437,General Contractor,General Contractor,35002,2026-04,General Contractor,1206,10025,5615,,I'm flexible
job_000438,Appliance Repair,Appliance Repair,26222,2026-01,Appliance Repair,245,1848,1046,,As soon as possible
job_000439,Flooring,Flooring,60484,2026-01,Flooring,179,2333,1256,,Within 1-2 weeks
job_000440,Chimney,Chimney,24962,2026-03,Chimney,183,2492,1337,,As soon as possible
job_000441,Exterior,Exterior,93871,2026-03,Exterior,454,3469,1961,,I'm flexible
job_000442,General Contractor,General Contractor,72577,2026-04,General Contractor,881,11463,6172,,As soon as possible
job_000443,Chimney,Chimney,17490,2026-02,Chimney,158,1841,999,,As soon as possible
job_000444,Chimney,Chimney,22643,2026-02,Chimney,200,2401,1300,,Within 1-2 weeks
job_000445,Landscaping,Landscaping,72398,2026-01,Landscaping,163,1733,948,,Within 1 month
job_000446,Painting,Cabinet,37309,2026-01,Trim painting,360,2253,1306,,As soon as possible
job_000447,General Contractor,General Contractor,51107,2026-01,General Contractor,864,9414,5139,,Within 1-2 weeks
job_000448,Plumbing,Drain Cleaning,69428,2026-01,Replace kitchen sink shutoff valve (you supply valve),124,1456,790,,Within 1 month
job_000449,Pest Control,General,79074,2026-02,"Bed bug heat treatment, 2BR apartment",338,1826,1082,,Within 1-2 weeks
job_000450,Appliance Repair,Appliance Repair,77016,2026-01,Appliance Repair,180,2373,1276,,I'm flexible
job_000451,Handyman,Handyman,62650,2026-01,Handyman,92,479,285,,Within 1 month
job_000452,Chimney,Chimney,74875,2026-01,Chimney,248,1833,1040,,Within 1-2 weeks
job_000453,Cleaning,Carpet Cleaning,10947,2026-04,Carpet cleaning entire house,119,774,446,,I'm flexible
job_000454,Cleaning,Window Washing,28958,2026-02,"Exterior window wash, 2-story, 20 windows",96,899,497,,I'm flexible
job_000455,Painting,Cabinet,51561,2026-02,Trim painting,281,2437,1359,,Within 1 month
job_000456,Pool,Pool,79473,2026-02,Pool,228,1724,976,,As soon as possible
job_000457,Plumbing,Drain Cleaning,24727,2026-02,Clear clogged drain,105,1749,927,,I'm flexible
job_000458,Remodeling,Remodeling,65478,2026-03,Remodeling,239,1748,993,,Within 1 month
job_000459,Appliance Repair,Appliance Repair,54317,2026-02,Appliance Repair,205,1944,1074,,As soon as possible
job_000460,Landscaping,Landscaping,25675,2026-03,Landscaping,159,1723,941,,As soon as possible
job_000461,Auto,Auto,16726,2026-01,Auto,170,1870,1020,,Within 1 month
job_000462,Exterior,Exterior,93914,2026-03,Exterior,534,3090,1812,,Within 1-2 weeks
job_000463,Moving,Moving,47653,2026-03,Moving,213,2071,1142,,Within 1-2 weeks
job_000464,Pest Control,Bed Bugs,22175,2026-03,Termite inspection and treatment,318,1578,948,,Within 1-2 weeks
job_000465,Electrical,Outlet Installation,76868,2026-04,Install ceiling fan,116,1948,1032,,As soon as possible
job_000466,HVAC,Ductwork,12007,2026-02,Install new thermostat,199,2285,1242,,Within 1 month
job_000467,Remodeling,Remodeling,23169,2026-02,Remodeling,169,1941,1055,,Within 1 month
job_000468,General Contractor,General Contractor,10232,2026-02,General Contractor,1147,8035,4591,,Within 1 month
job_000469,Flooring,Flooring,14773,2026-03,Flooring,219,1776,997,,As soon as possible
job_000470,Landscaping,Landscaping,34933,2026-02,Landscaping,239,1160,699,,I'm flexible
job_000471,Appliance Repair,Appliance Repair,18476,2026-02,Appliance Repair,182,1941,1061,,As soon as possible
job_000472,Chimney,Chimney,88408,2026-03,Chimney,185,2359,1272,,Within 1 month
job_000473,Pest Control,Rodents,62036,2026-01,General pest control service,273,1965,1119,,As soon as possible
job_000474,Pest Control,Rodents,19248,2026-03,Rodent control and sealing,365,1951,1158,,Within 1-2 weeks
job_000475,Moving,Moving,90777,2026-02,Moving,215,2171,1193,,Within 1-2 weeks
job_000476,Chimney,Chimney,54841,2026-04,Chimney,222,1979,1100,,As soon as possible
job_000477,Pest Control,General,54840,2026-02,"Bed bug heat treatment, 2BR apartment",323,2191,1257,,As soon as possible
job_000478,Electrical,Lighting,93341,2026-02,Install new outlets in kitchen,154,2448,1301,,Within 1 month
job_000479,Pest Control,Bed Bugs,20829,2026-02,General pest control service,323,1598,960,,I'm flexible
job_000480,Electrical,Wiring,29409,2026-02,Install new outlets in kitchen,182,1979,1080,,As soon as possible
job_000481,Painting,Cabinet,93871,2026-01,Cabinet refinishing,313,2146,1229,,I'm flexible
job_000482,Electrical,Outlet Installation,34482,2026-01,Replace light switches,179,2320,1249,,As soon as possible
job_000483,Appliance Repair,Appliance Repair,74305,2026-02,Appliance Repair,178,1561,869,,Within 1-2 weeks
job_000484,Cleaning,Carpet Cleaning,65514,2026-04,Window washing service,81,1247,664,,As soon as possible
job_000485,Auto,Auto,82658,2026-03,Auto,245,2136,1190,,Within 1 month
job_000486,Painting,Exterior,57840,2026-03,Cabinet refinishing,240,2065,1152,,Within 1-2 weeks
job_000487,HVAC,AC Repair,66789,2026-01,Clean ductwork,208,2374,1291,,Within 1-2 weeks
job_000488,Pool,Pool,57916,2026-02,Pool,174,2245,1209,,I'm flexible
job_000489,Chimney,Chimney,25798,2026-02,Chimney,161,1727,944,,Within 1 month
job_000490,Pest Control,Rodents,52372,2026-02,Rodent control and sealing,373,2081,1227,,Within 1-2 weeks
job_000491,Pest Control,Termites,75507,2026-04,"Bed bug heat treatment, 2BR apartment",243,2467,1355,,I'm flexible
job_000492,Remodeling,Remodeling,18341,2026-01,Remodeling,240,2338,1289,,Within 1 month
job_000493,Pool,Pool,13645,2026-02,Pool,239,1965,1102,,I'm flexible
job_000494,Plumbing,Leak Repair,43985,2026-04,Replace kitchen sink shutoff valve (you supply valve),76,1247,661,,As soon as possible
job_000495,Moving,Moving,35002,2026-04,Moving,183,1645,914,,I'm flexible
job_000496,General Contractor,General Contractor,37954,2026-01,General Contractor,1128,7951,4539,,As soon as possible
job_000497,Pool,Pool,23654,2026-02,Pool,152,2369,1260,,As soon as possible
job_000498,General Contractor,General Contractor,28951,2026-03,General Contractor,1129,10336,5732,,As soon as possible
job_000499,Landscaping,Landscaping,90112,2026-04,Landscaping,169,1804,986,,Within 1 month
job_000500,Moving,Moving,72252,2026-02,Moving,245,1842,1043,,I'm flexible
job_000501,Pool,Pool,87673,2026-03,Pool,181,1898,1039,,As soon as possible
job_000502,Flooring,Flooring,82551,2026-03,Flooring,208,2369,1288,,I'm flexible
job_000503,Pest Control,General,97219,2026-03,Rodent control and sealing,269,1744,1006,,I'm flexible
job_000504,General Contractor,General Contractor,91570,2026-02,General Contractor,1238,8950,5094,,Within 1-2 weeks
job_000505,Pest Control,Bed Bugs,27765,2026-04,General pest control service,287,1564,925,,As soon as possible
job_000506,Plumbing,Water Heater Replacement,14708,2026-03,Fix leaking bathroom faucet,99,1394,746,,Within 1-2 weeks
job_000507,Landscaping,Landscaping,64807,2026-02,Landscaping,161,1819,990,,Within 1 month
job_000508,Exterior,Exterior,82583,2026-01,Exterior,482,3124,1803,,Within 1 month
job_000509,Remodeling,Remodeling,36654,2026-01,Remodeling,166,2454,1310,,Within 1-2 weeks
job_000510,Painting,Cabinet,43046,2026-02,Trim painting,257,3098,1677,,As soon as possible
job_000511,Landscaping,Landscaping,45206,2026-04,Landscaping,190,1624,907,,As soon as possible
job_000512,Auto,Auto,83780,2026-01,Auto,196,1533,864,,I'm flexible
job_000513,Electrical,Outlet Installation,70136,2026-03,Install ceiling fan,167,1592,879,,Within 1-2 weeks
job_000514,Cleaning,Carpet Cleaning,66481,2026-02,Carpet cleaning entire house,109,1048,578,,As soon as possible
job_000515,Flooring,Flooring,95127,2026-02,Flooring,219,1742,980,,Within 1-2 weeks
job_000516,Moving,Moving,82583,2026-02,Moving,233,1655,944,,As soon as possible
job_000517,Flooring,Flooring,91573,2026-02,Flooring,206,2061,1133,,Within 1-2 weeks
job_000518,Plumbing,Fixture Installation,86503,2026-04,Clear clogged drain,84,1285,684,,Within 1-2 weeks
job_000519,Flooring,Flooring,98187,2026-03,Flooring,164,2128,1146,,Within 1 month
job_000520,Flooring,Flooring,54114,2026-02,Flooring,213,2318,1265,,Within 1-2 weeks
job_000521,Appliance Repair,Appliance Repair,30178,2026-04,Appliance Repair,231,2196,1213,,Within 1 month
job_000522,Plumbing,Fixture Installation,90096,2026-03,Install new water heater,75,1141,608,,I'm flexible
job_000523,Roofing,Roofing,80674,2026-02,Roofing,242,2349,1295,,As soon as possible
job_000524,Remodeling,Remodeling,27772,2026-03,Remodeling,166,2388,1277,,I'm flexible
job_000525,Roofing,Roofing,84649,2026-03,Roofing,193,1972,1082,,Within 1 month
job_000526,Roofing,Roofing,84796,2026-04,Roofing,224,2058,1141,,Within 1 month
job_000527,Exterior,Exterior,83688,2026-04,Exterior,620,3182,1901,,As soon as possible
job_000528,Appliance Repair,Appliance Repair,33071,2026-04,Appliance Repair,152,1778,965,,I'm flexible
job_000529,Pest Control,Termites,71616,2026-02,Termite inspection and treatment,250,1990,1120,,Within 1 month
job_000530,Cleaning,Window Washing,77985,2026-03,Window washing service,86,1091,588,,Within 1 month
job_000531,Chimney,Chimney,84872,2026-02,Chimney,245,1545,895,,As soon as possible
job_000532,Exterior,Exterior,80165,2026-03,Exterior,456,3078,1767,,As soon as possible
job_000533,Moving,Moving,76152,2026-03,Moving,179,1829,1004,,As soon as possible
job_000534,Remodeling,Remodeling,14490,2026-03,Remodeling,163,2268,1215,,As soon as possible
job_000535,Roofing,Roofing,72577,2026-03,Roofing,185,1845,1015,,I'm flexible
job_000536,Appliance Repair,Appliance Repair,49799,2026-01,Appliance Repair,184,2168,1176,,I'm flexible
job_000537,Handyman,Handyman,84036,2026-04,Handyman,74,377,225,,Within 1-2 weeks
job_000538,Remodeling,Remodeling,65472,2026-02,Remodeling,188,2188,1188,,Within 1-2 weeks
job_000539,Pest Control,Rodents,45296,2026-02,Termite inspection and treatment,257,1559,908,,Within 1 month
job_000540,Electrical,Lighting,84437,2026-03,Repair faulty electrical panel,143,2211,1177,,Within 1-2 weeks
job_000541,HVAC,Thermostat,28801,2026-03,Clean ductwork,178,3682,1930,,Within 1 month
job_000542,Landscaping,Landscaping,30528,2026-03,Landscaping,206,1751,978,,Within 1 month
job_000543,Cleaning,Carpet Cleaning,73862,2026-02,"Exterior window wash, 2-story, 20 windows",114,1015,564,,Within 1 month
job_000544,Moving,Moving,36227,2026-03,Moving,194,2343,1268,,As soon as possible
job_000545,Handyman,Handyman,62856,2026-04,Handyman,93,591,342,,Within 1-2 weeks
job_000546,Remodeling,Remodeling,79507,2026-04,Remodeling,186,1984,1085,,As soon as possible
job_000547,Exterior,Exterior,44066,2026-03,Exterior,478,2884,1681,,Within 1 month
job_000548,Plumbing,Fixture Installation,42749,2026-03,Install new water heater,84,1533,808,,Within 1-2 weeks
job_000549,HVAC,Thermostat,88335,2026-03,AC unit repair and maintenance,181,3678,1929,,As soon as possible
job_000550,Plumbing,Leak Repair,94576,2026-01,Install new water heater,96,1299,697,,Within 1-2 weeks
job_000551,Pest Control,Rodents,90032,2026-04,Termite inspection and treatment,291,1734,1012,,As soon as possible
job_000552,Plumbing,Fixture Installation,51528,2026-04,Install new water heater,122,1799,960,,I'm flexible
job_000553,Cleaning,General Cleaning,76186,2026-02,Carpet cleaning entire house,86,851,468,,I'm flexible
job_000554,HVAC,Furnace Maintenance,77220,2026-02,Clean ductwork,238,2339,1288,,I'm flexible
job_000555,Plumbing,Fixture Installation,28589,2026-03,Install new water heater,113,1498,805,,Within 1 month
job_000556,Pool,Pool,33723,2026-01,Pool,204,2259,1231,,Within 1 month
job_000557,Chimney,Chimney,78993,2026-03,Chimney,194,2415,1304,,I'm flexible
job_000558,Handyman,Handyman,83366,2026-01,Handyman,69,573,321,,Within 1-2 weeks
job_000559,Electrical,Wiring,60047,2026-03,Install ceiling fan,180,1672,926,,Within 1 month
job_000560,Pest Control,Rodents,81659,2026-03,"Bed bug heat treatment, 2BR apartment",361,2253,1307,,As soon as possible
job_000561,Moving,Moving,16941,2026-01,Moving,246,1894,1070,,Within 1 month
job_000562,General Contractor,General Contractor,47929,2026-03,General Contractor,855,11542,6198,,As soon as possible
job_000563,Moving,Moving,35839,2026-01,Moving,211,1624,917,,As soon as possible
job_000564,General Contractor,General Contractor,71687,2026-03,General Contractor,1195,9312,5253,,As soon as possible
job_000565,Exterior,Exterior,10298,2026-02,Exterior,472,2916,1694,,Within 1-2 weeks
job_000566,Handyman,Handyman,67176,2026-02,Handyman,82,523,302,,As soon as possible
job_000567,Electrical,Lighting,76813,2026-02,Install new outlets in kitchen,166,2049,1107,,As soon as possible
job_000568,Cleaning,General Cleaning,42419,2026-01,Carpet cleaning entire house,95,1080,587,,Within 1-2 weeks
job_000569,Pest Control,Bed Bugs,25675,2026-04,General pest control service,331,2330,1330,,As soon as possible
job_000570,HVAC,Ductwork,39333,2026-04,Furnace service before winter,152,2505,1328,,I'm flexible
job_000571,Flooring,Flooring,16921,2026-02,Flooring,166,1948,1057,,As soon as possible
job_000572,General Contractor,General Contractor,82274,2026-03,General Contractor,1193,8362,4777,,I'm flexible
job_000573,HVAC,AC Repair,22003,2026-04,Install new thermostat,209,3433,1821,,Within 1-2 weeks
job_000574,Handyman,Handyman,86692,2026-01,Handyman,56,436,246,,Within 1-2 weeks
job_000575,HVAC,Furnace Maintenance,32308,2026-02,Furnace service before winter,180,2679,1429,,Within 1-2 weeks
job_000576,Chimney,Chimney,47929,2026-04,Chimney,175,2123,1149,,As soon as possible
job_000577,General Contractor,General Contractor,10272,2026-01,General Contractor,1033,8603,4818,,I'm flexible
job_000578,Painting,Cabinet,27101,2026-03,Exterior house painting,340,2006,1173,,Within 1 month
job_000579,Flooring,Flooring,26792,2026-03,Flooring,205,2068,1136,,Within 1 month
job_000580,Cleaning,General Cleaning,85337,2026-01,Carpet cleaning entire house,80,778,429,,Within 1-2 weeks
job_000581,Painting,Cabinet,74809,2026-01,Paint interior bedroom walls,288,2024,1156,,As soon as possible
job_000582,Moving,Moving,79282,2026-03,Moving,174,1852,1013,,Within 1 month
job_000583,Auto,Auto,35547,2026-04,Auto,155,2266,1210,,Within 1 month
job_000584,Pool,Pool,21519,2026-02,Pool,177,2461,1319,,Within 1-2 weeks
job_000585,Auto,Auto,88825,2026-02,Auto,200,2094,1147,,Within 1 month
job_000586,Chimney,Chimney,92121,2026-02,Chimney,191,1922,1056,,I'm flexible
job_000587,Flooring,Flooring,52870,2026-01,Flooring,205,1730,967,,I'm flexible
job_000588,Moving,Moving,36779,2026-01,Moving,222,2275,1248,,Within 1 month
job_000589,Electrical,Panel Upgrade,83580,2026-02,Install ceiling fan,154,2175,1164,,As soon as possible
job_000590,Pool,Pool,26792,2026-04,Pool,168,2492,1330,,Within 1 month
job_000591,Pest Control,Termites,29409,2026-04,Termite inspection and treatment,344,1642,993,,As soon as possible
job_000592,Handyman,Handyman,90279,2026-03,Handyman,87,573,330,,As soon as possible
job_000593,Moving,Moving,19954,2026-03,Moving,232,1531,881,,As soon as possible
job_000594,Plumbing,Water Heater Replacement,21122,2026-03,Fix leaking bathroom faucet,79,1546,812,,Within 1-2 weeks
job_000595,Appliance Repair,Appliance Repair,96573,2026-01,Appliance Repair,207,2414,1310,,I'm flexible
job_000596,Handyman,Handyman,53891,2026-02,Handyman,66,462,264,,Within 1 month
job_000597,Painting,Exterior,82551,2026-01,Paint interior bedroom walls,284,2864,1574,,I'm flexible
job_000598,Roofing,Roofing,20625,2026-01,Roofing,188,1644,916,,Within 1-2 weeks
job_000599,Plumbing,Water Heater Replacement,88650,2026-04,Clear clogged drain,85,1853,969,,I'm flexible
job_000600,Landscaping,Landscaping,63935,2026-04,Landscaping,163,1414,788,,As soon as possible
job_000601,Pest Control,Bed Bugs,17407,2026-04,Rodent control and sealing,283,2024,1153,,I'm flexible
job_000602,Pool,Pool,16808,2026-04,Pool,237,2220,1228,,I'm flexible
job_000603,Pest Control,General,64274,2026-02,General pest control service,330,2489,1409,,As soon as possible
job_000604,Electrical,Wiring,84602,2026-01,Install ceiling fan,185,1646,915,,Within 1-2 weeks
job_000605,General Contractor,General Contractor,66862,2026-03,General Contractor,782,8645,4713,,Within 1-2 weeks
job_000606,Pool,Pool,73719,2026-04,Pool,247,2182,1214,,I'm flexible
job_000607,Painting,Interior,67176,2026-03,Trim painting,267,1995,1131,,As soon as possible
job_000608,Appliance Repair,Appliance Repair,74151,2026-03,Appliance Repair,176,2312,1244,,As soon as possible
job_000609,Electrical,Wiring,30153,2026-03,Install ceiling fan,112,2301,1206,,I'm flexible
job_000610,General Contractor,General Contractor,63535,2026-04,General Contractor,1193,8109,4651,,As soon as possible
job_000611,Appliance Repair,Appliance Repair,50202,2026-01,Appliance Repair,154,2046,1100,,I'm flexible
job_000612,Moving,Moving,67902,2026-04,Moving,248,1511,879,,As soon as possible
job_000613,Remodeling,Remodeling,96573,2026-03,Remodeling,246,2033,1139,,Within 1 month
job_000614,HVAC,Furnace Maintenance,36701,2026-03,Install new thermostat,249,2920,1584,,I'm flexible
job_000615,Remodeling,Remodeling,45296,2026-03,Remodeling,161,2294,1227,,Within 1 month
job_000616,Plumbing,Drain Cleaning,30178,2026-03,Install new water heater,120,1502,811,,As soon as possible
job_000617,Pool,Pool,23654,2026-02,Pool,220,2345,1282,,As soon as possible
job_000618,Chimney,Chimney,42419,2026-01,Chimney,193,1527,860,,I'm flexible
job_000619,General Contractor,General Contractor,26792,2026-04,General Contractor,1241,9589,5415,,I'm flexible
job_000620,Handyman,Handyman,63390,2026-01,Handyman,61,445,253,,Within 1-2 weeks
job_000621,Painting,Cabinet,93473,2026-03,Cabinet refinishing,308,2992,1650,,I'm flexible
job_000622,Roofing,Roofing,56266,2026-03,Roofing,231,1610,920,,I'm flexible
job_000623,Pool,Pool,57259,2026-02,Pool,151,1841,996,,Within 1-2 weeks
job_000624,General Contractor,General Contractor,33071,2026-03,General Contractor,782,12436,6609,,Within 1 month
job_000625,Roofing,Roofing,83766,2026-04,Roofing,248,2466,1357,,Within 1-2 weeks
job_000626,Auto,Auto,88291,2026-02,Auto,210,2222,1216,,Within 1 month
job_000627,Electrical,Outlet Installation,19480,2026-01,Replace light switches,181,1879,1030,,I'm flexible
job_000628,Cleaning,General Cleaning,96922,2026-03,Carpet cleaning entire house,87,1055,571,,I'm flexible
job_000629,Flooring,Flooring,62856,2026-04,Flooring,207,1928,1067,,I'm flexible
job_000630,Exterior,Exterior,33928,2026-04,Exterior,504,2404,1454,,I'm flexible
job_000631,HVAC,Furnace Maintenance,71776,2026-02,AC unit repair and maintenance,218,2855,1536,,Within 1-2 weeks
job_000632,Flooring,Flooring,15253,2026-04,Flooring,226,1657,941,,Within 1 month
job_000633,Painting,Exterior,47269,2026-03,Cabinet refinishing,265,1991,1128,,As soon as possible
job_000634,Flooring,Flooring,75478,2026-03,Flooring,192,1863,1027,,Within 1-2 weeks
job_000635,HVAC,Furnace Maintenance,42139,2026-03,Clean ductwork,163,3518,1840,,As soon as possible
job_000636,Exterior,Exterior,65505,2026-02,Exterior,457,3391,1924,,I'm flexible
job_000637,Exterior,Exterior,50035,2026-01,Exterior,517,2258,1387,,Within 1-2 weeks
job_000638,Appliance Repair,Appliance Repair,47269,2026-04,Appliance Repair,161,2114,1137,,Within 1 month
job_000639,Painting,Exterior,36601,2026-02,Trim painting,279,1928,1103,,Within 1 month
job_000640,Painting,Interior,73158,2026-04,Exterior house painting,244,2732,1488,,Within 1 month
job_000641,Painting,Interior,23867,2026-04,Paint interior bedroom walls,284,3024,1654,,Within 1-2 weeks
job_000642,Flooring,Flooring,35905,2026-01,Flooring,225,2023,1124,,I'm flexible
job_000643,Flooring,Flooring,43872,2026-01,Flooring,187,2078,1132,,Within 1 month
job_000644,Painting,Interior,46773,2026-03,Trim painting,331,2718,1524,,Within 1 month
job_000645,Electrical,Outlet Installation,55994,2026-04,Install new outlets in kitchen,173,2115,1144,,I'm flexible
job_000646,Moving,Moving,36654,2026-03,Moving,195,1525,860,,Within 1 month
job_000647,Appliance Repair,Appliance Repair,85532,2026-04,Appliance Repair,178,1840,1009,,Within 1-2 weeks
job_000648,Appliance Repair,Appliance Repair,71758,2026-03,Appliance Repair,213,1912,1062,,Within 1-2 weeks
job_000649,Auto,Auto,10864,2026-04,Auto,169,1913,1041,,Within 1-2 weeks
job_000650,Handyman,Handyman,46991,2026-03,Handyman,76,495,285,,Within 1 month
job_000651,Appliance Repair,Appliance Repair,14708,2026-04,Appliance Repair,247,2291,1269,,I'm flexible
job_000652,Pool,Pool,68311,2026-04,Pool,218,1763,990,,Within 1 month
job_000653,Electrical,Panel Upgrade,49315,2026-02,Install new outlets in kitchen,175,1709,942,,I'm flexible
job_000654,Auto,Auto,91437,2026-02,Auto,199,1963,1081,,Within 1-2 weeks
job_000655,Electrical,Panel Upgrade,78632,2026-04,Repair faulty electrical panel,156,2210,1183,,Within 1 month
job_000656,Roofing,Roofing,58032,2026-01,Roofing,180,2312,1246,,I'm flexible
job_000657,Remodeling,Remodeling,85337,2026-04,Remodeling,202,2375,1288,,Within 1-2 weeks
job_000658,Remodeling,Remodeling,97585,2026-04,Remodeling,181,1781,981,,Within 1-2 weeks
job_000659,Auto,Auto,20824,2026-02,Auto,198,1580,889,,As soon as possible
job_000660,Painting,Cabinet,25760,2026-01,Paint interior bedroom walls,240,2906,1573,,Within 1-2 weeks
job_000661,Appliance Repair,Appliance Repair,88291,2026-01,Appliance Repair,193,1614,903,,As soon as possible
job_000662,Moving,Moving,21519,2026-03,Moving,206,2327,1266,,Within 1-2 weeks
job_000663,Electrical,Lighting,51528,2026-03,Repair faulty electrical panel,131,1587,859,,Within 1 month
job_000664,Appliance Repair,Appliance Repair,23169,2026-01,Appliance Repair,223,1730,976,,I'm flexible
job_000665,Pool,Pool,47031,2026-04,Pool,207,2276,1241,,Within 1-2 weeks
job_000666,Landscaping,Landscaping,97204,2026-03,Landscaping,212,1706,959,,I'm flexible
job_000667,Painting,Cabinet,51417,2026-01,Exterior house painting,249,2746,1497,,I'm flexible
job_000668,Remodeling,Remodeling,24767,2026-01,Remodeling,194,2097,1145,,Within 1-2 weeks
job_000669,Appliance Repair,Appliance Repair,19289,2026-03,Appliance Repair,195,2171,1183,,Within 1 month
job_000670,Plumbing,Water Heater Replacement,54406,2026-04,Fix leaking bathroom faucet,80,1594,837,,As soon as possible
job_000671,Auto,Auto,27810,2026-01,Auto,232,1687,959,,As soon as possible
job_000672,Remodeling,Remodeling,67013,2026-01,Remodeling,156,1647,901,,I'm flexible
job_000673,Moving,Moving,62582,2026-03,Moving,227,2002,1114,,I'm flexible
job_000674,Exterior,Exterior,30742,2026-01,Exterior,479,2253,1366,,I'm flexible
job_000675,Cleaning,General Cleaning,80480,2026-01,Carpet cleaning entire house,111,1169,640,,Within 1 month
job_000676,Auto,Auto,25675,2026-03,Auto,201,2308,1254,,Within 1-2 weeks
job_000677,Handyman,Handyman,26744,2026-01,Handyman,83,591,337,,As soon as possible
job_000678,Plumbing,Drain Cleaning,38240,2026-03,Replace kitchen sink shutoff valve (you supply valve),99,1702,900,,As soon as possible
job_000679,General Contractor,General Contractor,24986,2026-04,General Contractor,1157,9445,5301,,I'm flexible
job_000680,Auto,Auto,66560,2026-01,Auto,176,2336,1256,,I'm flexible
job_000681,Flooring,Flooring,23397,2026-03,Flooring,168,2078,1123,,Within 1-2 weeks
job_000682,Roofing,Roofing,56535,2026-03,Roofing,172,1610,891,,I'm flexible
job_000683,Handyman,Handyman,58359,2026-02,Handyman,56,417,236,,I'm flexible
job_000684,Moving,Moving,66564,2026-03,Moving,216,1723,969,,I'm flexible
job_000685,Chimney,Chimney,72061,2026-03,Chimney,228,1985,1106,,Within 1 month
job_000686,HVAC,Furnace Maintenance,60197,2026-04,Clean ductwork,196,2483,1339,,As soon as possible
job_000687,Roofing,Roofing,63390,2026-02,Roofing,150,2129,1139,,Within 1-2 weeks
job_000688,HVAC,Ductwork,35839,2026-04,AC unit repair and maintenance,168,2960,1564,,Within 1-2 weeks
job_000689,Cleaning,Carpet Cleaning,76384,2026-01,Carpet cleaning entire house,101,798,449,,I'm flexible
job_000690,Exterior,Exterior,83048,2026-02,Exterior,445,2310,1377,,Within 1-2 weeks
job_000691,Landscaping,Landscaping,23397,2026-01,Landscaping,245,1188,716,,Within 1-2 weeks
job_000692,Electrical,Outlet Installation,33516,2026-02,Repair faulty electrical panel,129,2377,1253,,As soon as possible
job_000693,Handyman,Handyman,38955,2026-03,Handyman,72,574,323,,Within 1 month
job_000694,Remodeling,Remodeling,10704,2026-03,Remodeling,210,1954,1082,,As soon as possible
job_000695,Appliance Repair,Appliance Repair,65828,2026-03,Appliance Repair,249,2222,1235,,Within 1-2 weeks
job_000696,Auto,Auto,33723,2026-01,Auto,226,2319,1272,,I'm flexible
job_000697,Flooring,Flooring,45027,2026-03,Flooring,171,2036,1103,,Within 1-2 weeks
job_000698,Pest Control,Termites,39251,2026-03,"Bed bug heat treatment, 2BR apartment",248,2436,1342,,As soon as possible
job_000699,Appliance Repair,Appliance Repair,69081,2026-03,Appliance Repair,185,1789,987,,Within 1-2 weeks
job_000700,Appliance Repair,Appliance Repair,60484,2026-01,Appliance Repair,153,2371,1262,,I'm flexible
job_000701,Flooring,Flooring,34193,2026-02,Flooring,242,2118,1180,,Within 1 month
job_000702,Handyman,Handyman,92991,2026-01,Handyman,73,565,319,,I'm flexible
job_000703,Roofing,Roofing,90685,2026-03,Roofing,229,2147,1188,,I'm flexible
job_000704,Chimney,Chimney,18476,2026-04,Chimney,204,2322,1263,,As soon as possible
job_000705,Roofing,Roofing,19048,2026-02,Roofing,176,2332,1254,,Within 1-2 weeks
job_000706,Pest Control,General,79831,2026-01,Termite inspection and treatment,310,2333,1321,,Within 1-2 weeks
job_000707,Pool,Pool,38080,2026-03,Pool,182,1612,897,,As soon as possible
job_000708,Appliance Repair,Appliance Repair,79055,2026-03,Appliance Repair,218,2227,1222,,Within 1 month
job_000709,Chimney,Chimney,17502,2026-03,Chimney,186,2336,1261,,Within 1 month
job_000710,Auto,Auto,89362,2026-01,Auto,210,2490,1350,,As soon as possible
job_000711,HVAC,Furnace Maintenance,85034,2026-03,AC unit repair and maintenance,224,3514,1869,,I'm flexible
job_000712,Chimney,Chimney,78891,2026-04,Chimney,242,2435,1338,,Within 1 month
job_000713,Pest Control,Rodents,12900,2026-04,Termite inspection and treatment,291,1699,995,,Within 1-2 weeks
job_000714,Exterior,Exterior,36227,2026-02,Exterior,469,3400,1934,,I'm flexible
job_000715,Pest Control,General,41092,2026-03,"Bed bug heat treatment, 2BR apartment",228,2285,1256,,As soon as possible
job_000716,Landscaping,Landscaping,70500,2026-01,Landscaping,241,1711,976,,Within 1 month
job_000717,Pool,Pool,70477,2026-02,Pool,154,2131,1142,,As soon as possible
job_000718,Painting,Cabinet,24822,2026-02,Trim painting,334,2033,1183,,As soon as possible
job_000719,Roofing,Roofing,84148,2026-02,Roofing,200,2240,1220,,Within 1 month
job_000720,Pest Control,Rodents,35717,2026-01,Rodent control and sealing,247,2437,1342,,I'm flexible
job_000721,Painting,Exterior,72986,2026-03,Exterior house painting,359,2230,1294,,As soon as possible
job_000722,Flooring,Flooring,43951,2026-04,Flooring,165,2295,1230,,I'm flexible
job_000723,Plumbing,Fixture Installation,83962,2026-01,Clear clogged drain,112,1784,948,,As soon as possible
job_000724,Appliance Repair,Appliance Repair,24020,2026-02,Appliance Repair,241,2243,1242,,Within 1 month
job_000725,Chimney,Chimney,80132,2026-03,Chimney,159,1601,880,,Within 1 month
job_000726,Landscaping,Landscaping,43631,2026-04,Landscaping,178,1849,1013,,As soon as possible
job_000727,Auto,Auto,24020,2026-03,Auto,193,2367,1280,,As soon as possible
job_000728,Auto,Auto,95235,2026-04,Auto,197,2301,1249,,Within 1 month
job_000729,Exterior,Exterior,26088,2026-04,Exterior,464,2915,1689,,As soon as possible
job_000730,Chimney,Chimney,60226,2026-01,Chimney,191,2415,1303,,Within 1 month
job_000731,Cleaning,General Cleaning,95663,2026-02,"Exterior window wash, 2-story, 20 windows",93,912,502,,I'm flexible
job_000732,Painting,Interior,76409,2026-01,Cabinet refinishing,273,2371,1322,,As soon as possible
job_000733,Flooring,Flooring,28337,2026-03,Flooring,186,1597,891,,As soon as possible
job_000734,General Contractor,General Contractor,62648,2026-04,General Contractor,800,10065,5432,,Within 1-2 weeks
job_000735,Flooring,Flooring,17502,2026-03,Flooring,218,2110,1164,,Within 1-2 weeks
job_000736,Landscaping,Landscaping,61334,2026-01,Landscaping,207,1842,1024,,As soon as possible
job_000737,Pool,Pool,19954,2026-03,Pool,212,1627,919,,Within 1-2 weeks
job_000738,Electrical,Panel Upgrade,27388,2026-03,Install ceiling fan,143,1911,1027,,I'm flexible
job_000739,Exterior,Exterior,61929,2026-03,Exterior,456,3040,1748,,As soon as possible
job_000740,Painting,Cabinet,92618,2026-03,Paint interior bedroom walls,375,3054,1714,,As soon as possible
job_000741,Pest Control,Bed Bugs,97783,2026-03,"Bed bug heat treatment, 2BR apartment",305,2089,1197,,Within 1 month
job_000742,Chimney,Chimney,63372,2026-04,Chimney,248,2205,1226,,Within 1 month
job_000743,Pest Control,General,97585,2026-02,Rodent control and sealing,310,1624,967,,Within 1 month
job_000744,Flooring,Flooring,23581,2026-02,Flooring,228,2448,1338,,Within 1 month
job_000745,Exterior,Exterior,22315,2026-01,Exterior,483,3615,2049,,Within 1-2 weeks
job_000746,Landscaping,Landscaping,90096,2026-02,Landscaping,191,1164,677,,As soon as possible
job_000747,Plumbing,Fixture Installation,47374,2026-02,Clear clogged drain,90,1568,829,,I'm flexible
job_000748,Roofing,Roofing,14773,2026-02,Roofing,177,1888,1032,,Within 1 month
job_000749,Exterior,Exterior,98793,2026-03,Exterior,442,2881,1661,,I'm flexible
job_000750,Flooring,Flooring,96896,2026-02,Flooring,201,1508,854,,I'm flexible
job_000751,Exterior,Exterior,42749,2026-01,Exterior,425,2708,1566,,Within 1 month
job_000752,Flooring,Flooring,92470,2026-03,Flooring,238,1942,1090,,Within 1-2 weeks
job_000753,Chimney,Chimney,72378,2026-04,Chimney,238,2311,1274,,Within 1-2 weeks
job_000754,Exterior,Exterior,27101,2026-03,Exterior,475,3640,2057,,Within 1-2 weeks
job_000755,Painting,Cabinet,25760,2026-03,Trim painting,346,1978,1162,,Within 1 month
job_000756,Pool,Pool,16692,2026-03,Pool,211,1861,1036,,Within 1 month
job_000757,Landscaping,Landscaping,36677,2026-01,Landscaping,176,1650,913,,I'm flexible
job_000758,Auto,Auto,88785,2026-02,Auto,242,2332,1287,,I'm flexible
job_000759,Flooring,Flooring,54720,2026-03,Flooring,248,1760,1004,,As soon as possible
job_000760,Cleaning,General Cleaning,86692,2026-02,Window washing service,79,1098,588,,As soon as possible
job_000761,Appliance Repair,Appliance Repair,98333,2026-02,Appliance Repair,241,1857,1049,,Within 1-2 weeks
job_000762,Exterior,Exterior,51561,2026-04,Exterior,567,2818,1692,,Within 1 month
job_000763,Flooring,Flooring,48049,2026-04,Flooring,210,1777,993,,As soon as possible
job_000764,Plumbing,Fixture Installation,79714,2026-04,Install new water heater,95,1865,980,,Within 1-2 weeks
job_000765,Exterior,Exterior,78956,2026-01,Exterior,490,3210,1850,,Within 1 month
job_000766,HVAC,Thermostat,67013,2026-02,Install new thermostat,152,3492,1822,,Within 1-2 weeks
job_000767,Appliance Repair,Appliance Repair,94983,2026-01,Appliance Repair,215,2179,1197,,Within 1-2 weeks
job_000768,Painting,Cabinet,18341,2026-04,Paint interior bedroom walls,226,2967,1596,,Within 1-2 weeks
job_000769,Painting,Interior,99903,2026-02,Paint interior bedroom walls,263,2588,1425,,As soon as possible
job_000770,Landscaping,Landscaping,65472,2026-04,Landscaping,178,1467,822,,Within 1-2 weeks
job_000771,Appliance Repair,Appliance Repair,16084,2026-01,Appliance Repair,199,2418,1308,,Within 1-2 weeks
job_000772,Pest Control,Termites,40998,2026-01,Rodent control and sealing,256,1572,914,,Within 1-2 weeks
job_000773,Landscaping,Landscaping,84784,2026-01,Landscaping,209,1702,955,,Within 1 month
job_000774,Painting,Interior,92640,2026-02,Trim painting,271,2883,1577,,Within 1 month
job_000775,Chimney,Chimney,89362,2026-03,Chimney,169,2487,1328,,As soon as possible
job_000776,Roofing,Roofing,22003,2026-01,Roofing,164,2204,1184,,As soon as possible
job_000777,Auto,Auto,97342,2026-04,Auto,182,1736,959,,I'm flexible
job_000778,Moving,Moving,34138,2026-03,Moving,160,1813,986,,I'm flexible
job_000779,Electrical,Lighting,66913,2026-04,Install ceiling fan,148,2380,1264,,As soon as possible
job_000780,HVAC,Ductwork,69081,2026-01,Clean ductwork,249,2572,1410,,Within 1-2 weeks
job_000781,Chimney,Chimney,87058,2026-03,Chimney,214,1814,1014,,As soon as possible
job_000782,HVAC,Ductwork,40578,2026-04,Install new thermostat,153,2864,1508,,I'm flexible
job_000783,Landscaping,Landscaping,53920,2026-04,Landscaping,232,1855,1043,,As soon as possible
job_000784,Appliance Repair,Appliance Repair,74305,2026-02,Appliance Repair,178,1744,961,,I'm flexible
job_000785,Pest Control,Rodents,97219,2026-02,Termite inspection and treatment,327,1893,1110,,Within 1 month
job_000786,General Contractor,General Contractor,93962,2026-03,General Contractor,1030,9525,5277,,Within 1 month
job_000787,Electrical,Panel Upgrade,35663,2026-02,Repair faulty electrical panel,132,1841,986,,Within 1 month
job_000788,Flooring,Flooring,34143,2026-03,Flooring,199,2408,1303,,I'm flexible
job_000789,Landscaping,Landscaping,66302,2026-03,Landscaping,194,1290,742,,I'm flexible
job_000790,Chimney,Chimney,84662,2026-04,Chimney,229,2466,1347,,Within 1-2 weeks
job_000791,Cleaning,Window Washing,61524,2026-02,"Exterior window wash, 2-story, 20 windows",84,1153,618,,As soon as possible
job_000792,Remodeling,Remodeling,59514,2026-02,Remodeling,212,2264,1238,,I'm flexible
job_000793,Roofing,Roofing,60454,2026-03,Roofing,218,1511,864,,As soon as possible
job_000794,Appliance Repair,Appliance Repair,48882,2026-03,Appliance Repair,203,2262,1232,,I'm flexible
job_000795,Landscaping,Landscaping,42749,2026-02,Landscaping,177,1451,814,,As soon as possible
job_000796,Moving,Moving,67549,2026-01,Moving,165,2494,1329,,Within 1 month
job_000797,HVAC,Thermostat,85034,2026-02,Furnace service before winter,223,2485,1354,,Within 1 month
job_000798,Landscaping,Landscaping,22933,2026-02,Landscaping,150,1677,913,,Within 1-2 weeks
job_000799,Appliance Repair,Appliance Repair,60047,2026-04,Appliance Repair,224,1820,1022,,I'm flexible
job_000800,Pest Control,Bed Bugs,30528,2026-02,General pest control service,225,1541,883,,Within 1-2 weeks
job_000801,Pest Control,General,65697,2026-01,Rodent control and sealing,294,2365,1329,,Within 1-2 weeks
job_000802,Chimney,Chimney,25900,2026-02,Chimney,203,1746,974,,Within 1 month
job_000803,Moving,Moving,45014,2026-04,Moving,151,1888,1019,,I'm flexible
job_000804,Pool,Pool,45088,2026-04,Pool,202,1522,862,,Within 1-2 weeks
job_000805,Cleaning,Window Washing,53429,2026-02,"Exterior window wash, 2-story, 20 windows",77,1229,653,,I'm flexible
job_000806,Remodeling,Remodeling,78993,2026-03,Remodeling,227,1926,1076,,I'm flexible
job_000807,Exterior,Exterior,71758,2026-04,Exterior,466,3420,1943,,Within 1-2 weeks
job_000808,Pool,Pool,35839,2026-01,Pool,210,1552,881,,I'm flexible
job_000809,Appliance Repair,Appliance Repair,58493,2026-02,Appliance Repair,217,1863,1040,,I'm flexible
job_000810,Roofing,Roofing,42572,2026-03,Roofing,185,2453,1319,,Within 1-2 weeks
job_000811,Moving,Moving,22087,2026-03,Moving,229,1791,1010,,I'm flexible
job_000812,Pool,Pool,10232,2026-03,Pool,231,1918,1074,,Within 1 month
job_000813,Flooring,Flooring,75835,2026-03,Flooring,208,2449,1328,,Within 1 month
job_000814,Exterior,Exterior,70842,2026-02,Exterior,572,3216,1894,,Within 1 month
job_000815,Auto,Auto,45873,2026-04,Auto,165,1533,849,,As soon as possible
job_000816,Cleaning,Window Washing,72252,2026-04,Carpet cleaning entire house,85,1177,631,,As soon as possible
job_000817,Cleaning,Window Washing,30761,2026-04,Carpet cleaning entire house,105,980,542,,As soon as possible
job_000818,Landscaping,Landscaping,40610,2026-04,Landscaping,177,1242,709,,I'm flexible
job_000819,Exterior,Exterior,39333,2026-01,Exterior,439,3153,1796,,I'm flexible
job_000820,Plumbing,Leak Repair,66794,2026-02,Install new water heater,93,1483,788,,I'm flexible
job_000821,Landscaping,Landscaping,28720,2026-03,Landscaping,153,1828,990,,As soon as possible
job_000822,Flooring,Flooring,23036,2026-04,Flooring,220,2232,1226,,Within 1 month
job_000823,General Contractor,General Contractor,47240,2026-03,General Contractor,1137,10854,5995,,Within 1-2 weeks
job_000824,Handyman,Handyman,68605,2026-01,Handyman,66,400,233,,I'm flexible
job_000825,Chimney,Chimney,21519,2026-01,Chimney,156,1604,880,,Within 1-2 weeks
job_000826,Roofing,Roofing,74678,2026-03,Roofing,189,2011,1100,,Within 1-2 weeks
job_000827,Landscaping,Landscaping,93761,2026-02,Landscaping,173,1546,859,,I'm flexible
job_000828,Flooring,Flooring,55273,2026-01,Flooring,178,2483,1330,,Within 1-2 weeks
job_000829,Plumbing,Fixture Installation,43631,2026-03,Replace kitchen sink shutoff valve (you supply valve),94,1494,794,,Within 1 month
job_000830,Flooring,Flooring,90476,2026-03,Flooring,203,2434,1318,,As soon as possible
job_000831,Landscaping,Landscaping,15989,2026-04,Landscaping,237,1688,962,,Within 1 month
job_000832,Handyman,Handyman,15154,2026-04,Handyman,65,510,287,,I'm flexible
job_000833,HVAC,Ductwork,65663,2026-02,Clean ductwork,219,2625,1422,,I'm flexible
job_000834,General Contractor,General Contractor,62348,2026-04,General Contractor,871,12461,6666,,Within 1 month
job_000835,Remodeling,Remodeling,44604,2026-04,Remodeling,244,2318,1281,,As soon as possible
job_000836,Remodeling,Remodeling,39339,2026-02,Remodeling,167,1685,926,,I'm flexible
job_000837,Chimney,Chimney,85093,2026-01,Chimney,195,1931,1063,,Within 1-2 weeks
job_000838,Electrical,Wiring,90476,2026-01,Install new outlets in kitchen,170,1632,901,,Within 1 month
job_000839,Moving,Moving,37101,2026-02,Moving,163,1734,948,,I'm flexible
job_000840,Cleaning,Window Washing,60393,2026-02,Window washing service,100,797,448,,I'm flexible
job_000841,Chimney,Chimney,64231,2026-04,Chimney,199,2225,1212,,Within 1-2 weeks
job_000842,Chimney,Chimney,54840,2026-03,Chimney,162,2258,1210,,Within 1 month
job_000843,Auto,Auto,39778,2026-04,Auto,233,2429,1331,,Within 1 month
job_000844,Pool,Pool,93962,2026-03,Pool,204,2157,1180,,Within 1-2 weeks
job_000845,Painting,Interior,89362,2026-02,Exterior house painting,255,3046,1650,,As soon as possible
job_000846,General Contractor,General Contractor,10773,2026-03,General Contractor,1225,10311,5768,,I'm flexible
job_000847,Exterior,Exterior,30129,2026-03,Exterior,523,3083,1803,,Within 1 month
job_000848,Painting,Exterior,69081,2026-03,Paint interior bedroom walls,260,2262,1261,,Within 1 month
job_000849,Pest Control,Bed Bugs,74291,2026-03,"Bed bug heat treatment, 2BR apartment",292,2406,1349,,Within 1-2 weeks
job_000850,Flooring,Flooring,75283,2026-04,Flooring,237,1954,1095,,As soon as possible
job_000851,Remodeling,Remodeling,10009,2026-02,Remodeling,229,1870,1049,,Within 1-2 weeks
job_000852,Roofing,Roofing,30153,2026-03,Roofing,196,2089,1142,,Within 1 month
job_000853,Pest Control,Rodents,70274,2026-01,Rodent control and sealing,243,2029,1136,,Within 1 month
job_000854,Moving,Moving,85447,2026-01,Moving,206,2087,1146,,As soon as possible
job_000855,Pool,Pool,96573,2026-03,Pool,191,2078,1134,,As soon as possible
job_000856,Landscaping,Landscaping,53389,2026-03,Landscaping,174,1140,657,,I'm flexible
job_000857,Exterior,Exterior,67818,2026-04,Exterior,449,2915,1682,,Within 1 month
job_000858,Remodeling,Remodeling,10269,2026-03,Remodeling,192,1719,955,,Within 1-2 weeks
job_000859,Electrical,Lighting,62582,2026-01,Install ceiling fan,121,2484,1302,,Within 1-2 weeks
job_000860,Painting,Interior,42419,2026-02,Cabinet refinishing,265,2203,1234,,Within 1-2 weeks
job_000861,Pest Control,Termites,76343,2026-03,Termite inspection and treatment,326,1508,917,,Within 1 month
job_000862,HVAC,Furnace Maintenance,33866,2026-01,Clean ductwork,212,3264,1738,,I'm flexible
job_000863,Plumbing,Fixture Installation,86865,2026-01,Fix leaking bathroom faucet,100,1323,711,,As soon as possible
job_000864,Landscaping,Landscaping,76401,2026-04,Landscaping,244,1284,764,,Within 1 month
job_000865,Cleaning,Carpet Cleaning,48156,2026-03,Carpet cleaning entire house,98,957,527,,Within 1-2 weeks
job_000866,HVAC,Thermostat,90504,2026-02,Clean ductwork,234,2523,1378,,Within 1-2 weeks
job_000867,Pool,Pool,99600,2026-01,Pool,173,2376,1274,,I'm flexible
job_000868,General Contractor,General Contractor,51233,2026-01,General Contractor,1032,10379,5705,,Within 1 month
job_000869,Plumbing,Fixture Installation,45014,2026-02,Install new water heater,111,1207,659,,As soon as possible
job_000870,Landscaping,Landscaping,17819,2026-04,Landscaping,156,1436,796,,Within 1-2 weeks
job_000871,Auto,Auto,68605,2026-01,Auto,185,1645,915,,Within 1-2 weeks
job_000872,Landscaping,Landscaping,14773,2026-04,Landscaping,197,1423,810,,Within 1-2 weeks
job_000873,Plumbing,Leak Repair,47031,2026-03,Fix leaking bathroom faucet,113,1156,634,,As soon as possible
job_000874,Cleaning,General Cleaning,53389,2026-01,Deep clean kitchen and bathrooms,88,1056,572,,Within 1-2 weeks
job_000875,Chimney,Chimney,12900,2026-01,Chimney,225,2485,1355,,Within 1-2 weeks
job_000876,HVAC,AC Repair,52615,2026-03,Install new thermostat,201,3002,1601,,Within 1-2 weeks
job_000877,HVAC,AC Repair,27346,2026-01,Clean ductwork,204,2548,1376,,As soon as possible
job_000878,Cleaning,Window Washing,52452,2026-03,"Exterior window wash, 2-story, 20 windows",81,902,491,,Within 1-2 weeks
job_000879,Chimney,Chimney,65514,2026-04,Chimney,224,2367,1295,,Within 1-2 weeks
job_000880,Exterior,Exterior,19474,2026-01,Exterior,569,2748,1658,,As soon as possible
job_000881,Landscaping,Landscaping,61334,2026-03,Landscaping,194,1258,726,,Within 1 month
job_000882,Auto,Auto,34720,2026-04,Auto,248,2355,1301,,I'm flexible
job_000883,Exterior,Exterior,81352,2026-02,Exterior,468,3048,1758,,I'm flexible
job_000884,Landscaping,Landscaping,24833,2026-02,Landscaping,159,1601,880,,As soon as possible
job_000885,Moving,Moving,99903,2026-04,Moving,154,2287,1220,,I'm flexible
job_000886,Flooring,Flooring,15999,2026-03,Flooring,166,1886,1026,,As soon as possible
job_000887,Moving,Moving,21122,2026-02,Moving,191,2175,1183,,I'm flexible
job_000888,Electrical,Outlet Installation,49526,2026-01,Install ceiling fan,184,2474,1329,,I'm flexible
job_000889,Moving,Moving,71776,2026-02,Moving,219,2470,1344,,I'm flexible
job_000890,General Contractor,General Contractor,58892,2026-03,General Contractor,1017,7939,4478,,I'm flexible
job_000891,General Contractor,General Contractor,25675,2026-04,General Contractor,1051,10323,5687,,As soon as possible
job_000892,Roofing,Roofing,95695,2026-01,Roofing,185,1741,963,,I'm flexible
job_000893,Cleaning,Carpet Cleaning,36227,2026-01,"Exterior window wash, 2-story, 20 windows",99,1021,560,,I'm flexible
job_000894,Appliance Repair,Appliance Repair,36378,2026-02,Appliance Repair,229,2216,1222,,As soon as possible
job_000895,Handyman,Handyman,33587,2026-04,Handyman,60,528,294,,Within 1 month
job_000896,Auto,Auto,24667,2026-04,Auto,225,1686,955,,As soon as possible
job_000897,Plumbing,Water Heater Replacement,10773,2026-02,Replace kitchen sink shutoff valve (you supply valve),114,1753,933,,Within 1 month
job_000898,Moving,Moving,84148,2026-03,Moving,166,1567,866,,Within 1-2 weeks
job_000899,Painting,Interior,73719,2026-02,Paint interior bedroom walls,355,2092,1223,,I'm flexible
job_000900,General Contractor,General Contractor,15154,2026-02,General Contractor,882,8467,4674,,As soon as possible
job_000901,Flooring,Flooring,32049,2026-03,Flooring,227,2257,1242,,As soon as possible
job_000902,HVAC,Thermostat,83048,2026-03,Furnace service before winter,152,2899,1525,,I'm flexible
job_000903,Plumbing,Drain Cleaning,40610,2026-03,Fix leaking bathroom faucet,96,1478,787,,As soon as possible
job_000904,Flooring,Flooring,19954,2026-01,Flooring,186,2299,1242,,Within 1 month
job_000905,Pool,Pool,64007,2026-02,Pool,166,1605,885,,I'm flexible
job_000906,Handyman,Handyman,79331,2026-03,Handyman,72,550,311,,Within 1-2 weeks
job_000907,Remodeling,Remodeling,52887,2026-03,Remodeling,196,2354,1275,,Within 1 month
job_000908,General Contractor,General Contractor,40054,2026-01,General Contractor,1073,10937,6005,,Within 1 month
job_000909,Exterior,Exterior,27772,2026-01,Exterior,465,2904,1684,,I'm flexible
job_000910,HVAC,AC Repair,60154,2026-03,AC unit repair and maintenance,173,3542,1857,,As soon as possible
job_000911,Chimney,Chimney,79479,2026-04,Chimney,195,2279,1237,,Within 1-2 weeks
job_000912,Pest Control,Bed Bugs,97337,2026-02,Termite inspection and treatment,244,2088,1166,,I'm flexible
job_000913,Plumbing,Fixture Installation,71687,2026-02,Fix leaking bathroom faucet,107,1273,690,,Within 1 month
job_000914,Remodeling,Remodeling,43985,2026-04,Remodeling,217,1834,1025,,As soon as possible
job_000915,Moving,Moving,41207,2026-01,Moving,156,2492,1324,,I'm flexible
job_000916,Painting,Cabinet,99141,2026-03,Exterior house painting,235,2099,1167,,Within 1 month
job_000917,Plumbing,Drain Cleaning,85465,2026-02,Replace kitchen sink shutoff valve (you supply valve),121,1731,926,,I'm flexible
job_000918,Pest Control,Bed Bugs,69203,2026-02,General pest control service,279,1566,922,,As soon as possible
job_000919,Painting,Exterior,19071,2026-03,Trim painting,368,2064,1216,,Within 1-2 weeks
job_000920,Pest Control,General,90096,2026-02,General pest control service,303,2430,1366,,Within 1-2 weeks
job_000921,Appliance Repair,Appliance Repair,66560,2026-03,Appliance Repair,219,2228,1223,,Within 1-2 weeks
job_000922,Plumbing,Water Heater Replacement,35547,2026-04,Replace kitchen sink shutoff valve (you supply valve),82,1650,866,,Within 1-2 weeks
job_000923,Cleaning,Window Washing,89048,2026-04,"Exterior window wash, 2-story, 20 windows",90,1222,656,,Within 1-2 weeks
job_000924,Pool,Pool,44410,2026-03,Pool,200,1583,891,,Within 1 month
job_000925,Painting,Exterior,60484,2026-03,Exterior house painting,251,2355,1303,,As soon as possible
job_000926,Cleaning,Window Washing,49799,2026-02,Deep clean kitchen and bathrooms,115,1011,563,,As soon as possible
job_000927,Landscaping,Landscaping,89829,2026-01,Landscaping,248,1473,860,,As soon as possible
job_000928,HVAC,Ductwork,83045,2026-03,Clean ductwork,171,3294,1732,,As soon as possible
job_000929,Exterior,Exterior,22003,2026-04,Exterior,415,2757,1586,,As soon as possible
job_000930,HVAC,Ductwork,39251,2026-01,AC unit repair and maintenance,222,2552,1387,,Within 1-2 weeks
job_000931,Roofing,Roofing,30761,2026-02,Roofing,201,2422,1311,,Within 1 month
job_000932,HVAC,Ductwork,22535,2026-02,Clean ductwork,221,2560,1390,,As soon as possible
job_000933,Auto,Auto,52452,2026-01,Auto,158,2135,1146,,Within 1-2 weeks
job_000934,Roofing,Roofing,67244,2026-03,Roofing,242,1637,939,,As soon as possible
job_000935,Landscaping,Landscaping,44904,2026-03,Landscaping,167,1556,861,,I'm flexible
job_000936,Pool,Pool,12007,2026-03,Pool,226,1854,1040,,As soon as possible
job_000937,Remodeling,Remodeling,58032,2026-02,Remodeling,241,2006,1123,,Within 1-2 weeks
job_000938,Landscaping,Landscaping,20144,2026-02,Landscaping,211,1249,730,,Within 1 month
job_000939,HVAC,Furnace Maintenance,56879,2026-03,Furnace service before winter,190,3162,1676,,Within 1 month
job_000940,Flooring,Flooring,44604,2026-03,Flooring,204,1829,1016,,I'm flexible
job_000941,Handyman,Handyman,61156,2026-03,Handyman,83,531,307,,I'm flexible
job_000942,Pool,Pool,85532,2026-01,Pool,202,1858,1030,,Within 1 month
job_000943,Remodeling,Remodeling,84872,2026-02,Remodeling,250,1613,931,,Within 1-2 weeks
job_000944,Electrical,Lighting,51030,2026-01,Install ceiling fan,152,1645,898,,Within 1 month
job_000945,Painting,Exterior,83717,2026-04,Cabinet refinishing,247,2308,1277,,Within 1 month
job_000946,Remodeling,Remodeling,41627,2026-04,Remodeling,183,1614,898,,Within 1-2 weeks
job_000947,Auto,Auto,40054,2026-01,Auto,168,2150,1159,,I'm flexible
job_000948,Painting,Interior,42612,2026-02,Exterior house painting,289,2220,1254,,I'm flexible
job_000949,Cleaning,Window Washing,39251,2026-04,Carpet cleaning entire house,83,881,482,,Within 1-2 weeks
job_000950,Painting,Interior,72862,2026-04,Cabinet refinishing,256,2145,1200,,As soon as possible
job_000951,Plumbing,Water Heater Replacement,76813,2026-04,Clear clogged drain,90,1533,811,,Within 1-2 weeks
job_000952,Roofing,Roofing,10864,2026-01,Roofing,169,1768,968,,Within 1 month
job_000953,General Contractor,General Contractor,97585,2026-03,General Contractor,1235,12230,6732,,Within 1 month
job_000954,General Contractor,General Contractor,59888,2026-02,General Contractor,1040,8623,4831,,Within 1-2 weeks
job_000955,General Contractor,General Contractor,70805,2026-04,General Contractor,1174,10953,6063,,Within 1-2 weeks
job_000956,Remodeling,Remodeling,77220,2026-03,Remodeling,237,2159,1198,,As soon as possible
job_000957,Appliance Repair,Appliance Repair,28958,2026-02,Appliance Repair,154,2103,1128,,Within 1 month
job_000958,Pest Control,Rodents,88178,2026-01,Rodent control and sealing,239,1620,929,,As soon as possible
job_000959,Roofing,Roofing,35713,2026-04,Roofing,229,2219,1224,,As soon as possible
job_000960,Flooring,Flooring,65478,2026-02,Flooring,231,1716,973,,Within 1-2 weeks
job_000961,Landscaping,Landscaping,48184,2026-04,Landscaping,215,1652,933,,Within 1-2 weeks
job_000962,General Contractor,General Contractor,41801,2026-01,General Contractor,821,12296,6558,,Within 1 month
job_000963,Moving,Moving,45012,2026-02,Moving,195,2072,1133,,As soon as possible
job_000964,Landscaping,Landscaping,75159,2026-04,Landscaping,196,1342,769,,Within 1 month
job_000965,Plumbing,Water Heater Replacement,68050,2026-04,Clear clogged drain,112,1140,626,,As soon as possible
job_000966,Painting,Interior,98838,2026-03,Trim painting,271,2809,1540,,Within 1-2 weeks
job_000967,Electrical,Outlet Installation,95468,2026-03,Install new outlets in kitchen,135,2046,1090,,I'm flexible
job_000968,Chimney,Chimney,34365,2026-03,Chimney,172,1885,1028,,Within 1 month
job_000969,Roofing,Roofing,10114,2026-01,Roofing,150,1856,1003,,Within 1 month
job_000970,Painting,Exterior,34720,2026-02,Cabinet refinishing,287,2548,1417,,Within 1 month
job_000971,Remodeling,Remodeling,79074,2026-04,Remodeling,151,2485,1318,,Within 1 month
job_000972,Flooring,Flooring,58130,2026-04,Flooring,177,1800,988,,Within 1 month
job_000973,Flooring,Flooring,72459,2026-04,Flooring,203,1829,1016,,I'm flexible
job_000974,Pool,Pool,53787,2026-03,Pool,180,1589,884,,I'm flexible
job_000975,Painting,Cabinet,94355,2026-01,Exterior house painting,227,3054,1640,,Within 1 month
job_000976,Chimney,Chimney,49332,2026-04,Chimney,207,2265,1236,,Within 1 month
job_000977,Pool,Pool,23654,2026-01,Pool,191,1759,975,,Within 1-2 weeks
job_000978,Appliance Repair,Appliance Repair,23008,2026-03,Appliance Repair,181,1796,988,,I'm flexible
job_000979,Exterior,Exterior,15831,2026-03,Exterior,403,3195,1799,,As soon as possible
job_000980,HVAC,Furnace Maintenance,36227,2026-04,AC unit repair and maintenance,190,2800,1495,,Within 1-2 weeks
job_000981,Landscaping,Landscaping,59514,2026-03,Landscaping,191,1248,719,,I'm flexible
job_000982,Appliance Repair,Appliance Repair,70274,2026-02,Appliance Repair,166,1751,958,,I'm flexible
job_000983,Pest Control,Bed Bugs,78636,2026-02,"Bed bug heat treatment, 2BR apartment",343,2343,1343,,I'm flexible
job_000984,Exterior,Exterior,82412,2026-03,Exterior,477,2482,1479,,As soon as possible
job_000985,Electrical,Wiring,48049,2026-02,Install new outlets in kitchen,141,2388,1264,,Within 1-2 weeks
job_000986,Electrical,Outlet Installation,37228,2026-03,Repair faulty electrical panel,132,1599,865,,Within 1 month
job_000987,Exterior,Exterior,13652,2026-01,Exterior,440,2769,1604,,I'm flexible
job_000988,Chimney,Chimney,59295,2026-02,Chimney,172,2449,1310,,Within 1-2 weeks
job_000989,Pool,Pool,81659,2026-03,Pool,163,2029,1096,,As soon as possible
job_000990,Auto,Auto,82583,2026-01,Auto,187,2134,1160,,Within 1-2 weeks
job_000991,Auto,Auto,17227,2026-02,Auto,212,2244,1228,,Within 1-2 weeks
job_000992,Plumbing,Drain Cleaning,14490,2026-04,Clear clogged drain,93,1346,719,,As soon as possible
job_000993,Pest Control,Termites,24822,2026-04,"Bed bug heat treatment, 2BR apartment",340,1571,955,,I'm flexible
job_000994,Plumbing,Fixture Installation,20454,2026-01,Replace kitchen sink shutoff valve (you supply valve),111,1852,981,,Within 1-2 weeks
job_000995,Pest Control,Termites,88825,2026-03,Rodent control and sealing,306,1767,1036,,As soon as possible
job_000996,Chimney,Chimney,95127,2026-01,Chimney,217,1561,889,,Within 1 month
job_000997,Flooring,Flooring,98968,2026-04,Flooring,194,2176,1185,,Within 1 month
job_000998,Painting,Interior,96896,2026-03,Paint interior bedroom walls,355,2552,1453,,As soon as possible
job_000999,Plumbing,Fixture Installation,41350,2026-02,Fix leaking bathroom faucet,75,1571,823,,Within 1 month
job_001000,Chimney,Chimney,79831,2026-02,Chimney,177,2070,1123,,I'm flexible
job_001001,Cleaning,General Cleaning,23172,2026-02,"Exterior window wash, 2-story, 20 windows",113,1102,607,,As soon as possible
job_001002,Painting,Exterior,62585,2026-01,Trim painting,314,2096,1205,,As soon as possible
job_001003,Chimney,Chimney,52487,2026-04,Chimney,175,1866,1020,,I'm flexible
job_001004,Painting,Cabinet,66412,2026-04,Paint interior bedroom walls,358,2626,1492,,I'm flexible
job_001005,Moving,Moving,91474,2026-04,Moving,244,2270,1257,,I'm flexible
job_001006,HVAC,Furnace Maintenance,34482,2026-04,Clean ductwork,242,2698,1470,,Within 1 month
job_001007,Electrical,Wiring,17819,2026-02,Repair faulty electrical panel,171,2232,1201,,Within 1 month
job_001008,Landscaping,Landscaping,90112,2026-04,Landscaping,189,1354,771,,I'm flexible
job_001009,Flooring,Flooring,89713,2026-02,Flooring,207,1667,937,,I'm flexible
job_001010,Remodeling,Remodeling,74678,2026-02,Remodeling,214,2469,1341,,Within 1 month
job_001011,Plumbing,Fixture Installation,44604,2026-04,Replace kitchen sink shutoff valve (you supply valve),124,1625,874,,Within 1 month
job_001012,Auto,Auto,16098,2026-04,Auto,174,2482,1328,,I'm flexible
job_001013,Pool,Pool,15640,2026-02,Pool,156,1996,1076,,Within 1 month
job_001014,Auto,Auto,57259,2026-01,Auto,202,2226,1214,,As soon as possible
job_001015,Pest Control,Bed Bugs,31945,2026-02,General pest control service,226,2033,1129,,I'm flexible
job_001016,Pest Control,Termites,32308,2026-02,General pest control service,307,1804,1055,,Within 1 month
job_001017,Electrical,Outlet Installation,58755,2026-02,Repair faulty electrical panel,144,2200,1172,,Within 1 month
job_001018,Pest Control,Bed Bugs,74105,2026-03,Termite inspection and treatment,226,2046,1136,,I'm flexible
job_001019,Pest Control,Bed Bugs,19048,2026-01,Rodent control and sealing,227,2297,1262,,Within 1-2 weeks
job_001020,Auto,Auto,46991,2026-01,Auto,228,1534,881,,As soon as possible
job_001021,Remodeling,Remodeling,99039,2026-01,Remodeling,183,2297,1240,,I'm flexible
job_001022,Appliance Repair,Appliance Repair,78613,2026-01,Appliance Repair,225,2395,1310,,I'm flexible
job_001023,Moving,Moving,56879,2026-01,Moving,181,2499,1340,,As soon as possible
job_001024,Exterior,Exterior,81489,2026-01,Exterior,445,3517,1981,,Within 1-2 weeks
job_001025,Remodeling,Remodeling,13782,2026-04,Remodeling,203,2261,1232,,I'm flexible
job_001026,Chimney,Chimney,84018,2026-04,Chimney,196,1943,1069,,I'm flexible
job_001027,Auto,Auto,20625,2026-02,Auto,233,1854,1043,,As soon as possible
job_001028,Electrical,Wiring,24263,2026-03,Replace light switches,133,2386,1259,,I'm flexible
job_001029,Pool,Pool,24020,2026-02,Pool,216,2401,1308,,I'm flexible
job_001030,Pest Control,Termites,14446,2026-01,Termite inspection and treatment,327,2217,1272,,Within 1 month
job_001031,Moving,Moving,83366,2026-04,Moving,186,2371,1278,,Within 1 month
job_001032,Remodeling,Remodeling,38080,2026-03,Remodeling,236,1812,1024,,Within 1-2 weeks
job_001033,Electrical,Lighting,22622,2026-03,Install ceiling fan,116,2415,1265,,Within 1-2 weeks
job_001034,HVAC,Thermostat,33723,2026-02,Install new thermostat,188,2808,1498,,I'm flexible
job_001035,Electrical,Wiring,85548,2026-04,Replace light switches,140,1794,967,,Within 1-2 weeks
job_001036,Handyman,Handyman,72675,2026-01,Handyman,79,595,337,,Within 1-2 weeks
job_001037,Pest Control,Bed Bugs,70188,2026-04,General pest control service,280,2175,1227,,Within 1-2 weeks
job_001038,Moving,Moving,17792,2026-03,Moving,249,1582,915,,I'm flexible
job_001039,Plumbing,Fixture Installation,93341,2026-04,Fix leaking bathroom faucet,81,1798,939,,Within 1 month
job_001040,Painting,Cabinet,11907,2026-02,Cabinet refinishing,293,2036,1164,,Within 1 month
job_001041,HVAC,Thermostat,33723,2026-01,Clean ductwork,204,2365,1284,,As soon as possible
job_001042,Electrical,Panel Upgrade,33784,2026-03,Replace light switches,187,2120,1153,,I'm flexible
job_001043,HVAC,Ductwork,74875,2026-03,Install new thermostat,202,3521,1861,,Within 1 month
job_001044,Chimney,Chimney,73420,2026-03,Chimney,168,1826,997,,I'm flexible
job_001045,Pool,Pool,60165,2026-04,Pool,184,2224,1204,,I'm flexible
job_001046,Chimney,Chimney,37062,2026-01,Chimney,155,2136,1145,,As soon as possible
job_001047,Pool,Pool,26792,2026-02,Pool,222,1931,1076,,As soon as possible
job_001048,Flooring,Flooring,35905,2026-03,Flooring,201,2133,1167,,Within 1 month
job_001049,Appliance Repair,Appliance Repair,67287,2026-02,Appliance Repair,228,1552,890,,Within 1 month
job_001050,Painting,Exterior,44904,2026-03,Trim painting,334,2519,1426,,I'm flexible
job_001051,Chimney,Chimney,36601,2026-02,Chimney,229,2088,1158,,Within 1-2 weeks
job_001052,Chimney,Chimney,99141,2026-03,Chimney,171,1810,990,,Within 1-2 weeks
job_001053,Auto,Auto,51619,2026-04,Auto,164,2121,1142,,As soon as possible
job_001054,Handyman,Handyman,36701,2026-03,Handyman,63,427,245,,Within 1-2 weeks
job_001055,General Contractor,General Contractor,72707,2026-03,General Contractor,1163,12024,6593,,I'm flexible
job_001056,Electrical,Lighting,91091,2026-02,Install new outlets in kitchen,147,1686,916,,I'm flexible
job_001057,Painting,Cabinet,57466,2026-01,Exterior house painting,254,2067,1160,,As soon as possible
job_001058,Chimney,Chimney,86235,2026-02,Chimney,246,1815,1030,,I'm flexible
job_001059,General Contractor,General Contractor,42749,2026-03,General Contractor,1121,11518,6319,,I'm flexible
job_001060,Chimney,Chimney,12525,2026-04,Chimney,157,1701,929,,As soon as possible
job_001061,Roofing,Roofing,18341,2026-03,Roofing,245,1530,887,,Within 1-2 weeks
job_001062,Remodeling,Remodeling,62365,2026-02,Remodeling,244,2341,1292,,As soon as possible
job_001063,General Contractor,General Contractor,72455,2026-02,General Contractor,917,12250,6583,,Within 1 month
job_001064,Electrical,Outlet Installation,56266,2026-01,Install ceiling fan,175,1683,929,,As soon as possible
job_001065,HVAC,Ductwork,11622,2026-01,Furnace service before winter,213,3065,1639,,Within 1 month
job_001066,Auto,Auto,37309,2026-01,Auto,246,1743,994,,Within 1-2 weeks
job_001067,Electrical,Panel Upgrade,17407,2026-04,Install ceiling fan,116,2472,1294,,Within 1 month
job_001068,Chimney,Chimney,84192,2026-03,Chimney,180,2002,1091,,I'm flexible
job_001069,Landscaping,Landscaping,94247,2026-01,Landscaping,244,1599,921,,I'm flexible
job_001070,Cleaning,Window Washing,64735,2026-03,Deep clean kitchen and bathrooms,76,1205,640,,Within 1 month
job_001071,HVAC,Thermostat,67818,2026-04,Furnace service before winter,202,2900,1551,,Within 1 month
job_001072,Flooring,Flooring,19480,2026-01,Flooring,189,1700,944,,As soon as possible
job_001073,HVAC,AC Repair,88650,2026-01,Furnace service before winter,213,3573,1893,,As soon as possible
job_001074,Landscaping,Landscaping,19144,2026-02,Landscaping,247,1836,1041,,Within 1-2 weeks
job_001075,Exterior,Exterior,84955,2026-02,Exterior,602,2865,1733,,I'm flexible
job_001076,Flooring,Flooring,79577,2026-04,Flooring,246,2152,1199,,As soon as possible
job_001077,Pest Control,Termites,38113,2026-01,Rodent control and sealing,245,1770,1007,,Within 1-2 weeks
job_001078,Auto,Auto,27765,2026-02,Auto,201,1823,1012,,Within 1-2 weeks
job_001079,Cleaning,Window Washing,25769,2026-02,Deep clean kitchen and bathrooms,95,1219,657,,Within 1-2 weeks
job_001080,General Contractor,General Contractor,88915,2026-04,General Contractor,769,9573,5171,,As soon as possible
job_001081,Cleaning,Carpet Cleaning,90603,2026-02,"Exterior window wash, 2-story, 20 windows",100,1172,636,,Within 1 month
job_001082,Roofing,Roofing,94392,2026-04,Roofing,173,2088,1130,,Within 1-2 weeks
job_001083,Moving,Moving,39339,2026-03,Moving,207,1756,981,,I'm flexible
job_001084,Electrical,Wiring,39406,2026-03,Repair faulty electrical panel,157,1837,997,,Within 1-2 weeks
job_001085,HVAC,Furnace Maintenance,90279,2026-01,Clean ductwork,159,2543,1351,,Within 1-2 weeks
job_001086,Landscaping,Landscaping,97587,2026-04,Landscaping,189,1764,976,,Within 1-2 weeks
job_001087,Cleaning,Carpet Cleaning,19767,2026-02,Window washing service,113,1150,631,,Within 1-2 weeks
job_001088,Plumbing,Fixture Installation,36307,2026-02,Clear clogged drain,122,1178,650,,As soon as possible
job_001089,Auto,Auto,35717,2026-01,Auto,223,1683,953,,Within 1-2 weeks
job_001090,Pest Control,Termites,19480,2026-03,Rodent control and sealing,267,2077,1172,,Within 1 month
job_001091,Pool,Pool,20824,2026-02,Pool,181,1995,1088,,I'm flexible
job_001092,Pest Control,Rodents,25848,2026-02,General pest control service,314,1775,1044,,Within 1-2 weeks
job_001093,Appliance Repair,Appliance Repair,86926,2026-04,Appliance Repair,215,1866,1040,,Within 1 month
job_001094,Pool,Pool,16726,2026-01,Pool,245,1798,1021,,Within 1 month
job_001095,General Contractor,General Contractor,31253,2026-03,General Contractor,1111,10547,5829,,Within 1-2 weeks
job_001096,Flooring,Flooring,88520,2026-04,Flooring,219,1776,997,,Within 1-2 weeks
job_001097,Pest Control,Rodents,66053,2026-01,"Bed bug heat treatment, 2BR apartment",364,2037,1200,,Within 1 month
job_001098,Handyman,Handyman,11916,2026-01,Handyman,57,496,276,,As soon as possible
job_001099,Auto,Auto,21519,2026-04,Auto,219,1523,871,,As soon as possible
job_001100,Electrical,Outlet Installation,95916,2026-03,Replace light switches,129,2400,1264,,Within 1-2 weeks
job_001101,Cleaning,Carpet Cleaning,33829,2026-03,Deep clean kitchen and bathrooms,101,1075,588,,I'm flexible
job_001102,Handyman,Handyman,51263,2026-01,Handyman,69,402,235,,Within 1-2 weeks
job_001103,Exterior,Exterior,87620,2026-01,Exterior,416,3462,1939,,Within 1 month
job_001104,Cleaning,General Cleaning,98187,2026-02,Carpet cleaning entire house,122,794,458,,I'm flexible
job_001105,Landscaping,Landscaping,79331,2026-04,Landscaping,151,1365,758,,I'm flexible
job_001106,Electrical,Wiring,74291,2026-02,Install new outlets in kitchen,178,1674,926,,Within 1 month
job_001107,Pool,Pool,84746,2026-03,Pool,163,1501,832,,Within 1-2 weeks
job_001108,Plumbing,Fixture Installation,30129,2026-02,Fix leaking bathroom faucet,95,1745,920,,I'm flexible
job_001109,Painting,Cabinet,93671,2026-03,Cabinet refinishing,259,2824,1541,,As soon as possible
job_001110,Painting,Exterior,55308,2026-04,Paint interior bedroom walls,338,2343,1340,,Within 1-2 weeks
job_001111,Remodeling,Remodeling,83688,2026-01,Remodeling,153,1998,1075,,Within 1 month
job_001112,Cleaning,General Cleaning,79331,2026-02,Window washing service,93,1055,574,,Within 1-2 weeks
job_001113,Cleaning,Window Washing,25457,2026-03,Carpet cleaning entire house,117,1214,665,,Within 1 month
job_001114,Roofing,Roofing,70477,2026-03,Roofing,239,2082,1160,,Within 1-2 weeks
job_001115,Handyman,Handyman,45088,2026-01,Handyman,89,450,269,,As soon as possible
job_001116,Auto,Auto,35916,2026-04,Auto,216,1761,988,,Within 1-2 weeks
job_001117,Landscaping,Landscaping,13456,2026-04,Landscaping,212,1649,930,,As soon as possible
job_001118,Auto,Auto,10900,2026-02,Auto,229,1601,915,,Within 1-2 weeks
job_001119,Exterior,Exterior,22522,2026-04,Exterior,519,2953,1736,,Within 1 month
job_001120,Auto,Auto,30468,2026-02,Auto,243,1688,965,,As soon as possible
job_001121,Painting,Cabinet,77016,2026-02,Cabinet refinishing,271,2428,1349,,As soon as possible
job_001122,Pest Control,Rodents,43458,2026-01,"Bed bug heat treatment, 2BR apartment",290,1831,1060,,As soon as possible
job_001123,Exterior,Exterior,65478,2026-04,Exterior,570,3253,1911,,Within 1 month
job_001124,Electrical,Wiring,85705,2026-02,Install new outlets in kitchen,124,1681,902,,I'm flexible
job_001125,Electrical,Lighting,36677,2026-03,Install ceiling fan,158,1925,1041,,As soon as possible
job_001126,Pool,Pool,84746,2026-03,Pool,165,2069,1117,,I'm flexible
job_001127,Pest Control,General,68301,2026-01,Termite inspection and treatment,375,1599,987,,As soon as possible
job_001128,Flooring,Flooring,90097,2026-02,Flooring,250,2021,1135,,Within 1 month
job_001129,Pool,Pool,40578,2026-03,Pool,154,2005,1079,,As soon as possible
job_001130,Landscaping,Landscaping,83766,2026-03,Landscaping,159,1740,949,,Within 1 month
job_001131,Roofing,Roofing,38080,2026-02,Roofing,237,1537,887,,Within 1 month
job_001132,General Contractor,General Contractor,46859,2026-01,General Contractor,786,9583,5184,,As soon as possible
job_001133,Landscaping,Landscaping,44410,2026-04,Landscaping,150,1667,908,,Within 1 month
job_001134,Remodeling,Remodeling,35717,2026-01,Remodeling,173,2487,1330,,I'm flexible
job_001135,Handyman,Handyman,11907,2026-04,Handyman,87,382,234,,Within 1 month
job_001136,Plumbing,Leak Repair,90504,2026-02,Clear clogged drain,110,1331,720,,Within 1-2 weeks
job_001137,Auto,Auto,48156,2026-02,Auto,184,1504,844,,I'm flexible
job_001138,Flooring,Flooring,84649,2026-01,Flooring,152,2103,1127,,As soon as possible
job_001139,Cleaning,General Cleaning,50202,2026-01,Carpet cleaning entire house,95,1201,648,,I'm flexible
job_001140,Roofing,Roofing,84872,2026-03,Roofing,230,2000,1115,,Within 1 month
job_001141,General Contractor,General Contractor,54484,2026-02,General Contractor,1245,11736,6490,,As soon as possible
job_001142,General Contractor,General Contractor,28698,2026-03,General Contractor,1143,11900,6521,,As soon as possible
job_001143,Cleaning,Window Washing,86080,2026-03,Deep clean kitchen and bathrooms,109,1004,556,,Within 1 month
job_001144,Plumbing,Fixture Installation,64807,2026-02,Install new water heater,78,1520,799,,Within 1-2 weeks
job_001145,Landscaping,Landscaping,79331,2026-04,Landscaping,229,1178,703,,I'm flexible
job_001146,General Contractor,General Contractor,81671,2026-01,General Contractor,948,12072,6510,,Within 1 month
job_001147,Exterior,Exterior,23793,2026-03,Exterior,605,3299,1952,,As soon as possible
job_001148,Pest Control,Bed Bugs,95695,2026-01,Termite inspection and treatment,312,2407,1359,,Within 1 month
job_001149,General Contractor,General Contractor,96896,2026-01,General Contractor,940,10066,5503,,I'm flexible
job_001150,Electrical,Outlet Installation,80122,2026-04,Replace light switches,173,1995,1084,,Within 1 month
job_001151,HVAC,Thermostat,66412,2026-02,AC unit repair and maintenance,212,2477,1344,,I'm flexible
job_001152,Exterior,Exterior,55273,2026-03,Exterior,432,2550,1491,,As soon as possible
job_001153,Handyman,Handyman,30945,2026-03,Handyman,66,382,224,,As soon as possible
job_001154,Flooring,Flooring,54703,2026-02,Flooring,236,2122,1179,,I'm flexible
job_001155,Exterior,Exterior,25798,2026-03,Exterior,578,2802,1690,,Within 1 month
job_001156,Appliance Repair,Appliance Repair,81232,2026-01,Appliance Repair,241,2424,1332,,Within 1 month
job_001157,Pest Control,General,75507,2026-03,General pest control service,274,2475,1374,,Within 1-2 weeks
job_001158,Auto,Auto,47957,2026-04,Auto,206,1947,1076,,As soon as possible
job_001159,Roofing,Roofing,98724,2026-04,Roofing,238,1596,917,,As soon as possible
job_001160,Remodeling,Remodeling,72655,2026-02,Remodeling,198,1674,936,,Within 1 month
job_001161,Exterior,Exterior,90279,2026-03,Exterior,435,2855,1645,,Within 1 month
job_001162,Pool,Pool,67013,2026-01,Pool,182,2296,1239,,I'm flexible
job_001163,Appliance Repair,Appliance Repair,17490,2026-04,Appliance Repair,188,1991,1089,,Within 1 month
job_001164,Pool,Pool,53432,2026-03,Pool,176,2479,1327,,As soon as possible
job_001165,Pool,Pool,74305,2026-02,Pool,188,1767,977,,Within 1 month
job_001166,Auto,Auto,81731,2026-01,Auto,167,1818,992,,I'm flexible
job_001167,Painting,Interior,88915,2026-03,Paint interior bedroom walls,304,2744,1524,,As soon as possible
job_001168,Auto,Auto,15707,2026-02,Auto,198,2370,1284,,Within 1 month
job_001169,Pest Control,Bed Bugs,79512,2026-04,Rodent control and sealing,269,2170,1219,,Within 1 month
job_001170,Flooring,Flooring,14948,2026-04,Flooring,225,1894,1059,,As soon as possible
job_001171,Auto,Auto,29409,2026-02,Auto,161,2308,1234,,As soon as possible
job_001172,Painting,Exterior,72061,2026-04,Paint interior bedroom walls,255,1900,1077,,Within 1 month
job_001173,General Contractor,General Contractor,74656,2026-01,General Contractor,1019,8358,4688,,Within 1 month
job_001174,Handyman,Handyman,36378,2026-04,Handyman,60,389,224,,Within 1 month
job_001175,Plumbing,Water Heater Replacement,14708,2026-03,Replace kitchen sink shutoff valve (you supply valve),105,1293,699,,I'm flexible
job_001176,Auto,Auto,89829,2026-03,Auto,232,2186,1209,,Within 1-2 weeks
job_001177,Landscaping,Landscaping,88520,2026-02,Landscaping,243,1395,819,,As soon as possible
job_001178,Appliance Repair,Appliance Repair,62582,2026-01,Appliance Repair,237,1564,900,,Within 1-2 weeks
job_001179,Landscaping,Landscaping,27167,2026-04,Landscaping,244,1333,788,,Within 1 month
job_001180,Pest Control,Bed Bugs,15989,2026-03,General pest control service,260,1700,980,,As soon as possible
job_001181,Auto,Auto,78956,2026-01,Auto,238,1643,940,,As soon as possible
job_001182,Electrical,Panel Upgrade,87491,2026-03,Install ceiling fan,139,2293,1216,,Within 1 month
job_001183,Cleaning,Carpet Cleaning,83045,2026-01,Carpet cleaning entire house,110,904,507,,Within 1-2 weeks
job_001184,Remodeling,Remodeling,87058,2026-04,Remodeling,189,1643,916,,As soon as possible
job_001185,Pest Control,Rodents,98156,2026-02,Rodent control and sealing,302,1799,1050,,As soon as possible
job_001186,Handyman,Handyman,80763,2026-04,Handyman,60,575,317,,Within 1-2 weeks
job_001187,Appliance Repair,Appliance Repair,47269,2026-03,Appliance Repair,223,1745,984,,Within 1-2 weeks
job_001188,Pool,Pool,58755,2026-04,Pool,207,1700,953,,Within 1-2 weeks
job_001189,Pest Control,General,75159,2026-02,"Bed bug heat treatment, 2BR apartment",274,2001,1137,,Within 1-2 weeks
job_001190,Exterior,Exterior,95695,2026-01,Exterior,467,2302,1384,,As soon as possible
job_001191,Cleaning,General Cleaning,58404,2026-03,Window washing service,83,1234,658,,Within 1-2 weeks
job_001192,Cleaning,Carpet Cleaning,36378,2026-01,Window washing service,121,1069,595,,Within 1 month
job_001193,Exterior,Exterior,23169,2026-03,Exterior,506,3466,1986,,As soon as possible
job_001194,General Contractor,General Contractor,60484,2026-04,General Contractor,1175,10038,5606,,Within 1 month
job_001195,Auto,Auto,48049,2026-04,Auto,209,1655,932,,I'm flexible
job_001196,Painting,Exterior,94392,2026-02,Trim painting,340,2369,1354,,Within 1 month
job_001197,Auto,Auto,28589,2026-02,Auto,183,1567,875,,Within 1-2 weeks
job_001198,Painting,Exterior,16808,2026-01,Trim painting,230,2613,1421,,Within 1-2 weeks
job_001199,Roofing,Roofing,91278,2026-02,Roofing,220,2099,1159,,Within 1-2 weeks
job_001200,Pest Control,Rodents,16941,2026-02,General pest control service,252,1973,1112,,I'm flexible
job_001201,Landscaping,Landscaping,40495,2026-02,Landscaping,152,1418,785,,As soon as possible
job_001202,General Contractor,General Contractor,22903,2026-02,General Contractor,1169,11223,6196,,Within 1-2 weeks
job_001203,Moving,Moving,26792,2026-03,Moving,155,2160,1157,,I'm flexible
job_001204,Flooring,Flooring,38955,2026-03,Flooring,214,2264,1239,,Within 1 month
job_001205,Pool,Pool,34482,2026-03,Pool,150,2280,1215,,Within 1 month
job_001206,Cleaning,General Cleaning,76371,2026-02,"Exterior window wash, 2-story, 20 windows",110,809,459,,Within 1 month
job_001207,Electrical,Outlet Installation,27050,2026-04,Install ceiling fan,127,1828,977,,As soon as possible
job_001208,Remodeling,Remodeling,53756,2026-04,Remodeling,242,2297,1269,,Within 1-2 weeks
job_001209,Pool,Pool,25769,2026-01,Pool,182,2176,1179,,I'm flexible
job_001210,Landscaping,Landscaping,59204,2026-03,Landscaping,193,1523,858,,Within 1-2 weeks
job_001211,General Contractor,General Contractor,68050,2026-01,General Contractor,1007,11685,6346,,Within 1-2 weeks
job_001212,Handyman,Handyman,90603,2026-01,Handyman,86,485,285,,I'm flexible
job_001213,Roofing,Roofing,90096,2026-04,Roofing,206,1970,1088,,I'm flexible
job_001214,Chimney,Chimney,17679,2026-04,Chimney,160,1735,947,,Within 1-2 weeks
job_001215,Appliance Repair,Appliance Repair,33227,2026-01,Appliance Repair,170,1637,903,,As soon as possible
job_001216,Cleaning,General Cleaning,64161,2026-02,Deep clean kitchen and bathrooms,90,915,502,,Within 1-2 weeks
job_001217,Appliance Repair,Appliance Repair,99758,2026-02,Appliance Repair,202,1728,965,,As soon as possible
job_001218,Electrical,Lighting,83688,2026-04,Install ceiling fan,186,2077,1131,,I'm flexible
job_001219,Appliance Repair,Appliance Repair,44410,2026-03,Appliance Repair,183,1624,903,,I'm flexible
job_001220,Remodeling,Remodeling,16098,2026-01,Remodeling,241,1846,1043,,I'm flexible
job_001221,Exterior,Exterior,83891,2026-01,Exterior,441,3089,1765,,Within 1 month
job_001222,Pest Control,Rodents,98793,2026-03,Termite inspection and treatment,350,1694,1022,,As soon as possible
job_001223,Exterior,Exterior,34143,2026-03,Exterior,465,2763,1614,,Within 1 month
job_001224,Roofing,Roofing,21122,2026-02,Roofing,166,2302,1234,,I'm flexible
job_001225,Landscaping,Landscaping,43046,2026-02,Landscaping,249,1388,818,,I'm flexible
job_001226,General Contractor,General Contractor,24986,2026-03,General Contractor,956,10157,5556,,As soon as possible
job_001227,Moving,Moving,97585,2026-04,Moving,164,2489,1326,,As soon as possible
job_001228,General Contractor,General Contractor,84955,2026-04,General Contractor,1180,9982,5581,,I'm flexible
job_001229,HVAC,Thermostat,31925,2026-01,Furnace service before winter,244,3553,1898,,Within 1 month
job_001230,Landscaping,Landscaping,46990,2026-02,Landscaping,232,1821,1026,,As soon as possible
job_001231,Pest Control,Termites,37719,2026-03,"Bed bug heat treatment, 2BR apartment",251,2431,1341,,As soon as possible
job_001232,Moving,Moving,19289,2026-03,Moving,182,2302,1242,,Within 1-2 weeks
job_001233,Moving,Moving,27772,2026-02,Moving,175,1596,885,,Within 1 month
job_001234,General Contractor,General Contractor,76726,2026-03,General Contractor,1155,10989,6072,,Within 1-2 weeks
job_001235,Flooring,Flooring,80425,2026-03,Flooring,224,1905,1064,,As soon as possible
job_001236,Painting,Cabinet,47121,2026-03,Exterior house painting,251,3021,1636,,Within 1-2 weeks
job_001237,Pest Control,Termites,52887,2026-04,Termite inspection and treatment,230,2359,1294,,I'm flexible
job_001238,Landscaping,Landscaping,18931,2026-03,Landscaping,211,1728,969,,I'm flexible
job_001239,Pest Control,Bed Bugs,99600,2026-04,Rodent control and sealing,232,2435,1333,,Within 1 month
job_001240,Landscaping,Landscaping,20625,2026-03,Landscaping,249,1848,1048,,Within 1 month
job_001241,Auto,Auto,71142,2026-04,Auto,243,1947,1095,,Within 1-2 weeks
job_001242,Pool,Pool,47240,2026-04,Pool,220,1956,1088,,Within 1-2 weeks
job_001243,Chimney,Chimney,35717,2026-02,Chimney,187,2119,1153,,Within 1-2 weeks
job_001244,Pest Control,Bed Bugs,84662,2026-01,General pest control service,333,1985,1159,,I'm flexible
job_001245,Painting,Exterior,96922,2026-03,Cabinet refinishing,237,2920,1578,,As soon as possible
job_001246,Pest Control,General,85532,2026-01,"Bed bug heat treatment, 2BR apartment",262,2160,1211,,Within 1-2 weeks
job_001247,Roofing,Roofing,90279,2026-03,Roofing,170,2452,1311,,Within 1-2 weeks
job_001248,Pest Control,Bed Bugs,72252,2026-03,General pest control service,358,2324,1341,,As soon as possible
job_001249,Roofing,Roofing,85705,2026-03,Roofing,152,1907,1029,,Within 1-2 weeks
job_001250,Plumbing,Leak Repair,45873,2026-03,Install new water heater,114,1513,813,,As soon as possible
job_001251,Landscaping,Landscaping,78522,2026-01,Landscaping,241,1870,1055,,I'm flexible
job_001252,Roofing,Roofing,74105,2026-02,Roofing,211,2033,1122,,Within 1 month
job_001253,Chimney,Chimney,48965,2026-01,Chimney,245,2089,1167,,Within 1 month
job_001254,Appliance Repair,Appliance Repair,21519,2026-03,Appliance Repair,177,1671,924,,As soon as possible
job_001255,Roofing,Roofing,16075,2026-02,Roofing,170,1961,1065,,Within 1-2 weeks
job_001256,Auto,Auto,12007,2026-02,Auto,235,2355,1295,,Within 1-2 weeks
job_001257,Remodeling,Remodeling,23036,2026-02,Remodeling,233,2213,1223,,I'm flexible
job_001258,Chimney,Chimney,23169,2026-02,Chimney,217,2267,1242,,I'm flexible
job_001259,Chimney,Chimney,83861,2026-04,Chimney,191,1858,1024,,I'm flexible
job_001260,General Contractor,General Contractor,55308,2026-01,General Contractor,933,11059,5996,,Within 1 month
job_001261,Plumbing,Drain Cleaning,49983,2026-03,Replace kitchen sink shutoff valve (you supply valve),83,1481,782,,I'm flexible
job_001262,General Contractor,General Contractor,82052,2026-03,General Contractor,888,11095,5991,,Within 1 month
job_001263,Chimney,Chimney,84018,2026-03,Chimney,213,2245,1229,,As soon as possible
job_001264,Painting,Cabinet,33587,2026-02,Paint interior bedroom walls,263,2595,1429,,I'm flexible
job_001265,Painting,Exterior,39333,2026-02,Trim painting,242,2513,1377,,Within 1 month
job_001266,Chimney,Chimney,58359,2026-04,Chimney,163,1938,1050,,Within 1 month
job_001267,General Contractor,General Contractor,74937,2026-01,General Contractor,1079,9459,5269,,I'm flexible
job_001268,Cleaning,Window Washing,74875,2026-01,Carpet cleaning entire house,77,945,511,,I'm flexible
job_001269,Plumbing,Fixture Installation,11914,2026-02,Clear clogged drain,86,1830,958,,I'm flexible
job_001270,Pool,Pool,70075,2026-03,Pool,160,2423,1291,,Within 1-2 weeks
job_001271,Pool,Pool,89829,2026-04,Pool,155,1610,882,,Within 1-2 weeks
job_001272,Remodeling,Remodeling,83048,2026-02,Remodeling,206,1828,1017,,I'm flexible
job_001273,Chimney,Chimney,95757,2026-01,Chimney,217,2290,1253,,I'm flexible
job_001274,Exterior,Exterior,31748,2026-02,Exterior,477,2702,1589,,As soon as possible
job_001275,Remodeling,Remodeling,33784,2026-02,Remodeling,187,1722,954,,As soon as possible
job_001276,Remodeling,Remodeling,10298,2026-02,Remodeling,169,2153,1161,,I'm flexible
job_001277,Landscaping,Landscaping,70842,2026-04,Landscaping,171,1509,840,,Within 1 month
job_001278,Remodeling,Remodeling,76384,2026-04,Remodeling,241,1760,1000,,Within 1 month
job_001279,Landscaping,Landscaping,34143,2026-01,Landscaping,216,1161,688,,As soon as possible
job_001280,HVAC,Furnace Maintenance,65514,2026-03,Install new thermostat,219,3317,1768,,As soon as possible
job_001281,Roofing,Roofing,41940,2026-02,Roofing,237,1518,877,,Within 1 month
job_001282,Exterior,Exterior,61378,2026-02,Exterior,482,3081,1781,,I'm flexible
job_001283,Chimney,Chimney,52452,2026-03,Chimney,246,2198,1222,,I'm flexible
job_001284,Plumbing,Fixture Installation,62648,2026-01,Replace kitchen sink shutoff valve (you supply valve),75,1223,649,,Within 1 month
job_001285,Cleaning,Carpet Cleaning,17227,2026-02,Window washing service,114,786,450,,As soon as possible
job_001286,Electrical,Lighting,59888,2026-04,Install ceiling fan,124,2084,1104,,Within 1-2 weeks
job_001287,Remodeling,Remodeling,83877,2026-04,Remodeling,194,1857,1025,,Within 1 month
job_001288,Cleaning,Window Washing,99141,2026-01,Deep clean kitchen and bathrooms,100,1074,587,,Within 1 month
job_001289,Roofing,Roofing,81279,2026-03,Roofing,200,2439,1319,,Within 1 month
job_001290,Exterior,Exterior,35717,2026-04,Exterior,434,3019,1726,,I'm flexible
job_001291,Roofing,Roofing,62365,2026-03,Roofing,165,1652,908,,Within 1 month
job_001292,Handyman,Handyman,51619,2026-02,Handyman,85,536,310,,Within 1 month
job_001293,Plumbing,Drain Cleaning,51107,2026-03,Install new water heater,107,1356,731,,Within 1-2 weeks
job_001294,Handyman,Handyman,95153,2026-03,Handyman,85,391,238,,Within 1 month
job_001295,Electrical,Lighting,78636,2026-02,Replace light switches,143,1889,1016,,Within 1-2 weeks
job_001296,HVAC,Thermostat,53389,2026-01,AC unit repair and maintenance,179,2356,1267,,As soon as possible
job_001297,Cleaning,General Cleaning,48965,2026-03,Deep clean kitchen and bathrooms,92,773,432,,As soon as possible
job_001298,Handyman,Handyman,32435,2026-02,Handyman,88,499,293,,Within 1-2 weeks
job_001299,Remodeling,Remodeling,51233,2026-02,Remodeling,179,2451,1315,,Within 1 month
job_001300,Cleaning,Carpet Cleaning,98454,2026-03,Carpet cleaning entire house,120,1032,576,,As soon as possible
job_001301,Plumbing,Leak Repair,18526,2026-04,Install new water heater,110,1623,866,,As soon as possible
job_001302,Cleaning,General Cleaning,79074,2026-03,Deep clean kitchen and bathrooms,89,978,533,,Within 1 month
job_001303,HVAC,Thermostat,79577,2026-03,Install new thermostat,186,3010,1598,,As soon as possible
job_001304,Appliance Repair,Appliance Repair,85465,2026-04,Appliance Repair,158,1749,953,,Within 1-2 weeks
job_001305,Pest Control,Termites,84437,2026-01,Termite inspection and treatment,234,1724,979,,I'm flexible
job_001306,Auto,Auto,88325,2026-03,Auto,179,1988,1083,,Within 1-2 weeks
job_001307,Electrical,Panel Upgrade,23916,2026-04,Repair faulty electrical panel,141,2266,1203,,Within 1-2 weeks
job_001308,Chimney,Chimney,87992,2026-03,Chimney,232,1814,1023,,I'm flexible
job_001309,Moving,Moving,39333,2026-02,Moving,152,2125,1138,,As soon as possible
job_001310,HVAC,Ductwork,39251,2026-02,Furnace service before winter,228,3069,1648,,Within 1-2 weeks
job_001311,Exterior,Exterior,45139,2026-04,Exterior,553,3709,2131,,Within 1-2 weeks
job_001312,Pool,Pool,52615,2026-02,Pool,223,2431,1327,,As soon as possible
job_001313,Pool,Pool,50063,2026-02,Pool,160,2170,1165,,Within 1 month
job_001314,Pest Control,General,93871,2026-03,"Bed bug heat treatment, 2BR apartment",287,2155,1221,,As soon as possible
job_001315,General Contractor,General Contractor,78632,2026-02,General Contractor,798,8012,4405,,Within 1-2 weeks
job_001316,Exterior,Exterior,62991,2026-02,Exterior,440,2640,1540,,Within 1-2 weeks
job_001317,Landscaping,Landscaping,92899,2026-02,Landscaping,167,1785,976,,Within 1-2 weeks
job_001318,Electrical,Panel Upgrade,90831,2026-04,Install new outlets in kitchen,115,1550,832,,Within 1 month
job_001319,Moving,Moving,83282,2026-04,Moving,212,1503,857,,As soon as possible
job_001320,Handyman,Handyman,98551,2026-03,Handyman,84,442,263,,I'm flexible
job_001321,HVAC,Ductwork,19767,2026-01,Furnace service before winter,232,3546,1889,,Within 1-2 weeks
job_001322,Pest Control,General,11181,2026-04,"Bed bug heat treatment, 2BR apartment",249,1710,979,,Within 1 month
job_001323,Pool,Pool,64161,2026-03,Pool,194,1636,915,,Within 1 month
job_001324,Chimney,Chimney,86592,2026-01,Chimney,244,1935,1089,,Within 1-2 weeks
job_001325,Landscaping,Landscaping,98454,2026-02,Landscaping,151,1149,650,,I'm flexible
job_001326,Cleaning,General Cleaning,41627,2026-02,"Exterior window wash, 2-story, 20 windows",119,939,529,,As soon as possible
job_001327,Landscaping,Landscaping,54668,2026-01,Landscaping,176,1256,716,,As soon as possible
job_001328,Auto,Auto,99965,2026-02,Auto,219,2257,1238,,Within 1-2 weeks
job_001329,Plumbing,Drain Cleaning,22315,2026-02,Replace kitchen sink shutoff valve (you supply valve),76,1578,827,,Within 1 month
job_001330,Exterior,Exterior,93404,2026-03,Exterior,590,2615,1602,,Within 1-2 weeks
job_001331,Cleaning,Window Washing,81352,2026-04,Window washing service,76,1152,614,,Within 1-2 weeks
job_001332,Electrical,Lighting,40698,2026-04,Install ceiling fan,165,1909,1037,,I'm flexible
job_001333,Flooring,Flooring,95663,2026-03,Flooring,189,1582,885,,Within 1-2 weeks
job_001334,Appliance Repair,Appliance Repair,63050,2026-01,Appliance Repair,233,1649,941,,Within 1 month
job_001335,Landscaping,Landscaping,79479,2026-04,Landscaping,164,1161,662,,Within 1 month
job_001336,Cleaning,Carpet Cleaning,66648,2026-01,Carpet cleaning entire house,81,1187,634,,Within 1-2 weeks
job_001337,Chimney,Chimney,70187,2026-01,Chimney,194,2046,1120,,As soon as possible
job_001338,Pest Control,Bed Bugs,86851,2026-01,General pest control service,261,2232,1246,,As soon as possible
job_001339,Moving,Moving,24321,2026-03,Moving,195,1984,1089,,Within 1 month
job_001340,Moving,Moving,88915,2026-04,Moving,151,1940,1045,,As soon as possible
job_001341,Plumbing,Drain Cleaning,18269,2026-03,Clear clogged drain,92,1149,620,,Within 1 month
job_001342,Flooring,Flooring,80387,2026-02,Flooring,224,2464,1344,,I'm flexible
job_001343,HVAC,AC Repair,70136,2026-01,AC unit repair and maintenance,225,3631,1928,,As soon as possible
job_001344,Chimney,Chimney,49332,2026-03,Chimney,173,2051,1112,,As soon as possible
job_001345,Landscaping,Landscaping,94576,2026-03,Landscaping,246,1186,716,,Within 1 month
job_001346,Cleaning,Carpet Cleaning,30092,2026-04,"Exterior window wash, 2-story, 20 windows",121,934,527,,I'm flexible
job_001347,General Contractor,General Contractor,94355,2026-04,General Contractor,857,8202,4529,,As soon as possible
job_001348,Landscaping,Landscaping,35547,2026-03,Landscaping,222,1391,806,,I'm flexible
job_001349,Handyman,Handyman,70187,2026-04,Handyman,93,458,275,,As soon as possible
job_001350,Moving,Moving,88869,2026-04,Moving,174,2408,1291,,Within 1-2 weeks
job_001351,Exterior,Exterior,49640,2026-02,Exterior,581,2540,1560,,I'm flexible
job_001352,Plumbing,Water Heater Replacement,25358,2026-02,Clear clogged drain,109,1524,816,,I'm flexible
job_001353,Landscaping,Landscaping,52560,2026-03,Landscaping,165,1612,888,,Within 1-2 weeks
job_001354,Painting,Exterior,46138,2026-04,Exterior house painting,275,2201,1238,,Within 1 month
job_001355,Roofing,Roofing,50063,2026-03,Roofing,180,2320,1250,,As soon as possible
job_001356,General Contractor,General Contractor,24833,2026-02,General Contractor,752,9428,5090,,As soon as possible
job_001357,Landscaping,Landscaping,19956,2026-04,Landscaping,218,1596,907,,As soon as possible
job_001358,HVAC,Thermostat,22643,2026-02,AC unit repair and maintenance,187,2754,1470,,As soon as possible
job_001359,Plumbing,Fixture Installation,44732,2026-01,Clear clogged drain,115,1707,911,,I'm flexible
job_001360,Landscaping,Landscaping,80302,2026-03,Landscaping,196,1464,830,,I'm flexible
job_001361,Flooring,Flooring,23581,2026-02,Flooring,211,1915,1063,,Within 1 month
job_001362,HVAC,Ductwork,66302,2026-04,Clean ductwork,233,3431,1832,,I'm flexible
job_001363,General Contractor,General Contractor,41092,2026-02,General Contractor,1060,11310,6185,,Within 1-2 weeks
job_001364,Pest Control,Bed Bugs,88825,2026-03,Termite inspection and treatment,276,1991,1133,,I'm flexible
job_001365,Pool,Pool,95496,2026-04,Pool,189,1572,880,,Within 1-2 weeks
job_001366,Handyman,Handyman,20937,2026-01,Handyman,87,605,346,,I'm flexible
job_001367,Pest Control,General,41940,2026-04,General pest control service,289,2268,1278,,As soon as possible
job_001368,Electrical,Panel Upgrade,95695,2026-04,Install ceiling fan,138,2205,1171,,Within 1 month
job_001369,Moving,Moving,88325,2026-03,Moving,229,1612,920,,Within 1-2 weeks
job_001370,Cleaning,General Cleaning,84018,2026-02,Window washing service,105,785,445,,I'm flexible
job_001371,Pool,Pool,74105,2026-01,Pool,230,2310,1270,,I'm flexible
job_001372,Appliance Repair,Appliance Repair,70500,2026-04,Appliance Repair,222,2218,1220,,Within 1 month
job_001373,HVAC,Ductwork,24822,2026-02,Clean ductwork,179,2946,1562,,I'm flexible
job_001374,Painting,Exterior,80480,2026-02,Trim painting,285,2663,1474,,I'm flexible
job_001375,Chimney,Chimney,46577,2026-02,Chimney,165,2239,1202,,As soon as possible
job_001376,General Contractor,General Contractor,86865,2026-03,General Contractor,1098,9719,5408,,As soon as possible
job_001377,Roofing,Roofing,11511,2026-04,Roofing,229,2294,1261,,Within 1 month
job_001378,Pool,Pool,12606,2026-03,Pool,188,1680,934,,As soon as possible
job_001379,Pool,Pool,93962,2026-02,Pool,236,2152,1194,,Within 1-2 weeks
job_001380,Remodeling,Remodeling,84150,2026-04,Remodeling,186,1560,873,,Within 1 month
job_001381,Pool,Pool,65514,2026-01,Pool,215,1730,972,,Within 1 month
job_001382,General Contractor,General Contractor,72675,2026-02,General Contractor,760,12171,6465,,As soon as possible
job_001383,Appliance Repair,Appliance Repair,78891,2026-01,Appliance Repair,198,1538,868,,As soon as possible
job_001384,Roofing,Roofing,30062,2026-02,Roofing,226,1608,917,,Within 1-2 weeks
job_001385,Flooring,Flooring,38955,2026-01,Flooring,164,1706,935,,Within 1-2 weeks
job_001386,Painting,Exterior,35839,2026-02,Paint interior bedroom walls,353,2953,1653,,Within 1 month
job_001387,Landscaping,Landscaping,10395,2026-03,Landscaping,150,1632,891,,Within 1 month
job_001388,General Contractor,General Contractor,91140,2026-01,General Contractor,1035,9258,5146,,I'm flexible
job_001389,Painting,Exterior,31925,2026-01,Cabinet refinishing,266,2303,1284,,I'm flexible
job_001390,Handyman,Handyman,98724,2026-04,Handyman,88,614,351,,Within 1-2 weeks
job_001391,Cleaning,Carpet Cleaning,67323,2026-01,"Exterior window wash, 2-story, 20 windows",104,806,455,,I'm flexible
job_001392,Landscaping,Landscaping,62067,2026-01,Landscaping,189,1254,721,,Within 1-2 weeks
job_001393,Cleaning,Window Washing,43985,2026-04,"Exterior window wash, 2-story, 20 windows",124,764,444,,Within 1-2 weeks
job_001394,Exterior,Exterior,23008,2026-02,Exterior,381,3062,1721,,Within 1-2 weeks
job_001395,Plumbing,Fixture Installation,76152,2026-02,Clear clogged drain,92,1241,666,,Within 1 month
job_001396,Appliance Repair,Appliance Repair,13652,2026-02,Appliance Repair,153,2299,1226,,Within 1-2 weeks
job_001397,Flooring,Flooring,26507,2026-02,Flooring,154,1964,1059,,Within 1 month
job_001398,Handyman,Handyman,66019,2026-03,Handyman,82,535,308,,Within 1-2 weeks
job_001399,Roofing,Roofing,91517,2026-01,Roofing,159,1675,917,,Within 1-2 weeks
job_001400,Plumbing,Fixture Installation,92618,2026-03,Replace kitchen sink shutoff valve (you supply valve),119,1673,896,,Within 1-2 weeks
job_001401,Remodeling,Remodeling,92110,2026-04,Remodeling,223,2467,1345,,Within 1-2 weeks
job_001402,Electrical,Panel Upgrade,45412,2026-02,Replace light switches,172,2160,1166,,As soon as possible
job_001403,Moving,Moving,26222,2026-02,Moving,206,2412,1309,,Within 1-2 weeks
job_001404,Flooring,Flooring,98968,2026-04,Flooring,217,2017,1117,,Within 1-2 weeks
job_001405,Handyman,Handyman,59476,2026-02,Handyman,65,504,284,,Within 1 month
job_001406,Flooring,Flooring,33227,2026-03,Flooring,187,2367,1277,,As soon as possible
job_001407,Pool,Pool,10232,2026-03,Pool,241,1793,1017,,Within 1-2 weeks
job_001408,Plumbing,Water Heater Replacement,95153,2026-04,Install new water heater,105,1834,969,,I'm flexible
job_001409,General Contractor,General Contractor,17976,2026-04,General Contractor,1047,8897,4972,,Within 1-2 weeks
job_001410,Painting,Interior,67902,2026-02,Paint interior bedroom walls,367,2082,1224,,As soon as possible
job_001411,Pool,Pool,28589,2026-01,Pool,189,1977,1083,,As soon as possible
job_001412,Auto,Auto,42684,2026-01,Auto,214,2486,1350,,Within 1 month
job_001413,Landscaping,Landscaping,19110,2026-01,Landscaping,201,1170,685,,I'm flexible
job_001414,Auto,Auto,29350,2026-02,Auto,250,1733,991,,I'm flexible
job_001415,Exterior,Exterior,77016,2026-02,Exterior,605,3681,2143,,I'm flexible
job_001416,Cleaning,General Cleaning,80302,2026-03,Carpet cleaning entire house,110,1169,639,,I'm flexible
job_001417,Auto,Auto,24767,2026-03,Auto,239,2329,1284,,Within 1 month
job_001418,Plumbing,Water Heater Replacement,20202,2026-03,Install new water heater,111,1825,968,,I'm flexible
job_001419,Flooring,Flooring,91278,2026-01,Flooring,223,1768,995,,Within 1-2 weeks
job_001420,Handyman,Handyman,61451,2026-01,Handyman,89,428,258,,As soon as possible
job_001421,Chimney,Chimney,91278,2026-03,Chimney,237,2026,1131,,Within 1 month
job_001422,Flooring,Flooring,73824,2026-01,Flooring,194,1804,999,,Within 1 month
job_001423,Flooring,Flooring,34193,2026-04,Flooring,169,2201,1185,,Within 1 month
job_001424,Chimney,Chimney,31475,2026-04,Chimney,234,2099,1166,,Within 1 month
job_001425,Electrical,Wiring,33928,2026-03,Repair faulty electrical panel,118,2075,1096,,Within 1 month
job_001426,Handyman,Handyman,87197,2026-02,Handyman,65,431,248,,Within 1 month
job_001427,Auto,Auto,64800,2026-02,Auto,211,2198,1204,,Within 1-2 weeks
job_001428,Flooring,Flooring,24321,2026-04,Flooring,225,2025,1125,,I'm flexible
job_001429,Remodeling,Remodeling,82274,2026-03,Remodeling,161,1696,928,,As soon as possible
job_001430,Remodeling,Remodeling,34565,2026-01,Remodeling,200,2261,1230,,Within 1-2 weeks
job_001431,Pool,Pool,37062,2026-01,Pool,187,2298,1242,,As soon as possible
