job_id,service_category,service_subtype,zip_code,booking_month,job_description,estimate_lo,estimate_hi,original_estimate,final_price,deadline
synthetic-26b4eb4d2077b4e12f05296c,Electrical,,10023,2026-04,Install 4 outlets or switches,465.48,899.93,620.64,510.87,Within 1-2 weeks
synthetic-2ba1805e8169c0789cafe7b3,Handyman,,75007,2026-06,"Handyman visit: 7 small tasks (mount TV, hang shelves, patch drywall)",117.33,226.84,156.44,,As soon as possible
synthetic-5846c2f8e4e72f954b68ca9a,Flooring,,10023,2026-03,"Install flooring, 553 sqft",1585.35,3065.01,2113.8,,Within 1-2 weeks
synthetic-52ba9604968b369326423140,Plumbing,,75201,2026-04,Replace 5 plumbing fixtures,247.43,478.36,329.9,472.92,Within 1-2 weeks
synthetic-76d3026853a2f85d008823e6,Cleaning,,95014,2026-06,"Standard home cleaning, 1 rooms",212.76,411.35,283.69,,I'm flexible
synthetic-ea8acea63fccda1a2d9664ae,Exterior,,75007,2026-06,"Power wash 3 exterior surfaces, you supply materials",485.26,938.18,647.02,,Within 1-2 weeks
synthetic-742eab8a09a97dc7fe2c851f,Landscaping,,10023,2026-04,Mow and trim 2 yard sections,528.2,1021.19,704.27,,Within 1 month
synthetic-20de2dff791eba48e74cf800,Handyman,,75201,2026-05,"Handyman visit: 1 small tasks (mount TV, hang shelves, patch drywall)",117.2,226.58,156.26,,Within 1 month
synthetic-0255754b8befd55d45b26e24,Cleaning,,95014,2026-01,"Standard home cleaning, 4 rooms",227.94,440.68,303.92,307.39,As soon as possible
synthetic-93b9850b0fa53d4461f56e29,Cleaning,,11201,2026-02,"Standard home cleaning, 3 rooms, you supply materials",230.44,445.52,307.25,,I'm flexible
synthetic-c19bf458f759a7971c923ce8,Auto,,75007,2026-05,Mobile service for 2 vehicle(s),327.95,634.03,437.26,,I'm flexible
synthetic-e859c4e8139fdad505131e28,Auto,,94105,2026-06,"Mobile service for 1 vehicle(s), you supply materials",589.01,1138.75,785.34,,Within 1-2 weeks
synthetic-8c506e1ee24ee6ee31283d6f,Plumbing,,11201,2026-05,Replace 2 plumbing fixtures,352.93,682.33,470.57,,Within 1-2 weeks
synthetic-3b7bf1695d664e8e63c6ed7d,Handyman,,10023,2026-01,"Handyman visit: 1 small tasks (mount TV, hang shelves, patch drywall), you supply materials",190.37,368.05,253.83,,Within 1 month
synthetic-35a24dbf7e016218c1f6a699,Cleaning,,94105,2026-06,"Standard home cleaning, 3 rooms",254.23,491.51,338.98,,Within 1 month
synthetic-34a983f8df965489e867e52c,Auto,,75201,2026-01,Mobile service for 1 vehicle(s),320.5,619.64,427.33,,I'm flexible
synthetic-b3d0f919a1197f0854b43807,Cleaning,,75201,2026-01,"Standard home cleaning, 11 rooms",150.81,291.56,201.08,,Within 1-2 weeks
synthetic-681ef24c0f71729f011a4bfc,Cleaning,,11201,2026-02,"Standard home cleaning, 8 rooms",207.23,400.64,276.3,,As soon as possible
synthetic-bff9a39034676c51e4392797,Handyman,,11201,2026-06,"Handyman visit: 1 small tasks (mount TV, hang shelves, patch drywall)",183.63,355.02,244.84,,Within 1 month
synthetic-595d62f293508063f856df43,Cleaning,,95014,2026-04,"Standard home cleaning, 9 rooms",232.8,450.08,310.4,,Within 1 month
synthetic-54207645a2ef5e08277eede3,Electrical,,11201,2026-06,"Install 3 outlets or switches, you supply materials",499.36,965.43,665.81,,Within 1 month
synthetic-4380e8fb25896a4ecf3e6e18,Cleaning,,11201,2026-06,"Standard home cleaning, 3 rooms",227.42,439.68,303.23,,Within 1 month
synthetic-9f378f7efd5812f4e923f2f7,Exterior,,11201,2026-01,Power wash 5 exterior surfaces,707.01,1366.89,942.68,,I'm flexible
synthetic-c6a097507993067eeb3a10f5,Painting,,94105,2026-01,Paint 2 rooms,1503.01,2905.81,2004.01,,Within 1-2 weeks
synthetic-0801a3fbe370316c5f890c58,Electrical,,75007,2026-04,Install 2 outlets or switches,305.52,590.66,407.35,335.03,As soon as possible
synthetic-2a01591042f958db2dcc4e3b,Electrical,,10023,2026-04,Install 3 outlets or switches,468.09,904.98,624.13,,I'm flexible
synthetic-f2f06989a01bb9a90ac4466b,Electrical,,10023,2026-04,Install 3 outlets or switches,432.7,836.56,576.94,,I'm flexible
synthetic-e52b55e53c975eff117a7b6e,Landscaping,,75007,2026-06,Mow and trim 7 yard sections,382.39,739.28,509.85,,Within 1-2 weeks
synthetic-37852e0673e9245c60a368e3,Plumbing,,95014,2026-06,Replace 9 plumbing fixtures,360.43,696.84,480.58,,I'm flexible
synthetic-7c7328c522ab82d374caff80,Remodeling,,75201,2026-02,Remodel 1 rooms,4757.24,9197.34,6342.99,6398.27,Within 1-2 weeks
synthetic-b78223ae62b2e7e85b51c73e,Handyman,,75007,2026-01,"Handyman visit: 3 small tasks (mount TV, hang shelves, patch drywall), you supply materials",118.68,229.44,158.24,,Within 1 month
synthetic-bcdead25b049835bc7660d69,Remodeling,,75007,2026-05,Remodel 4 rooms,4357.29,8424.09,5809.71,,As soon as possible
synthetic-3da38ce6259c10e42bda3763,Plumbing,,11201,2026-05,Replace 4 plumbing fixtures,333.15,644.1,444.21,,Within 1-2 weeks
synthetic-c20ac6d9ffbb82762676a10f,Plumbing,,75007,2026-03,"Replace 6 plumbing fixtures, you supply materials",218.83,423.07,291.78,,Within 1-2 weeks
synthetic-06d8efa95f85af4cfa1533ac,Handyman,,75007,2026-01,"Handyman visit: 2 small tasks (mount TV, hang shelves, patch drywall), you supply materials",119.2,230.46,158.94,,Within 1-2 weeks
synthetic-22c04087cc9f316ceb23ecf4,Handyman,,10023,2026-02,"Handyman visit: 3 small tasks (mount TV, hang shelves, patch drywall)",172.35,333.2,229.79,,I'm flexible
synthetic-2ee9426060fa18f8031510a6,Landscaping,,75201,2026-06,"Mow and trim 2 yard sections, you supply materials",380.79,736.2,507.72,,As soon as possible
synthetic-0f65df229ab2641158ef21d8,HVAC,,75007,2026-01,"Service 3 HVAC unit(s), you supply materials",690.33,1334.64,920.44,846.51,Within 1 month
synthetic-83a16f899ebfffff15d34661,Exterior,,75007,2026-05,"Power wash 4 exterior surfaces, you supply materials",500.29,967.24,667.06,615.38,Within 1-2 weeks
synthetic-6cbfaf18d758a2372b57b630,Pest Control,,95014,2026-03,Pest treatment for a 6BR home,691.41,1336.73,921.88,1104.08,I'm flexible
synthetic-fd26aad3bccf454b98fb583c,Plumbing,,75007,2026-03,Replace 10 plumbing fixtures,224.04,433.14,298.71,,Within 1 month
synthetic-3a671f7c35f2f176702d28f8,Cleaning,,94105,2026-05,"Standard home cleaning, 7 rooms",234.34,453.05,312.45,,As soon as possible
synthetic-10c3672b285181f347734374,Plumbing,,11201,2026-04,Replace 4 plumbing fixtures,369.86,715.06,493.15,,Within 1-2 weeks
synthetic-c8578ff38e5712459b80e693,Plumbing,,95014,2026-01,Replace 1 plumbing fixtures,398.07,769.6,530.76,403.52,Within 1-2 weeks
synthetic-0521018d5723144490abc092,Pest Control,,11201,2026-01,Pest treatment for a 5BR home,546.25,1056.08,728.33,,As soon as possible
synthetic-c5d016b2d390b5cc7a641a8f,Cleaning,,10023,2026-02,"Standard home cleaning, 6 rooms, you supply materials",231.06,446.72,308.08,,As soon as possible
synthetic-ef7db06b68b48ee46cec3e28,Chimney,,11201,2026-05,Inspect and sweep 1 chimney(s),589.26,1139.24,785.69,775.65,Within 1-2 weeks
synthetic-d3aa1a4eb18670ef59a0de63,Cleaning,,75201,2026-02,"Standard home cleaning, 6 rooms",149.64,289.31,199.53,231.83,I'm flexible
synthetic-c525736c9e1dd9419d90e9f1,Painting,,11201,2026-01,Paint 2 rooms,1352.17,2614.2,1802.9,,Within 1 month
synthetic-7ad0240a1f459d02941a85f2,Handyman,,11201,2026-03,"Handyman visit: 7 small tasks (mount TV, hang shelves, patch drywall)",188.06,363.58,250.74,,Within 1-2 weeks
synthetic-a5fec9a194c4f4a76c71437e,Plumbing,,94105,2026-06,"Replace 3 plumbing fixtures, you supply materials",374.98,724.97,499.98,,Within 1 month
synthetic-43e6129309ae4535bc3c141c,HVAC,,10023,2026-05,Service 1 HVAC unit(s),879.57,1700.5,1172.76,,As soon as possible
synthetic-d07c0dd86318e020c2158054,Exterior,,75007,2026-04,Power wash 3 exterior surfaces,485.25,938.15,647.0,621.42,As soon as possible
synthetic-0bae6ebe7739b314366fac3e,Moving,,95014,2026-02,Move 8 rooms of furniture,1355.69,2621.0,1807.58,,I'm flexible
synthetic-f2e1c6e63bf227aaca49ea39,Electrical,,11201,2026-05,Install 9 outlets or switches,452.91,875.62,603.87,,Within 1 month
synthetic-e3e8d9ac1d6cb7342168a016,Auto,,11201,2026-02,Mobile service for 1 vehicle(s),480.79,929.53,641.06,533.89,Within 1 month
synthetic-24065f6421579b484047dba6,Electrical,,95014,2026-06,Install 4 outlets or switches,469.4,907.51,625.87,610.31,Within 1-2 weeks
synthetic-9c9b8b4e685b6516c547d07f,Exterior,,75201,2026-02,"Power wash 1 exterior surfaces, you supply materials",479.21,926.47,638.94,406.02,Within 1-2 weeks
synthetic-c8cbd5db53fbeace7fbb3dc3,Plumbing,,75201,2026-03,Replace 3 plumbing fixtures,240.38,464.74,320.51,,I'm flexible
synthetic-47a991e7c397147554d9ec5b,Cleaning,,11201,2026-05,"Standard home cleaning, 4 rooms",224.9,434.8,299.86,294.64,I'm flexible
synthetic-de23c36f7f479ed1e6a6f1ba,General Contractor,,95014,2026-06,"General contracting, 4 work items",4027.08,7785.68,5369.44,,Within 1-2 weeks
synthetic-1268b8cac5c3a026cf832624,Plumbing,,94105,2026-01,Replace 3 plumbing fixtures,376.92,728.72,502.57,,As soon as possible
synthetic-ddc6ea79c39717bf2b89e0c3,HVAC,,95014,2026-05,Service 3 HVAC unit(s),965.74,1867.11,1287.66,,Within 1 month
synthetic-004d8afe5b26a81df56c2e40,Electrical,,95014,2026-05,Install 2 outlets or switches,525.81,1016.57,701.08,,Within 1 month
synthetic-50f0566d9671efba61cafc87,Exterior,,11201,2026-03,Power wash 6 exterior surfaces,675.14,1305.26,900.18,,As soon as possible
synthetic-8d881ce06ba286165807a264,Auto,,11201,2026-03,Mobile service for 3 vehicle(s),535.32,1034.96,713.76,,I'm flexible
synthetic-a2088e67e71a1dc8d3860826,Auto,,75007,2026-01,Mobile service for 1 vehicle(s),355.29,686.89,473.72,,Within 1 month
synthetic-0dfb7e3afd1152484d3a1649,Flooring,,11201,2026-04,"Install flooring, 877 sqft, you supply materials",1670.31,3229.27,2227.08,,Within 1 month
synthetic-1206af4cf082ce4ac84d940b,Painting,,10023,2026-04,Paint 4 rooms,1370.84,2650.29,1827.78,,Within 1 month
synthetic-502d6db25387ffffdc75f782,Handyman,,11201,2026-01,"Handyman visit: 4 small tasks (mount TV, hang shelves, patch drywall)",170.26,329.16,227.01,,Within 1-2 weeks
synthetic-69fe84bf6e9167e2c6aee825,Moving,,95014,2026-05,Move 11 rooms of furniture,1419.19,2743.78,1892.26,,I'm flexible
synthetic-ec483739070bd2f86c797509,Cleaning,,94105,2026-01,"Standard home cleaning, 6 rooms, you supply materials",211.96,409.79,282.61,,As soon as possible
synthetic-a153da273928abb2a3cdf48e,Handyman,,75201,2026-03,"Handyman visit: 2 small tasks (mount TV, hang shelves, patch drywall)",119.07,230.2,158.76,,As soon as possible
synthetic-6d83f178691e2e3b2770b0a4,Cleaning,,11201,2026-06,"Standard home cleaning, 3 rooms",220.56,426.41,294.08,,I'm flexible
synthetic-37da5c1fe2fe36d365ef9d2a,HVAC,,95014,2026-03,Service 1 HVAC unit(s),933.72,1805.19,1244.96,,I'm flexible
synthetic-52d39c06019f49fa80e9cc41,Appliance Repair,,95014,2026-02,Repair 2 household appliance(s),300.74,581.44,400.99,,Within 1 month
synthetic-3be096fd2ec78adca914b434,Painting,,94105,2026-06,Paint 1 rooms,1595.35,3084.34,2127.13,2291.4,I'm flexible
synthetic-b6851272e2f8a151f786a5fb,Landscaping,,75201,2026-01,Mow and trim 4 yard sections,381.6,737.76,508.8,,Within 1-2 weeks
synthetic-466acdf9a4a4540964377599,Electrical,,10023,2026-02,Install 2 outlets or switches,452.74,875.3,603.66,,As soon as possible
synthetic-a18c76f7fe6a824b1c565e19,Appliance Repair,,94105,2026-06,Repair 2 household appliance(s),327.86,633.86,437.15,,I'm flexible
synthetic-ff35ef24f304e5f72303072b,Electrical,,10023,2026-04,Install 16 outlets or switches,463.12,895.36,617.49,986.24,As soon as possible
synthetic-2ec4537e03b515de3c5df07c,Electrical,,94105,2026-01,Install 7 outlets or switches,465.86,900.66,621.14,,Within 1 month
synthetic-556eece7f7a212afe2742711,Painting,,95014,2026-06,Paint 4 rooms,1629.47,3150.3,2172.62,,As soon as possible
synthetic-9e90505a5a13cb1e3425b0cd,Handyman,,10023,2026-01,"Handyman visit: 3 small tasks (mount TV, hang shelves, patch drywall)",180.04,348.07,240.05,,As soon as possible
synthetic-af53199362f172eaaca6f12f,Pest Control,,10023,2026-06,Pest treatment for a 6BR home,624.25,1206.89,832.34,,Within 1-2 weeks
synthetic-e7257eac671eafde6d5074c4,Handyman,,10023,2026-01,"Handyman visit: 2 small tasks (mount TV, hang shelves, patch drywall)",184.97,357.61,246.63,,I'm flexible
synthetic-6838066cdd190a9b3f94e95d,Painting,,94105,2026-06,Paint 1 rooms,1538.19,2973.83,2050.92,2029.63,Within 1-2 weeks
synthetic-f253d719a272791586dacbfd,Pool,,10023,2026-04,"Pool service package, 8 visits",4494.8,8689.94,5993.06,,Within 1 month
synthetic-103295e629a3046a10c2b300,Handyman,,11201,2026-05,"Handyman visit: 8 small tasks (mount TV, hang shelves, patch drywall)",184.98,357.62,246.64,,Within 1-2 weeks
synthetic-bc78343d6b835dc259ea8289,Appliance Repair,,95014,2026-02,Repair 1 household appliance(s),314.0,607.07,418.67,,As soon as possible
synthetic-c1e816eba305679ee0ec948e,HVAC,,10023,2026-01,Service 9 HVAC unit(s),936.67,1810.9,1248.9,,Within 1 month
synthetic-216f1f65d2978bbfe46396ad,HVAC,,75201,2026-03,Service 1 HVAC unit(s),601.69,1163.27,802.26,,I'm flexible
synthetic-09002f9e57cfe0e092362eed,Plumbing,,11201,2026-06,Replace 4 plumbing fixtures,374.76,724.53,499.68,,Within 1-2 weeks
synthetic-9dc64e93c1c920619c18694f,Appliance Repair,,75007,2026-02,"Repair 1 household appliance(s), you supply materials",185.79,359.2,247.72,,Within 1 month
synthetic-40519ee6dda19ee779a446a0,Moving,,75201,2026-06,Move 1 rooms of furniture,859.05,1660.83,1145.4,,Within 1 month
synthetic-99a918f99ecc4704b29b021b,Chimney,,75007,2026-03,Inspect and sweep 1 chimney(s),428.88,829.18,571.85,617.25,As soon as possible
synthetic-7621da21e14122ec04371956,Moving,,75201,2026-02,Move 2 rooms of furniture,840.95,1625.83,1121.26,,Within 1-2 weeks
synthetic-08da6bec144f749312a78e83,Pest Control,,94105,2026-01,Pest treatment for a 1BR home,661.69,1279.27,882.25,,As soon as possible
synthetic-cd386ee98573f78e3c0065a9,Plumbing,,95014,2026-04,Replace 2 plumbing fixtures,382.59,739.68,510.12,542.21,I'm flexible
synthetic-bdf5688dc83666d275b1ed0a,Cleaning,,10023,2026-06,"Standard home cleaning, 2 rooms, you supply materials",241.37,466.64,321.82,,I'm flexible
synthetic-614a4c2a9b8ec491ecf4af50,Landscaping,,10023,2026-06,Mow and trim 5 yard sections,558.4,1079.57,744.53,,Within 1 month
synthetic-de989f549e3d94d04a949896,Roofing,,75007,2026-06,"Roof repair, 3 sections",3345.66,6468.27,4460.88,4744.31,As soon as possible
synthetic-fb521ab96c6da9f33a46df7c,Exterior,,11201,2026-06,Power wash 6 exterior surfaces,681.19,1316.96,908.25,,As soon as possible
synthetic-d97650da3dfadbf91f6886fb,Exterior,,10023,2026-04,"Power wash 1 exterior surfaces, you supply materials",681.75,1318.05,909.0,,Within 1 month
synthetic-1f991d2994d145b6bb27e377,Chimney,,11201,2026-06,Inspect and sweep 2 chimney(s),612.6,1184.36,816.8,,Within 1 month
synthetic-995d19f74a6d7b8f16d5e5c0,HVAC,,75201,2026-02,Service 1 HVAC unit(s),634.9,1227.48,846.53,,Within 1-2 weeks
synthetic-5b138674bf6b074cf5d3349f,Landscaping,,75007,2026-03,Mow and trim 2 yard sections,375.39,725.76,500.52,,I'm flexible
synthetic-fdbc3b114b5055142efcd68e,Appliance Repair,,75007,2026-01,Repair 1 household appliance(s),204.55,395.47,272.74,316.16,As soon as possible
synthetic-fac4d1d7b7c6f27eed48d3c1,Handyman,,75007,2026-02,"Handyman visit: 4 small tasks (mount TV, hang shelves, patch drywall)",125.36,242.37,167.15,,I'm flexible
synthetic-89a680bceebb5e4d848f9ccb,Exterior,,11201,2026-01,Power wash 1 exterior surfaces,707.87,1368.54,943.82,,Within 1 month
synthetic-167df9401bf7829b9c76ac14,Cleaning,,95014,2026-02,"Standard home cleaning, 3 rooms",243.6,470.97,324.8,305.8,Within 1 month
synthetic-2f989f59199e3826de323c38,Appliance Repair,,10023,2026-01,Repair 2 household appliance(s),286.73,554.34,382.3,,I'm flexible
synthetic-6cd7c47c952e6a432b0b655c,Cleaning,,10023,2026-02,"Standard home cleaning, 4 rooms",230.15,444.95,306.87,,As soon as possible
synthetic-97afb9a2286bc8f7bda76bda,Cleaning,,75007,2026-01,"Standard home cleaning, 3 rooms",153.08,295.96,204.11,,As soon as possible
synthetic-04e7fa07911f6378d19cbe63,Pest Control,,95014,2026-01,Pest treatment for a 2BR home,637.11,1231.75,849.48,,I'm flexible
synthetic-914a3592d4b9e013e578a2af,Handyman,,10023,2026-06,"Handyman visit: 5 small tasks (mount TV, hang shelves, patch drywall)",184.34,356.4,245.79,,I'm flexible
synthetic-b8b7e3a61ce8940493ea1ac7,Handyman,,94105,2026-01,"Handyman visit: 6 small tasks (mount TV, hang shelves, patch drywall), you supply materials",188.17,363.79,250.89,276.38,As soon as possible
synthetic-121a26324f9a4b38fbf9b1ee,Appliance Repair,,10023,2026-01,Repair 1 household appliance(s),264.04,510.47,352.05,,Within 1 month
synthetic-71b7f8a5bfc3a72ce50261f9,Chimney,,75201,2026-01,Inspect and sweep 1 chimney(s),412.7,797.88,550.27,437.56,As soon as possible
synthetic-94654fc3a2aae05233cf18f7,Plumbing,,10023,2026-05,Replace 4 plumbing fixtures,356.46,689.16,475.28,,As soon as possible
synthetic-365ff1d47ce57431ede9a8fe,Cleaning,,95014,2026-04,"Standard home cleaning, 5 rooms",224.37,433.79,299.17,315.39,I'm flexible
synthetic-767924d388ce6d556086bd99,Chimney,,75007,2026-03,Inspect and sweep 1 chimney(s),435.6,842.16,580.8,595.65,As soon as possible
synthetic-41f3a582b78c8edc2f034c9c,General Contractor,,75007,2026-04,"General contracting, 5 work items",2979.29,5759.95,3972.38,4443.39,Within 1 month
synthetic-55cbea30288353d91eb1eb3c,Appliance Repair,,11201,2026-05,"Repair 2 household appliance(s), you supply materials",291.3,563.19,388.41,,Within 1-2 weeks
synthetic-031065d7bd42173c9fd4e613,Cleaning,,95014,2026-02,"Standard home cleaning, 1 rooms",231.18,446.95,308.24,253.29,Within 1 month
synthetic-28ff60436b0364a88abddce4,Handyman,,75007,2026-05,"Handyman visit: 8 small tasks (mount TV, hang shelves, patch drywall)",127.0,245.53,169.33,,As soon as possible
synthetic-98d87c8e92711e78569a4b96,Handyman,,10023,2026-02,"Handyman visit: 8 small tasks (mount TV, hang shelves, patch drywall)",178.46,345.02,237.94,258.01,Within 1-2 weeks
synthetic-14b48a41dc9a6ab8968ee936,HVAC,,11201,2026-03,"Service 1 HVAC unit(s), you supply materials",871.59,1685.07,1162.11,947.67,As soon as possible
synthetic-d26b3bc03e68a59d1309e25d,Pest Control,,75201,2026-05,"Pest treatment for a 2BR home, you supply materials",388.59,751.27,518.12,455.15,I'm flexible
synthetic-4d35312a2708f1c1bcf4a020,Handyman,,11201,2026-02,"Handyman visit: 3 small tasks (mount TV, hang shelves, patch drywall)",185.26,358.17,247.01,207.2,Within 1-2 weeks
synthetic-dfa3b33b2345db89f5d17a53,Pest Control,,10023,2026-04,Pest treatment for a 1BR home,611.54,1182.31,815.39,,As soon as possible
synthetic-37957d5f90c2faffa5659ac6,Appliance Repair,,11201,2026-02,Repair 1 household appliance(s),293.27,566.99,391.03,386.76,Within 1-2 weeks
synthetic-024f52493942c0cc34588937,Electrical,,95014,2026-05,"Install 6 outlets or switches, you supply materials",486.05,939.69,648.06,,I'm flexible
synthetic-35c2f530edfada86bd5e8a41,Plumbing,,10023,2026-03,Replace 2 plumbing fixtures,364.61,704.9,486.14,530.34,I'm flexible
synthetic-24fe6847d92719afe29443b9,Electrical,,75201,2026-02,Install 12 outlets or switches,328.68,635.44,438.23,,Within 1-2 weeks
synthetic-8f6e4c7d6e05939808b26e97,Plumbing,,75007,2026-01,Replace 2 plumbing fixtures,234.05,452.5,312.07,,As soon as possible
synthetic-5bf8b3271594148e67c2b478,Landscaping,,10023,2026-02,"Mow and trim 5 yard sections, you supply materials",572.37,1106.58,763.16,,I'm flexible
synthetic-4fed8a599566c8c1b979f21c,Moving,,11201,2026-04,Move 6 rooms of furniture,1109.67,2145.36,1479.56,1637.71,I'm flexible
synthetic-88c1e2bdef33fa05f9b4dee5,Electrical,,94105,2026-01,Install 3 outlets or switches,512.49,990.82,683.32,,Within 1 month
synthetic-87bfbd6c0fff0c45e3528de2,Auto,,95014,2026-06,Mobile service for 1 vehicle(s),617.84,1194.5,823.79,,Within 1 month
synthetic-74b1f942cb2b2c1c71dd474e,Electrical,,75007,2026-04,"Install 4 outlets or switches, you supply materials",302.39,584.63,403.19,360.95,As soon as possible
synthetic-dd1cff0373e1c40a853fb5bd,Painting,,10023,2026-01,Paint 1 rooms,1344.89,2600.11,1793.18,,As soon as possible
synthetic-98ae9a894c188913c207ebad,Painting,,95014,2026-06,"Paint 1 rooms, you supply materials",1397.8,2702.41,1863.73,,I'm flexible
synthetic-08c5fc58d27b80915fdae48a,General Contractor,,95014,2026-06,"General contracting, 2 work items",4422.13,8549.45,5896.17,6372.36,Within 1 month
synthetic-da8df1af78f04f196bb9fe4d,Cleaning,,75007,2026-01,"Standard home cleaning, 5 rooms",151.93,293.72,202.57,177.92,As soon as possible
synthetic-5d2a39844236d20c2f8953a3,Pest Control,,11201,2026-01,Pest treatment for a 9BR home,668.06,1291.58,890.75,,I'm flexible
synthetic-1f754aa9c0d9aa51d5302707,Landscaping,,10023,2026-01,"Mow and trim 4 yard sections, you supply materials",543.89,1051.51,725.18,,As soon as possible
synthetic-39eebbb220b62b16e5187f7d,Electrical,,75201,2026-04,Install 6 outlets or switches,312.41,604.0,416.55,,As soon as possible
synthetic-f3b8d64ed581fd736e896084,Pest Control,,10023,2026-02,Pest treatment for a 1BR home,541.14,1046.2,721.52,620.87,Within 1-2 weeks
synthetic-bf20fa13c4d4aa7ea2565bd9,Moving,,11201,2026-05,Move 8 rooms of furniture,1195.52,2311.33,1594.02,1460.93,As soon as possible
synthetic-9fa6ccdfa513af91e4767624,Pest Control,,95014,2026-04,Pest treatment for a 2BR home,640.52,1238.35,854.03,,As soon as possible
synthetic-220ca6fcb8bddb0d288ad65b,Cleaning,,11201,2026-01,"Standard home cleaning, 7 rooms",213.14,412.07,284.18,,Within 1 month
synthetic-3ff7d8bf30094611d78b1875,Landscaping,,75201,2026-01,Mow and trim 1 yard sections,352.88,682.23,470.51,,As soon as possible
synthetic-005219d264ce51a5f4587f81,Moving,,75007,2026-01,"Move 14 rooms of furniture, you supply materials",836.69,1617.59,1115.58,,I'm flexible
synthetic-53def8332c4010ab0b2f6498,Cleaning,,10023,2026-04,"Standard home cleaning, 7 rooms",221.88,428.97,295.84,,Within 1-2 weeks
synthetic-b25f6c82413f2a569c448032,Landscaping,,75007,2026-03,Mow and trim 7 yard sections,405.85,784.64,541.13,,I'm flexible
synthetic-530d4c87b947c2a27f7befb4,Handyman,,75007,2026-02,"Handyman visit: 1 small tasks (mount TV, hang shelves, patch drywall)",122.72,237.25,163.62,,Within 1 month
synthetic-dcac4a8e6bf6dd86e3ec9751,Cleaning,,75007,2026-03,"Standard home cleaning, 5 rooms",153.03,295.87,204.05,,Within 1 month
synthetic-4b9f5b6bd90bf4c71e982cb7,Handyman,,10023,2026-04,"Handyman visit: 3 small tasks (mount TV, hang shelves, patch drywall)",182.5,352.83,243.33,258.64,I'm flexible
synthetic-835c6ebece0099621b04dd7b,Pest Control,,94105,2026-05,Pest treatment for a 5BR home,676.54,1307.98,902.06,,Within 1 month
synthetic-8d4c235341e41f79d354e3db,Flooring,,75007,2026-01,"Install flooring, 311 sqft",1110.34,2146.66,1480.46,,As soon as possible
synthetic-47d67f5e397c5f8fbfd9009b,Landscaping,,75201,2026-04,Mow and trim 2 yard sections,408.82,790.38,545.09,,I'm flexible
synthetic-826d0f782304d794911b27d8,Appliance Repair,,11201,2026-06,Repair 1 household appliance(s),272.06,525.98,362.74,,I'm flexible
synthetic-4cc67740fe9974e089163008,Pest Control,,11201,2026-05,Pest treatment for a 2BR home,613.42,1185.95,817.9,,Within 1-2 weeks
synthetic-b9c1603824371219363c41a1,Pool,,11201,2026-03,"Pool service package, 5 visits, you supply materials",4853.95,9384.31,6471.94,6411.72,I'm flexible
synthetic-69b256b3d2ec7a4321f10f23,Handyman,,75007,2026-01,"Handyman visit: 2 small tasks (mount TV, hang shelves, patch drywall)",119.64,231.3,159.52,174.31,I'm flexible
synthetic-eabae8c0ad79f5179532efa4,Pest Control,,75201,2026-05,Pest treatment for a 2BR home,447.53,865.23,596.71,,Within 1 month
synthetic-9ec5a28257173cd8164c16fc,Appliance Repair,,94105,2026-06,Repair 3 household appliance(s),280.11,541.54,373.48,463.9,Within 1 month
synthetic-c7c45968071e76c86e85882e,Flooring,,95014,2026-05,"Install flooring, 472 sqft",1754.65,3392.32,2339.53,,As soon as possible
synthetic-31afb012ca22aa6c74e24ae2,Pest Control,,94105,2026-01,"Pest treatment for a 2BR home, you supply materials",643.13,1243.39,857.51,538.95,As soon as possible
synthetic-0318af6be07516571e20befc,Exterior,,11201,2026-02,Power wash 2 exterior surfaces,755.88,1461.36,1007.84,,Within 1-2 weeks
synthetic-44fbc95920b1607071f04624,Landscaping,,10023,2026-04,Mow and trim 5 yard sections,558.0,1078.81,744.0,,As soon as possible
synthetic-f203ae10716aeaac45483885,Exterior,,75007,2026-05,Power wash 3 exterior surfaces,436.66,844.21,582.21,,As soon as possible
synthetic-d062f7b20aa53599ee637e30,Pest Control,,75007,2026-02,"Pest treatment for a 1BR home, you supply materials",369.43,714.22,492.57,397.49,As soon as possible
synthetic-2bcbd0dd8f4bd6e421fc4670,Electrical,,75201,2026-01,Install 5 outlets or switches,328.57,635.23,438.09,,Within 1-2 weeks
synthetic-1994276568d567d79850dcdf,Appliance Repair,,75201,2026-04,Repair 1 household appliance(s),182.34,352.53,243.12,226.46,Within 1-2 weeks
synthetic-a420ab3e76bf48e327c49802,Plumbing,,95014,2026-03,Replace 2 plumbing fixtures,364.85,705.37,486.46,451.4,Within 1-2 weeks
synthetic-34d6371159e8e7f55e937ef8,Pest Control,,75007,2026-03,Pest treatment for a 3BR home,379.49,733.69,505.99,572.61,Within 1-2 weeks
synthetic-4e24cfbdab63a7600d3d58cb,Handyman,,75201,2026-02,"Handyman visit: 7 small tasks (mount TV, hang shelves, patch drywall)",117.04,226.28,156.05,,Within 1 month
synthetic-b8e9c641835187979c6991eb,Pool,,75201,2026-05,"Pool service package, 29 visits",3257.04,6296.95,4342.73,,Within 1-2 weeks
synthetic-999ca73b91b99489427f007b,Landscaping,,75201,2026-04,Mow and trim 2 yard sections,380.07,734.81,506.77,,As soon as possible
synthetic-56a2faa4a263be04e0272e71,Exterior,,75007,2026-01,"Power wash 2 exterior surfaces, you supply materials",457.56,884.61,610.08,,Within 1 month
synthetic-fca662bb217bb27d8eebf529,Flooring,,94105,2026-03,"Install flooring, 151 sqft, you supply materials",1584.21,3062.81,2112.28,,Within 1 month
synthetic-99276eb9f867b1449dad28a3,Pest Control,,94105,2026-06,Pest treatment for a 1BR home,679.89,1314.45,906.51,,I'm flexible
synthetic-aa21cb6ced044df3e1edee36,Cleaning,,95014,2026-02,"Standard home cleaning, 9 rooms",234.57,453.5,312.76,,As soon as possible
synthetic-1356088ac5c6d71ff0c185be,Landscaping,,75007,2026-02,Mow and trim 4 yard sections,364.79,705.25,486.38,483.4,I'm flexible
synthetic-d9571d1705da6dec893f07a5,Appliance Repair,,11201,2026-05,Repair 1 household appliance(s),294.11,568.6,392.14,407.35,As soon as possible
synthetic-f6f95b2179625c1e15c12d14,Remodeling,,75201,2026-06,"Remodel 5 rooms, you supply materials",4551.72,8799.99,6068.96,,Within 1-2 weeks
synthetic-ffb1b54c18e1a96485feb12f,Cleaning,,11201,2026-06,"Standard home cleaning, 2 rooms",221.22,427.69,294.96,286.05,Within 1-2 weeks
synthetic-ea0072ce8314676345e3ed55,Landscaping,,75201,2026-02,Mow and trim 2 yard sections,376.88,728.63,502.5,,Within 1-2 weeks
synthetic-481d21483e906c33fefaabf6,Remodeling,,75007,2026-06,"Remodel 1 rooms, you supply materials",4116.71,7958.98,5488.95,,I'm flexible
synthetic-ee9c9567b01bb9fcf529e0b4,Exterior,,10023,2026-05,"Power wash 5 exterior surfaces, you supply materials",694.37,1342.45,925.83,869.35,Within 1-2 weeks
synthetic-abd9b6f1d72d6a5e727c4467,Pest Control,,95014,2026-01,Pest treatment for a 2BR home,652.46,1261.43,869.95,678.28,Within 1 month
synthetic-32baa5651c5a68b82cb8592f,Plumbing,,75201,2026-01,"Replace 4 plumbing fixtures, you supply materials",229.47,443.63,305.95,,Within 1-2 weeks
synthetic-f8bcf1b9ff5804262f96871c,Cleaning,,75007,2026-03,"Standard home cleaning, 8 rooms",149.29,288.62,199.05,,Within 1 month
synthetic-202ce30962b846187ed8b3de,Electrical,,75007,2026-03,Install 5 outlets or switches,315.35,609.68,420.47,,Within 1 month
synthetic-156cb92e7e4e510719cdc431,Exterior,,10023,2026-06,Power wash 4 exterior surfaces,669.39,1294.16,892.53,,Within 1-2 weeks
synthetic-02e483c07ee6d44af2f2f6f3,Electrical,,75007,2026-03,"Install 6 outlets or switches, you supply materials",320.65,619.91,427.53,,Within 1-2 weeks
synthetic-c8ea8fff2b160e69d72b9120,Handyman,,75007,2026-02,"Handyman visit: 1 small tasks (mount TV, hang shelves, patch drywall)",117.31,226.8,156.42,,I'm flexible
synthetic-406887b4456f8a4736f3e605,Landscaping,,95014,2026-01,"Mow and trim 3 yard sections, you supply materials",598.57,1157.23,798.09,704.54,I'm flexible
synthetic-d5002d9c42a52cb76fa5f29f,Landscaping,,11201,2026-05,Mow and trim 8 yard sections,559.78,1082.25,746.38,795.2,I'm flexible
synthetic-fa286887f7aea9f378d44a20,Painting,,10023,2026-04,Paint 2 rooms,1448.09,2799.64,1930.79,,Within 1 month
synthetic-a7cc14f34f369ec8e9d8199b,Handyman,,75007,2026-01,"Handyman visit: 1 small tasks (mount TV, hang shelves, patch drywall), you supply materials",122.54,236.92,163.39,,As soon as possible
synthetic-b2156cb756b59b8dc60cd578,Appliance Repair,,11201,2026-03,Repair 1 household appliance(s),286.64,554.17,382.18,,As soon as possible
synthetic-666e2a3189fa066e2adf130c,Moving,,11201,2026-04,Move 2 rooms of furniture,1181.15,2283.56,1574.87,,I'm flexible
synthetic-54d3e6961ba020e91b3da8be,Cleaning,,10023,2026-05,"Standard home cleaning, 3 rooms",210.9,407.74,281.2,,Within 1 month
synthetic-a8e15767423192611074a7f4,Appliance Repair,,11201,2026-01,Repair 2 household appliance(s),268.43,518.96,357.9,,I'm flexible
synthetic-fe22fde39e04ad2528587aa7,Electrical,,75201,2026-02,Install 6 outlets or switches,327.85,633.85,437.14,459.21,I'm flexible
synthetic-9e4fa34f4ac0ec7546ff2040,Chimney,,10023,2026-04,"Inspect and sweep 1 chimney(s), you supply materials",583.73,1128.54,778.3,,Within 1 month
synthetic-ca7c30250289bf542b426899,Electrical,,10023,2026-03,Install 1 outlets or switches,465.6,900.17,620.8,430.19,As soon as possible
synthetic-fe4edb109e9c16378906edb7,Flooring,,11201,2026-03,"Install flooring, 259 sqft",1607.08,3107.02,2142.77,2152.47,As soon as possible
synthetic-d8d048eabd50e091fc47f14a,Plumbing,,94105,2026-01,Replace 1 plumbing fixtures,348.77,674.28,465.02,392.7,As soon as possible
synthetic-8401789282c2722127b0b430,Flooring,,11201,2026-03,"Install flooring, 604 sqft",1777.03,3435.59,2369.37,2288.09,I'm flexible
synthetic-21b63a265dd8537b53f2ce07,Plumbing,,10023,2026-05,"Replace 9 plumbing fixtures, you supply materials",356.76,689.73,475.68,,I'm flexible
synthetic-3d4b38783f19f334818eb4c3,General Contractor,,95014,2026-02,"General contracting, 6 work items",4312.7,8337.89,5750.27,,Within 1 month
synthetic-5ab3d52a2ba617bd40b36049,Painting,,75201,2026-03,Paint 2 rooms,1001.94,1937.08,1335.92,,I'm flexible
synthetic-62b3c0d77a851e89c1fa64e0,Pest Control,,11201,2026-04,Pest treatment for a 2BR home,648.78,1254.31,865.04,,Within 1 month
synthetic-a48ee6496aa40e4c0ef01077,Plumbing,,95014,2026-02,"Replace 18 plumbing fixtures, you supply materials",386.19,746.64,514.92,601.07,I'm flexible
synthetic-d0b36f64e66728fe3d7ccc58,Exterior,,75007,2026-03,"Power wash 3 exterior surfaces, you supply materials",494.15,955.35,658.86,,Within 1 month
synthetic-0dd381f20ef04ee808fedeaf,Handyman,,75007,2026-04,"Handyman visit: 9 small tasks (mount TV, hang shelves, patch drywall)",133.76,258.6,178.35,,Within 1 month
synthetic-f29950418b6f4f1b85d44b7b,Painting,,95014,2026-02,Paint 4 rooms,1414.19,2734.1,1885.58,,As soon as possible
synthetic-4876955c0d03d3e2576fb6aa,Electrical,,75007,2026-05,Install 2 outlets or switches,315.09,609.18,420.12,,As soon as possible
synthetic-06315a1f635c51ee192bbb18,Handyman,,11201,2026-02,"Handyman visit: 3 small tasks (mount TV, hang shelves, patch drywall)",181.89,351.65,242.51,,Within 1 month
synthetic-e8e9924c257bb5c7c30ef42a,Painting,,75201,2026-05,"Paint 1 rooms, you supply materials",918.01,1774.83,1224.02,,Within 1 month
synthetic-484e9f8d005e178e9004c64a,Moving,,75201,2026-06,"Move 5 rooms of furniture, you supply materials",790.38,1528.06,1053.84,,Within 1-2 weeks
synthetic-7e1a61e6ba51e5cfab2dcf62,Plumbing,,10023,2026-06,"Replace 3 plumbing fixtures, you supply materials",369.34,714.05,492.45,436.55,Within 1 month
synthetic-ef4a09f2c7163f7624a30586,HVAC,,94105,2026-04,Service 1 HVAC unit(s),985.96,1906.2,1314.62,,As soon as possible
synthetic-0b3db75f9547dd0e0ccc4351,Plumbing,,11201,2026-01,"Replace 3 plumbing fixtures, you supply materials",333.08,643.96,444.11,,Within 1 month
synthetic-d6c73dd75bdb135fec5058c6,Flooring,,75201,2026-06,"Install flooring, 236 sqft",1154.61,2232.24,1539.48,,I'm flexible
synthetic-99ddcb11dcd900a331da115e,Auto,,95014,2026-03,Mobile service for 1 vehicle(s),556.04,1075.02,741.39,,As soon as possible
synthetic-84e0c71831ee0a706f6fcf7e,Handyman,,11201,2026-05,"Handyman visit: 1 small tasks (mount TV, hang shelves, patch drywall)",184.98,357.62,246.64,,Within 1-2 weeks
synthetic-2c8efde6f82dab922be95dc8,Electrical,,75201,2026-02,"Install 7 outlets or switches, you supply materials",294.48,569.33,392.64,365.45,As soon as possible
synthetic-e75f6839675f958b43cc9a73,Pest Control,,75007,2026-01,Pest treatment for a 2BR home,432.54,836.24,576.72,,As soon as possible
synthetic-326b5632cc28f5e9bbc23e9d,Exterior,,11201,2026-04,"Power wash 2 exterior surfaces, you supply materials",703.28,1359.68,937.71,,Within 1-2 weeks
synthetic-bff96a787a7751f367383fdf,Plumbing,,11201,2026-05,Replace 2 plumbing fixtures,350.52,677.68,467.36,,Within 1-2 weeks
synthetic-13fec16b535f2e2b4c056de5,Landscaping,,95014,2026-02,Mow and trim 7 yard sections,582.73,1126.61,776.97,,Within 1-2 weeks
synthetic-25800e70ff938f435e22050d,Cleaning,,75007,2026-04,"Standard home cleaning, 5 rooms",135.71,262.38,180.95,154.4,Within 1-2 weeks
synthetic-7d56ef45992bb2c0c9a9655f,Landscaping,,11201,2026-03,"Mow and trim 9 yard sections, you supply materials",575.26,1112.17,767.01,,As soon as possible
synthetic-b35b0f4017be16ee06f32b50,Auto,,75007,2026-01,Mobile service for 3 vehicle(s),331.19,640.3,441.59,,Within 1-2 weeks
synthetic-05f2e0edbcd1aee84dc362e0,HVAC,,75201,2026-03,"Service 2 HVAC unit(s), you supply materials",569.83,1101.67,759.77,746.27,As soon as possible
synthetic-ecc4267cbe6468a800268964,Moving,,11201,2026-01,Move 6 rooms of furniture,1289.0,2492.07,1718.67,,Within 1 month
synthetic-68e6a0fe97ec3b1ab45176a6,General Contractor,,94105,2026-03,"General contracting, 5 work items",4290.05,8294.09,5720.06,5670.37,Within 1 month
synthetic-04cd27b41b33810265013b5f,Plumbing,,10023,2026-06,Replace 2 plumbing fixtures,339.28,655.95,452.38,,I'm flexible
synthetic-582c8fb8cdc73b305ecd8752,Handyman,,75007,2026-04,"Handyman visit: 3 small tasks (mount TV, hang shelves, patch drywall)",134.19,259.43,178.92,,I'm flexible
synthetic-7d185d1ee7cac317f07e0a0b,Moving,,94105,2026-02,Move 2 rooms of furniture,1290.78,2495.5,1721.04,,Within 1-2 weeks
synthetic-f46ba7cfd89f88890aa1e7f6,Exterior,,10023,2026-05,Power wash 2 exterior surfaces,707.23,1367.31,942.97,826.66,As soon as possible
synthetic-e26851568d78c79c96823ad5,Landscaping,,75007,2026-06,Mow and trim 6 yard sections,390.85,755.65,521.14,572.37,As soon as possible
synthetic-94ca9be38d6a4bc585bb6c18,Pest Control,,75007,2026-06,Pest treatment for a 1BR home,400.3,773.92,533.74,,Within 1 month
synthetic-10c6a63a2a898946e3716afb,Handyman,,75201,2026-02,"Handyman visit: 1 small tasks (mount TV, hang shelves, patch drywall)",123.39,238.54,164.51,,Within 1 month
synthetic-798a5ce4261f31b5682cc595,Cleaning,,11201,2026-04,"Standard home cleaning, 7 rooms",222.01,429.21,296.01,293.8,As soon as possible
synthetic-829d5900c552cb2afcdbcc63,Landscaping,,75007,2026-04,Mow and trim 5 yard sections,347.36,671.57,463.15,430.31,As soon as possible
synthetic-933eeba801f03ebc444183a1,Landscaping,,75201,2026-03,Mow and trim 3 yard sections,367.81,711.09,490.41,422.59,I'm flexible
synthetic-b40bd32205de988dba5048c6,Cleaning,,75201,2026-04,"Standard home cleaning, 6 rooms",144.05,278.5,192.07,,As soon as possible
synthetic-475dcb21698d292142e38184,Handyman,,75201,2026-03,"Handyman visit: 7 small tasks (mount TV, hang shelves, patch drywall)",120.7,233.35,160.93,190.06,As soon as possible
synthetic-65b454519ab962f227ffa77d,Appliance Repair,,11201,2026-02,Repair 1 household appliance(s),278.62,538.66,371.49,,Within 1-2 weeks
synthetic-0f284257ead29c25d7e7bffc,Remodeling,,95014,2026-06,Remodel 2 rooms,6503.4,12573.24,8671.2,,As soon as possible
synthetic-251387c4208226a73992c888,Electrical,,75007,2026-04,Install 3 outlets or switches,306.56,592.69,408.75,,I'm flexible
synthetic-c9f6d710f3ad1e4794c25739,Electrical,,94105,2026-04,Install 3 outlets or switches,511.88,989.63,682.5,673.93,As soon as possible
synthetic-1d0074ce6e85f4597dde895a,Plumbing,,94105,2026-04,"Replace 3 plumbing fixtures, you supply materials",355.49,687.28,473.99,,As soon as possible
synthetic-5983aaebed80de4562e81f21,Handyman,,94105,2026-05,"Handyman visit: 1 small tasks (mount TV, hang shelves, patch drywall)",206.0,398.27,274.67,,As soon as possible
synthetic-633a159cd6ecf4b953acb70b,HVAC,,75007,2026-03,Service 2 HVAC unit(s),606.57,1172.7,808.76,705.42,Within 1 month
synthetic-bc890f212a40987be5f2c955,Cleaning,,75007,2026-04,"Standard home cleaning, 4 rooms",151.85,293.57,202.46,,Within 1-2 weeks
synthetic-e8bf95d69d0a2b7a90803a1e,Pest Control,,94105,2026-01,Pest treatment for a 4BR home,675.26,1305.51,900.35,,I'm flexible
synthetic-486d9f67f3bf061bcbb8b596,Pool,,94105,2026-06,"Pool service package, 3 visits",4960.83,9590.94,6614.44,,I'm flexible
synthetic-862b589e650a4eb4452a8542,HVAC,,10023,2026-06,"Service 5 HVAC unit(s), you supply materials",944.44,1825.92,1259.26,1513.8,Within 1-2 weeks
synthetic-7257a49535aff8995f20bc66,Handyman,,75007,2026-05,"Handyman visit: 4 small tasks (mount TV, hang shelves, patch drywall), you supply materials",131.24,253.73,174.99,,As soon as possible
synthetic-4bf30470f62ad9cdea909784,Landscaping,,10023,2026-01,Mow and trim 3 yard sections,585.6,1132.16,780.8,,Within 1-2 weeks
synthetic-a4f5105c95acc29b4c4ab32e,Plumbing,,95014,2026-05,Replace 2 plumbing fixtures,411.79,796.13,549.05,494.94,Within 1-2 weeks
synthetic-16c7bf606056592cad3ac6be,Electrical,,94105,2026-04,Install 2 outlets or switches,466.65,902.2,622.21,569.51,Within 1-2 weeks
synthetic-52ba8f6e392c87b8682a4d75,Appliance Repair,,75007,2026-05,"Repair 2 household appliance(s), you supply materials",198.35,383.47,264.46,,As soon as possible
synthetic-ac30d6a7a6c61b463c76a3e0,Cleaning,,11201,2026-02,"Standard home cleaning, 5 rooms",242.6,469.02,323.46,,Within 1-2 weeks
synthetic-4370167d36e1a95f5ae538b9,Landscaping,,94105,2026-02,Mow and trim 6 yard sections,571.9,1105.67,762.53,,Within 1-2 weeks
synthetic-4208ebff67e2f72b4893f10b,Exterior,,11201,2026-06,"Power wash 2 exterior surfaces, you supply materials",715.32,1382.95,953.76,847.31,I'm flexible
synthetic-01ad80d3d23337765a699f43,Plumbing,,75201,2026-05,"Replace 6 plumbing fixtures, you supply materials",245.72,475.06,327.63,,Within 1 month
synthetic-0db9394911339e70c59a688c,Plumbing,,94105,2026-04,"Replace 3 plumbing fixtures, you supply materials",366.28,708.14,488.37,,Within 1 month
synthetic-efed7befae008f2f03e4fb86,Electrical,,10023,2026-05,Install 3 outlets or switches,426.24,824.06,568.31,,Within 1 month
synthetic-d224fb1f5eded6942f3ed8bd,Pest Control,,11201,2026-02,Pest treatment for a 3BR home,652.28,1261.08,869.71,,As soon as possible
synthetic-ef6a7708a43fce29b8cc407e,Plumbing,,95014,2026-01,"Replace 4 plumbing fixtures, you supply materials",389.11,752.28,518.81,,I'm flexible
synthetic-d209e21d1c3708b49f151734,Pest Control,,75007,2026-05,Pest treatment for a 8BR home,392.02,757.9,522.69,,As soon as possible
synthetic-cba464fa60af380a62c3cde4,Flooring,,11201,2026-04,"Install flooring, 203 sqft",1599.86,3093.05,2133.14,,Within 1-2 weeks
synthetic-011b518ad65b79516efe646c,Plumbing,,95014,2026-02,Replace 2 plumbing fixtures,362.71,701.24,483.62,394.62,Within 1-2 weeks
synthetic-14f2bde5a8346386f08931fb,HVAC,,11201,2026-01,"Service 2 HVAC unit(s), you supply materials",917.07,1773.01,1222.76,1192.4,As soon as possible
synthetic-a9ea0168c0c08a28c196cf5b,HVAC,,75007,2026-04,Service 2 HVAC unit(s),605.37,1170.38,807.16,,I'm flexible
synthetic-9c84d4367d85a1e86fc34f16,Electrical,,95014,2026-05,Install 7 outlets or switches,518.96,1003.32,691.94,,Within 1 month
synthetic-b0c07c8648779910cb0f0b3d,Auto,,75201,2026-02,Mobile service for 1 vehicle(s),346.25,669.42,461.67,,Within 1-2 weeks
synthetic-c8b535add9f8f7115431ef58,Handyman,,75007,2026-03,"Handyman visit: 3 small tasks (mount TV, hang shelves, patch drywall)",129.45,250.28,172.61,174.34,I'm flexible
synthetic-1cd257f2dfb8b35f12ad3fcd,Landscaping,,11201,2026-04,Mow and trim 3 yard sections,593.73,1147.88,791.64,,I'm flexible
synthetic-aa562bfdfe0f7ebdfe9a6445,Landscaping,,10023,2026-03,Mow and trim 5 yard sections,546.69,1056.94,728.92,,Within 1 month
synthetic-5eb9a5824e5b8f7d71a0e934,Plumbing,,11201,2026-04,Replace 3 plumbing fixtures,348.93,674.6,465.24,,Within 1 month
synthetic-86b701f010820d38ae7bf0f2,Pest Control,,10023,2026-05,Pest treatment for a 5BR home,633.12,1224.03,844.16,835.82,Within 1-2 weeks
synthetic-67855100f84d1fa4374508de,Moving,,95014,2026-06,"Move 6 rooms of furniture, you supply materials",1287.42,2489.02,1716.57,,Within 1 month
synthetic-48f29a222d0b0cf3fb496f26,Auto,,75007,2026-03,Mobile service for 1 vehicle(s),336.23,650.04,448.3,,Within 1 month
synthetic-d5f6decb41c6c678dbb49c4d,Cleaning,,75007,2026-06,"Standard home cleaning, 7 rooms, you supply materials",165.36,319.69,220.48,183.85,As soon as possible
synthetic-69e275c367c5e12568ee9195,Handyman,,75201,2026-03,"Handyman visit: 3 small tasks (mount TV, hang shelves, patch drywall), you supply materials",128.4,248.23,171.19,,Within 1-2 weeks
synthetic-e5b35db1813a266e0c27fd33,HVAC,,94105,2026-01,Service 1 HVAC unit(s),973.39,1881.89,1297.85,,I'm flexible
synthetic-0dba5146c01f0a358e88f3e6,Handyman,,75201,2026-02,"Handyman visit: 1 small tasks (mount TV, hang shelves, patch drywall)",135.07,261.14,180.09,141.37,I'm flexible
synthetic-15904a295b295f251b28c77a,Flooring,,95014,2026-05,"Install flooring, 164 sqft",1692.87,3272.88,2257.16,,Within 1-2 weeks
synthetic-957a9b4f6799d0603cbe5d84,Appliance Repair,,95014,2026-05,Repair 1 household appliance(s),337.95,653.37,450.6,,Within 1 month
synthetic-0aec08e71f50a295eda749f3,Painting,,75007,2026-05,Paint 4 rooms,933.41,1804.6,1244.55,1761.05,I'm flexible
synthetic-ec20d7e9c1ca9a10a8b1ed81,Exterior,,95014,2026-04,Power wash 7 exterior surfaces,719.64,1391.31,959.52,1245.66,Within 1 month
synthetic-507dca440b00ccb8581eec16,Appliance Repair,,75007,2026-05,Repair 1 household appliance(s),184.9,357.47,246.53,186.75,Within 1 month
synthetic-4b9abea4a1429364398c64ce,Cleaning,,10023,2026-06,"Standard home cleaning, 3 rooms",227.61,440.05,303.49,,As soon as possible
synthetic-4ebfea6aafdd7d3ec229f157,Painting,,10023,2026-03,Paint 1 rooms,1556.58,3009.38,2075.44,,I'm flexible
synthetic-afafd7f2bd929a92eae91ff6,Pest Control,,95014,2026-03,"Pest treatment for a 1BR home, you supply materials",703.69,1360.46,938.25,,Within 1-2 weeks
synthetic-e8091423b0526172c876dc01,Cleaning,,75007,2026-06,"Standard home cleaning, 3 rooms",134.85,260.71,179.8,159.05,Within 1-2 weeks
synthetic-69703eb9929c86c2b66679ae,Electrical,,75201,2026-02,Install 9 outlets or switches,326.73,631.68,435.64,,I'm flexible
synthetic-1310e2abcef8985a066a30b8,Handyman,,10023,2026-05,"Handyman visit: 2 small tasks (mount TV, hang shelves, patch drywall)",190.79,368.86,254.39,241.66,As soon as possible
synthetic-27edb6c554724c6000df3a09,Pest Control,,75201,2026-04,"Pest treatment for a 2BR home, you supply materials",415.02,802.37,553.36,,Within 1 month
synthetic-80be11dde8ade341dc7a5f06,Handyman,,94105,2026-05,"Handyman visit: 4 small tasks (mount TV, hang shelves, patch drywall)",190.38,368.08,253.85,286.93,Within 1-2 weeks
synthetic-2124738ba133cc87e04a8597,Cleaning,,94105,2026-03,"Standard home cleaning, 2 rooms, you supply materials",238.71,461.5,318.28,210.02,I'm flexible
synthetic-506876ee0d0bac17223df28f,Pest Control,,95014,2026-01,Pest treatment for a 2BR home,658.08,1272.29,877.44,834.11,Within 1 month
synthetic-0cca27fbc351d4d9d0cd7ec8,Pool,,11201,2026-03,"Pool service package, 6 visits",4423.86,8552.8,5898.48,7111.52,Within 1-2 weeks
synthetic-e66e7a676212a2a59785c9da,Electrical,,10023,2026-02,Install 11 outlets or switches,462.49,894.15,616.65,,Within 1 month
synthetic-92de70a4e5c4748587ea3acf,Auto,,94105,2026-06,"Mobile service for 1 vehicle(s), you supply materials",519.35,1004.07,692.46,,Within 1 month
synthetic-5ea5866db60f3546a3381f00,Handyman,,75007,2026-04,"Handyman visit: 4 small tasks (mount TV, hang shelves, patch drywall)",131.85,254.91,175.8,,As soon as possible
synthetic-d8f83a038577977036cc469b,Pest Control,,95014,2026-04,Pest treatment for a 3BR home,690.7,1335.36,920.94,,Within 1-2 weeks
synthetic-90520cf63781c2995c404996,Moving,,75007,2026-05,Move 4 rooms of furniture,818.1,1581.66,1090.8,1115.56,I'm flexible
synthetic-3fd10fb3b37550b6f79fea97,Chimney,,75201,2026-01,"Inspect and sweep 1 chimney(s), you supply materials",444.5,859.37,592.67,,As soon as possible
synthetic-612a6f8df9ba88498927ba1b,Landscaping,,10023,2026-02,Mow and trim 4 yard sections,565.79,1093.85,754.38,,As soon as possible
synthetic-c96cc33b7fd0f8e09b577bc0,Cleaning,,95014,2026-06,"Standard home cleaning, 11 rooms",239.75,463.51,319.66,334.1,I'm flexible
synthetic-0b07c75cb677066244b38d6c,Auto,,75201,2026-04,Mobile service for 1 vehicle(s),351.64,679.84,468.85,,Within 1-2 weeks
synthetic-2072bb3210e5c5783ef8a1c9,Electrical,,75007,2026-06,Install 2 outlets or switches,282.89,546.91,377.18,,Within 1-2 weeks
synthetic-cd0050dc2623de2048a641f7,Exterior,,94105,2026-02,Power wash 3 exterior surfaces,765.86,1480.67,1021.15,,As soon as possible
synthetic-ba7b59bb96b893480eb3db84,Painting,,75007,2026-06,"Paint 2 rooms, you supply materials",929.14,1796.34,1238.86,,As soon as possible
synthetic-414216286a558c59ec2c1d5f,HVAC,,94105,2026-01,Service 1 HVAC unit(s),1002.08,1937.35,1336.1,,As soon as possible
synthetic-7d0fcd296a8bae89890f143d,Handyman,,75201,2026-02,"Handyman visit: 3 small tasks (mount TV, hang shelves, patch drywall)",128.36,248.17,171.15,156.77,I'm flexible
synthetic-67f259b6d3d1b24ee429d612,HVAC,,75201,2026-06,Service 1 HVAC unit(s),640.28,1237.87,853.71,,As soon as possible
synthetic-a9b7f8d6b69673bcc12c9c50,Plumbing,,10023,2026-02,Replace 2 plumbing fixtures,334.18,646.09,445.58,,As soon as possible
synthetic-2d893063370634638586deee,Plumbing,,10023,2026-06,Replace 5 plumbing fixtures,356.65,689.53,475.54,,As soon as possible
synthetic-e03793f897c9fbd31aa82af5,Painting,,94105,2026-03,"Paint 5 rooms, you supply materials",1506.06,2911.72,2008.08,,Within 1-2 weeks
synthetic-73aab9c395f33aa69bc9e961,Cleaning,,11201,2026-05,"Standard home cleaning, 2 rooms, you supply materials",204.09,394.57,272.12,240.41,Within 1 month
synthetic-edaf8fb9866f8b7141645685,Cleaning,,11201,2026-01,"Standard home cleaning, 3 rooms",217.51,420.52,290.01,,Within 1-2 weeks
synthetic-baabad7e91e15a838c9cdf15,Painting,,94105,2026-02,Paint 1 rooms,1514.43,2927.9,2019.24,2165.84,Within 1-2 weeks
synthetic-841fcf8bb155008a41cca714,Handyman,,75201,2026-03,"Handyman visit: 7 small tasks (mount TV, hang shelves, patch drywall)",124.22,240.17,165.63,180.55,As soon as possible
synthetic-a0ef3f12d5a154d2715093c5,Appliance Repair,,75201,2026-02,Repair 1 household appliance(s),199.96,386.59,266.61,,Within 1 month
synthetic-0be02d2f975b23f6fe2056e1,Cleaning,,10023,2026-01,"Standard home cleaning, 6 rooms",232.96,450.4,310.62,,As soon as possible
synthetic-31ead72a3c75bc8504216b03,Appliance Repair,,10023,2026-05,Repair 1 household appliance(s),296.22,572.7,394.96,,Within 1 month
synthetic-311a9fe27bdd67c4e707c59a,Painting,,75201,2026-04,Paint 2 rooms,908.04,1755.54,1210.72,1551.92,Within 1 month
synthetic-85c76677aa157df9e8789dba,Cleaning,,11201,2026-03,"Standard home cleaning, 4 rooms",229.2,443.11,305.6,,As soon as possible
synthetic-c0e91b622cb869e280e870ad,General Contractor,,10023,2026-01,"General contracting, 2 work items, you supply materials",3860.51,7463.66,5147.35,,I'm flexible
synthetic-7295267e5c9c09fb3fae6e79,Cleaning,,10023,2026-02,"Standard home cleaning, 3 rooms",215.84,417.28,287.78,286.04,Within 1-2 weeks
synthetic-dfd28f7f7c301d5ef242c240,Pest Control,,95014,2026-03,"Pest treatment for a 2BR home, you supply materials",632.26,1222.37,843.02,,I'm flexible
synthetic-b9ee2aa2deaae6c58f764d27,Painting,,10023,2026-01,Paint 3 rooms,1482.32,2865.81,1976.42,1964.68,I'm flexible
synthetic-e64b0ba4bc98d7db3930854c,General Contractor,,10023,2026-02,"General contracting, 9 work items",4003.06,7739.26,5337.42,,Within 1-2 weeks
synthetic-2daa219bae1d523f8391826b,Landscaping,,10023,2026-06,Mow and trim 7 yard sections,543.77,1051.28,725.02,775.36,Within 1-2 weeks
synthetic-31c725c02849ac6b107e289d,Handyman,,95014,2026-03,"Handyman visit: 3 small tasks (mount TV, hang shelves, patch drywall)",192.37,371.92,256.5,,Within 1-2 weeks
synthetic-c5ee319d76bb48f1f9174dc3,Electrical,,75007,2026-06,Install 4 outlets or switches,317.7,614.23,423.61,,Within 1 month
synthetic-30122180ff5c7facf9bc8f5c,Plumbing,,75007,2026-01,"Replace 2 plumbing fixtures, you supply materials",236.2,456.65,314.93,,I'm flexible
synthetic-a415bad89997a797c4a2d186,Appliance Repair,,10023,2026-01,Repair 1 household appliance(s),305.18,590.02,406.91,477.96,Within 1 month
synthetic-73f80abf5ff3ca4d3c1681e5,Exterior,,75201,2026-02,Power wash 3 exterior surfaces,449.83,869.67,599.78,,Within 1 month
synthetic-48220ac2bf956cb23d9e5397,Auto,,75201,2026-04,"Mobile service for 1 vehicle(s), you supply materials",360.21,696.41,480.28,,Within 1 month
synthetic-7b60dbbd46deecaf25846330,Handyman,,95014,2026-03,"Handyman visit: 4 small tasks (mount TV, hang shelves, patch drywall)",190.46,368.22,253.94,,Within 1-2 weeks
synthetic-dff6df1514e90fca280b9f54,Remodeling,,94105,2026-01,Remodel 2 rooms,6630.1,12818.19,8840.13,8047.01,Within 1-2 weeks
synthetic-c3c3767da50068ff8b4129c2,Handyman,,11201,2026-03,"Handyman visit: 4 small tasks (mount TV, hang shelves, patch drywall)",179.17,346.4,238.9,,I'm flexible
synthetic-8f2c5dff6a4d266bd300ec5d,Electrical,,10023,2026-04,"Install 6 outlets or switches, you supply materials",480.36,928.69,640.47,,Within 1 month
synthetic-57c75ad73d632305f8e9f058,Painting,,75201,2026-01,Paint 2 rooms,979.52,1893.73,1306.02,,As soon as possible
synthetic-a4e0a61968104582f199d0fc,Painting,,10023,2026-01,Paint 1 rooms,1476.16,2853.91,1968.22,,I'm flexible
synthetic-a78fde54e6839e43b3d9f783,Cleaning,,75007,2026-05,"Standard home cleaning, 3 rooms, you supply materials",159.55,308.46,212.73,,I'm flexible
synthetic-1678ce5c1adaf1f116f777b5,HVAC,,75007,2026-06,Service 3 HVAC unit(s),634.41,1226.53,845.88,,I'm flexible
synthetic-1b89fdcf5a396869b2b23456,Cleaning,,10023,2026-04,"Standard home cleaning, 4 rooms",225.93,436.8,301.24,,Within 1 month
synthetic-b644f983310ca17f8923a2ef,Chimney,,11201,2026-06,"Inspect and sweep 1 chimney(s), you supply materials",622.03,1202.59,829.37,609.32,Within 1 month
synthetic-8366ccee0dfad50ef49252e8,Pest Control,,75007,2026-04,"Pest treatment for a 3BR home, you supply materials",376.24,727.39,501.65,,As soon as possible
synthetic-0c0decd2125c1e815549c215,Landscaping,,75007,2026-04,Mow and trim 6 yard sections,375.01,725.02,500.01,,As soon as possible
synthetic-b058bd4f8664351f1cf84c46,Appliance Repair,,95014,2026-02,Repair 1 household appliance(s),317.82,614.45,423.76,,Within 1 month
synthetic-9d6a3988e4483f6483692ed8,Auto,,11201,2026-01,Mobile service for 1 vehicle(s),474.13,916.64,632.17,,Within 1-2 weeks
synthetic-32a1da5e76e3df469d669b56,Painting,,75007,2026-02,"Paint 2 rooms, you supply materials",980.44,1895.53,1307.26,1143.57,Within 1-2 weeks
synthetic-0993036713acc9faa1ad6f56,Cleaning,,75201,2026-03,"Standard home cleaning, 17 rooms, you supply materials",137.1,265.06,182.8,,Within 1 month
synthetic-efe2c0fdf14f35a9bb2f1377,Landscaping,,75007,2026-01,Mow and trim 2 yard sections,381.81,738.16,509.08,,Within 1 month
synthetic-ef73e2d28b18fd61bbf17504,Electrical,,95014,2026-06,Install 7 outlets or switches,463.96,896.98,618.61,876.85,I'm flexible
synthetic-be25a143669ab69723ae261c,Pest Control,,75201,2026-04,"Pest treatment for a 2BR home, you supply materials",397.95,769.38,530.61,,Within 1-2 weeks
synthetic-5cf7d43cfee42ce306ae11ec,Exterior,,95014,2026-03,"Power wash 3 exterior surfaces, you supply materials",743.35,1437.15,991.14,971.36,I'm flexible
synthetic-84fa3ec2e34a727fee400f62,Handyman,,10023,2026-06,"Handyman visit: 5 small tasks (mount TV, hang shelves, patch drywall), you supply materials",174.63,337.61,232.83,,I'm flexible
synthetic-d17e934bf69bbd96aff0959d,Handyman,,94105,2026-06,"Handyman visit: 4 small tasks (mount TV, hang shelves, patch drywall), you supply materials",214.8,415.27,286.4,,Within 1 month
synthetic-df170eccf873eb4ede4529a5,Pest Control,,75007,2026-02,"Pest treatment for a 2BR home, you supply materials",385.5,745.3,514.0,398.53,I'm flexible
synthetic-6bc9cb0c138bfa3ba24886c5,Plumbing,,11201,2026-05,Replace 3 plumbing fixtures,347.86,672.54,463.82,,I'm flexible
synthetic-6d693a3196e86969175e57ba,Landscaping,,10023,2026-06,Mow and trim 7 yard sections,575.19,1112.04,766.93,833.88,Within 1 month
synthetic-ea96f63ce491adc87495647c,Exterior,,11201,2026-06,Power wash 7 exterior surfaces,711.51,1375.58,948.68,,As soon as possible
synthetic-b75b5d58923fe5decee7f612,Cleaning,,11201,2026-01,"Standard home cleaning, 10 rooms",205.29,396.9,273.72,,As soon as possible
synthetic-c34b29b7c6e80691da48f171,Cleaning,,94105,2026-04,"Standard home cleaning, 3 rooms",242.94,469.68,323.92,,I'm flexible
synthetic-181959f4cebf95c61464d280,Appliance Repair,,10023,2026-06,"Repair 3 household appliance(s), you supply materials",293.83,568.08,391.78,,I'm flexible
synthetic-42d2a85a790f06681b05d19d,Landscaping,,95014,2026-05,Mow and trim 5 yard sections,627.23,1212.64,836.3,,Within 1 month
synthetic-15eeb59ef23dd451d12b794d,Flooring,,11201,2026-06,"Install flooring, 1096 sqft",1719.25,3323.88,2292.33,,Within 1 month
synthetic-7cc20c87bb769deb709dc25a,Appliance Repair,,75201,2026-03,Repair 1 household appliance(s),208.42,402.94,277.89,,Within 1-2 weeks
synthetic-e31602cc5c539a45791f15d4,Moving,,95014,2026-02,Move 4 rooms of furniture,1325.32,2562.29,1767.1,,As soon as possible
synthetic-c1035751d60c86b8dd19c107,Painting,,75201,2026-05,"Paint 7 rooms, you supply materials",982.73,1899.94,1310.3,1579.23,Within 1 month
synthetic-aa1d472cd7539aadd287ba50,Pest Control,,94105,2026-02,Pest treatment for a 3BR home,632.08,1222.02,842.77,,As soon as possible
synthetic-cec38dd811bdfef071af7415,Flooring,,95014,2026-06,"Install flooring, 335 sqft",1848.31,3573.39,2464.41,,Within 1 month
synthetic-465b86c34393b938f57eda36,Pest Control,,10023,2026-02,"Pest treatment for a 3BR home, you supply materials",549.03,1061.46,732.04,,I'm flexible
synthetic-aae61d09439d69322dd75e3a,Exterior,,11201,2026-03,Power wash 2 exterior surfaces,749.8,1449.61,999.73,,Within 1 month
synthetic-413fc1bbb978bfe7dc506f55,Auto,,10023,2026-02,Mobile service for 1 vehicle(s),515.79,997.2,687.73,,Within 1-2 weeks
synthetic-47dd3a654d26e2dd330c040c,HVAC,,75201,2026-02,Service 2 HVAC unit(s),638.44,1234.32,851.25,874.93,Within 1 month
synthetic-b6d666ea66e5cd2c9246d914,Flooring,,95014,2026-02,"Install flooring, 419 sqft",1658.93,3207.27,2211.91,1874.63,I'm flexible
synthetic-03d8f609b251efabf03ccf4f,Exterior,,11201,2026-05,Power wash 9 exterior surfaces,686.5,1327.23,915.33,,As soon as possible
synthetic-3b90df084e67c2c0341ae2c2,Exterior,,11201,2026-05,Power wash 3 exterior surfaces,751.81,1453.5,1002.41,,Within 1 month
synthetic-610a8ea2807785eedc7d55d4,Plumbing,,10023,2026-04,Replace 2 plumbing fixtures,388.03,750.19,517.37,,Within 1-2 weeks
synthetic-712dde363c9c8476d5dc2589,Handyman,,11201,2026-04,"Handyman visit: 2 small tasks (mount TV, hang shelves, patch drywall)",185.16,357.98,246.88,,As soon as possible
synthetic-b0413c01efef9c7edddb711a,Plumbing,,11201,2026-02,Replace 2 plumbing fixtures,357.43,691.03,476.57,458.7,Within 1-2 weeks
synthetic-1c0b1300e8a6b50abbeedafa,Remodeling,,75201,2026-05,Remodel 6 rooms,4608.84,8910.43,6145.12,,As soon as possible
synthetic-edaea3bb75a956c3566bf1d6,Handyman,,10023,2026-05,"Handyman visit: 2 small tasks (mount TV, hang shelves, patch drywall)",191.32,369.88,255.09,215.47,Within 1 month
synthetic-5ec42c7d7864b7721085a898,Landscaping,,75201,2026-02,Mow and trim 3 yard sections,386.93,748.07,515.91,518.31,Within 1-2 weeks
synthetic-27130fe0780f9e27ece8590c,Handyman,,11201,2026-02,"Handyman visit: 1 small tasks (mount TV, hang shelves, patch drywall)",182.39,352.63,243.19,195.05,I'm flexible
synthetic-0d08430714f171bbac8ebcf3,Handyman,,10023,2026-06,"Handyman visit: 3 small tasks (mount TV, hang shelves, patch drywall), you supply materials",178.03,344.18,237.37,,I'm flexible
synthetic-e06aa0e67a1fb8fc6d051d6d,Exterior,,75201,2026-05,Power wash 3 exterior surfaces,474.31,916.99,632.41,629.01,Within 1 month
synthetic-35bec837f9b4ad70e8eb5240,Electrical,,75201,2026-05,Install 2 outlets or switches,321.75,622.04,428.99,,Within 1-2 weeks
synthetic-71d143f1b54bfff81efff2eb,Pest Control,,95014,2026-04,Pest treatment for a 7BR home,654.18,1264.76,872.24,,I'm flexible
synthetic-8cdf60ccb9732c55d628faa7,Cleaning,,75201,2026-03,"Standard home cleaning, 11 rooms",151.67,293.23,202.22,,Within 1 month
synthetic-294be9dc29a7c77db4f132cf,Pest Control,,75007,2026-03,Pest treatment for a 8BR home,389.97,753.94,519.96,,I'm flexible
synthetic-37f5f04f6cca43d8af3f0051,Electrical,,75201,2026-02,Install 6 outlets or switches,280.39,542.09,373.86,,As soon as possible
synthetic-dc22211a53bb720675a94773,Landscaping,,10023,2026-06,Mow and trim 5 yard sections,581.64,1124.5,775.52,797.54,I'm flexible
synthetic-457060cbf18f8acdeb4ad6ed,Moving,,75201,2026-01,Move 5 rooms of furniture,827.76,1600.33,1103.68,1196.86,As soon as possible
synthetic-ace88d4c5c85b2f85b059429,Pest Control,,75201,2026-04,Pest treatment for a 4BR home,398.94,771.29,531.93,,Within 1 month
synthetic-97abfce4f9f1504eae8aae1f,Pest Control,,10023,2026-02,Pest treatment for a 6BR home,596.13,1152.51,794.83,,Within 1 month
synthetic-09399307a364e7f55741cc1d,Exterior,,75007,2026-01,Power wash 6 exterior surfaces,496.2,959.32,661.6,,Within 1 month
synthetic-199b62423d6ede822237807b,Exterior,,75201,2026-04,Power wash 3 exterior surfaces,506.21,978.68,674.95,,Within 1-2 weeks
synthetic-1a018eaf533edb24e1b4ae50,Appliance Repair,,10023,2026-04,Repair 1 household appliance(s),292.98,566.43,390.64,356.31,Within 1-2 weeks
synthetic-8478c143752e9eeb69f68b43,Cleaning,,75007,2026-06,"Standard home cleaning, 3 rooms, you supply materials",155.68,300.97,207.57,,Within 1 month
synthetic-829b9b0f9a7d63971c153609,Flooring,,11201,2026-01,"Install flooring, 196 sqft",1752.81,3388.77,2337.08,,Within 1-2 weeks
synthetic-36432ebf93a4ceded9c6532b,Landscaping,,11201,2026-03,"Mow and trim 1 yard sections, you supply materials",597.52,1155.21,796.7,,As soon as possible
synthetic-0289a147561d28cc14c1cc5f,Handyman,,75007,2026-03,"Handyman visit: 6 small tasks (mount TV, hang shelves, patch drywall)",113.99,220.39,151.99,182.41,Within 1 month
synthetic-c6966e12832295349bf96a81,Chimney,,11201,2026-03,Inspect and sweep 1 chimney(s),624.54,1207.45,832.72,,I'm flexible
synthetic-29a6d448ba447e1950e54b26,Appliance Repair,,75201,2026-02,Repair 1 household appliance(s),196.2,379.32,261.6,250.4,Within 1 month
synthetic-3f22a620e93621d8a24f4bc4,Exterior,,75201,2026-02,"Power wash 3 exterior surfaces, you supply materials",482.68,933.18,643.57,543.1,I'm flexible
synthetic-7477ce50172875913826000d,Handyman,,94105,2026-02,"Handyman visit: 4 small tasks (mount TV, hang shelves, patch drywall), you supply materials",202.06,390.65,269.41,,Within 1 month
synthetic-907faed96f561ce88c6546bf,Pest Control,,10023,2026-05,Pest treatment for a 3BR home,643.81,1244.69,858.41,,Within 1 month
synthetic-2023178254d994c4c05b1b5a,Remodeling,,95014,2026-06,Remodel 2 rooms,7523.23,14544.92,10030.98,,I'm flexible
synthetic-d79c8329f93d69730c3b737b,Cleaning,,75201,2026-04,"Standard home cleaning, 4 rooms",153.51,296.79,204.69,197.78,I'm flexible
synthetic-5f585f96b56f31665b384f77,Handyman,,11201,2026-01,"Handyman visit: 4 small tasks (mount TV, hang shelves, patch drywall)",172.5,333.49,230.0,,Within 1 month
synthetic-40a54ed2d0c95b42a8c4396e,Pest Control,,10023,2026-04,"Pest treatment for a 2BR home, you supply materials",607.07,1173.67,809.43,727.08,As soon as possible
synthetic-ff92ff4ce7541f1745fc6d17,Pool,,75007,2026-06,"Pool service package, 3 visits",3299.62,6379.27,4399.5,,Within 1-2 weeks
synthetic-a794ca7cbb6706cfab6cba0e,Pest Control,,75007,2026-02,Pest treatment for a 2BR home,416.8,805.82,555.74,,As soon as possible
synthetic-4903d8c2b6bb9471e1cc55c2,HVAC,,75201,2026-06,"Service 3 HVAC unit(s), you supply materials",604.78,1169.23,806.37,,As soon as possible
synthetic-f2d78e1890df27bb8382d154,Cleaning,,94105,2026-06,"Standard home cleaning, 5 rooms",236.13,456.52,314.84,,Within 1-2 weeks
synthetic-48b94ca4c977eecc08e9fc1f,Plumbing,,10023,2026-06,Replace 3 plumbing fixtures,365.47,706.58,487.3,523.04,I'm flexible
synthetic-4b93fa67b25f292a43fd36cb,Landscaping,,75201,2026-06,Mow and trim 1 yard sections,391.19,756.3,521.59,,As soon as possible
synthetic-0c31824f80287c2d4f6be915,Pool,,95014,2026-03,"Pool service package, 7 visits, you supply materials",5121.07,9900.74,6828.09,,Within 1 month
synthetic-70c3c45a1d8f309e2c3f9f84,Cleaning,,10023,2026-04,"Standard home cleaning, 4 rooms",207.72,401.6,276.97,267.55,I'm flexible
synthetic-22a132d0425de0ce61a70cbc,Landscaping,,94105,2026-04,Mow and trim 4 yard sections,555.0,1073.01,740.01,,I'm flexible
synthetic-1edebf173bbec837c64b4b76,Landscaping,,75201,2026-01,Mow and trim 4 yard sections,373.81,722.7,498.42,,Within 1-2 weeks
synthetic-151e3aca852dfa423171582c,HVAC,,11201,2026-06,"Service 5 HVAC unit(s), you supply materials",939.9,1817.14,1253.2,,Within 1-2 weeks
synthetic-b4df4f4c7f29cdfeafb82282,Electrical,,75201,2026-02,"Install 6 outlets or switches, you supply materials",303.2,586.2,404.27,450.57,As soon as possible
synthetic-8a58e295def5b9c9efcd7b6f,Cleaning,,10023,2026-06,"Standard home cleaning, 9 rooms",219.27,423.92,292.36,,Within 1-2 weeks
synthetic-bd0ac17aa38b400d54700243,Landscaping,,75201,2026-03,"Mow and trim 3 yard sections, you supply materials",365.71,707.04,487.61,,Within 1 month
synthetic-54c33f523f9d755b05adcd39,Pest Control,,11201,2026-01,Pest treatment for a 1BR home,581.54,1124.32,775.39,,As soon as possible
synthetic-597f42b3ada9d26bdb1304b2,Handyman,,94105,2026-01,"Handyman visit: 3 small tasks (mount TV, hang shelves, patch drywall)",197.93,382.66,263.9,,I'm flexible
synthetic-f863891a3894b6f6e555333a,Electrical,,11201,2026-01,Install 5 outlets or switches,449.57,869.17,599.43,,As soon as possible
synthetic-fa0dca448778c54675cf63d8,Electrical,,10023,2026-02,Install 4 outlets or switches,459.32,888.02,612.42,,I'm flexible
synthetic-0526d36f01da6b26d22dcf5b,Landscaping,,10023,2026-04,"Mow and trim 6 yard sections, you supply materials",573.54,1108.84,764.72,680.92,As soon as possible
synthetic-635d760e65c89c020283eb33,Exterior,,10023,2026-06,Power wash 2 exterior surfaces,709.78,1372.23,946.37,,I'm flexible
synthetic-ca6c5c761267c5ebaa2773c1,Remodeling,,75201,2026-05,Remodel 2 rooms,4290.32,8294.62,5720.43,,Within 1 month
synthetic-d4d2c768c4250a7ca79235c5,Exterior,,10023,2026-03,"Power wash 2 exterior surfaces, you supply materials",716.35,1384.95,955.14,745.09,I'm flexible
synthetic-accd0e2d4f971a59a91a1c01,Cleaning,,95014,2026-03,"Standard home cleaning, 11 rooms",226.52,437.93,302.02,,Within 1-2 weeks
synthetic-0a0f09e5b0e7d563e8727c8c,Appliance Repair,,95014,2026-06,Repair 1 household appliance(s),301.82,583.52,402.43,402.55,Within 1 month
synthetic-113b461ebc5cd23ee0fb4754,Exterior,,75007,2026-03,Power wash 2 exterior surfaces,492.56,952.28,656.75,621.03,Within 1-2 weeks
synthetic-4c29e947cee426d9fa894dde,Pest Control,,75201,2026-04,Pest treatment for a 3BR home,420.99,813.92,561.32,,Within 1 month
synthetic-33b9e7ed8fcd276076a71b63,Landscaping,,10023,2026-01,"Mow and trim 8 yard sections, you supply materials",568.15,1098.42,757.53,,Within 1-2 weeks
synthetic-81c1ca01356360be2a12b89e,Painting,,75201,2026-03,Paint 1 rooms,959.72,1855.46,1279.63,,As soon as possible
synthetic-0e52f0ea19e5cb5df9422ac2,Pest Control,,10023,2026-05,Pest treatment for a 3BR home,579.97,1121.28,773.3,913.6,Within 1-2 weeks
synthetic-5bd3238adf8a606cc3c96f55,Cleaning,,10023,2026-05,"Standard home cleaning, 5 rooms",215.56,416.75,287.41,330.89,As soon as possible
synthetic-7fd1c3784742ba4eec67022b,Handyman,,10023,2026-06,"Handyman visit: 3 small tasks (mount TV, hang shelves, patch drywall)",182.73,353.28,243.64,253.59,I'm flexible
synthetic-64e168b98bd0a387f29c9e28,Cleaning,,75007,2026-06,"Standard home cleaning, 7 rooms",151.71,293.31,202.28,,I'm flexible
synthetic-fcf2100d66084e9591cc7a3a,Landscaping,,11201,2026-01,Mow and trim 6 yard sections,580.7,1122.68,774.26,,Within 1 month
synthetic-41d5253b776242d776f68676,Auto,,94105,2026-02,Mobile service for 2 vehicle(s),534.11,1032.62,712.15,,Within 1 month
synthetic-86768a1e9a5a5540c13788fe,Plumbing,,75007,2026-03,"Replace 1 plumbing fixtures, you supply materials",241.39,466.69,321.85,,Within 1 month
synthetic-df11ae48b99b3dc35ed035be,Moving,,11201,2026-01,Move 3 rooms of furniture,1183.99,2289.04,1578.65,,Within 1 month
synthetic-16e040a1b660204f97f5f5dd,General Contractor,,75007,2026-01,"General contracting, 7 work items, you supply materials",2792.47,5398.77,3723.29,3548.53,Within 1-2 weeks
synthetic-40e9532ca809a3e366c19843,Roofing,,11201,2026-01,"Roof repair, 5 sections, you supply materials",5033.81,9732.04,6711.75,,As soon as possible
synthetic-bf736aca26a891f3b71ab3b3,Pest Control,,95014,2026-02,Pest treatment for a 7BR home,674.57,1304.18,899.43,,As soon as possible
synthetic-c31e6eb2fac9272d7ea6adf9,Exterior,,75007,2026-05,Power wash 2 exterior surfaces,512.85,991.51,683.8,,Within 1-2 weeks
synthetic-20ee01bb77054d80b2c717ce,Appliance Repair,,94105,2026-02,Repair 1 household appliance(s),288.83,558.4,385.1,269.08,I'm flexible
synthetic-95b32740da141b2eb5c4a10b,Auto,,10023,2026-06,Mobile service for 1 vehicle(s),531.25,1027.08,708.33,,As soon as possible
synthetic-8a83bc6f72f7a896fecdfc27,Plumbing,,75201,2026-04,Replace 5 plumbing fixtures,234.59,453.54,312.79,,As soon as possible
synthetic-b5819b64914a595545099998,General Contractor,,75201,2026-03,"General contracting, 14 work items",2739.32,5296.01,3652.42,,Within 1 month
synthetic-e79c304266ff8b549ed5fb50,Plumbing,,10023,2026-04,Replace 2 plumbing fixtures,333.86,645.47,445.15,389.02,Within 1 month
synthetic-b3cba9fc84328245ef935add,Handyman,,10023,2026-02,"Handyman visit: 9 small tasks (mount TV, hang shelves, patch drywall)",183.03,353.86,244.04,,I'm flexible
synthetic-b06993409fb02810d0c5330b,Appliance Repair,,75007,2026-05,"Repair 2 household appliance(s), you supply materials",204.51,395.39,272.69,,Within 1-2 weeks
synthetic-d2e020b024758fe6b48375e7,Electrical,,10023,2026-06,Install 7 outlets or switches,430.57,832.44,574.09,628.95,Within 1 month
synthetic-d800db49cc677814ba6cf6e3,Pest Control,,11201,2026-05,"Pest treatment for a 2BR home, you supply materials",652.57,1261.63,870.09,,Within 1-2 weeks
synthetic-0f6285609dce340e3c03bbc4,Chimney,,10023,2026-05,"Inspect and sweep 2 chimney(s), you supply materials",606.23,1172.04,808.3,700.24,Within 1-2 weeks
synthetic-25cb0fa436642ea1ae2a0684,Cleaning,,95014,2026-02,"Standard home cleaning, 2 rooms",243.04,469.87,324.05,,Within 1-2 weeks
synthetic-a32d239e289d2f492875b41d,Cleaning,,95014,2026-05,"Standard home cleaning, 2 rooms, you supply materials",237.39,458.96,316.53,,Within 1-2 weeks
synthetic-8567060bac39e0a20c713c64,Cleaning,,75007,2026-04,"Standard home cleaning, 1 rooms, you supply materials",145.73,281.74,194.3,,Within 1-2 weeks
synthetic-94d7478f7484e123547db841,Landscaping,,75201,2026-02,Mow and trim 4 yard sections,378.8,732.34,505.06,,Within 1 month
synthetic-e83c8a78ae8b1292bac65af0,Exterior,,75201,2026-06,Power wash 4 exterior surfaces,467.04,902.94,622.72,,Within 1 month
synthetic-0c4c1f1c84026c301fae41c2,Electrical,,75201,2026-03,"Install 5 outlets or switches, you supply materials",293.14,566.75,390.86,,I'm flexible
synthetic-9f7d50cee122aa20be429f35,HVAC,,11201,2026-01,Service 2 HVAC unit(s),857.25,1657.36,1143.0,,As soon as possible
synthetic-9d01a8d61c31847929af7450,Pest Control,,11201,2026-04,Pest treatment for a 3BR home,650.87,1258.34,867.82,,Within 1-2 weeks
synthetic-d4858b051c2d2f5e7efd2c9c,Cleaning,,11201,2026-04,"Standard home cleaning, 5 rooms",233.32,451.09,311.1,,I'm flexible
synthetic-9431caec5a73365c544c4686,HVAC,,10023,2026-04,Service 2 HVAC unit(s),883.78,1708.64,1178.38,,As soon as possible
synthetic-289aeb2515ea7831947d9cec,Plumbing,,75201,2026-06,"Replace 6 plumbing fixtures, you supply materials",245.06,473.77,326.74,,Within 1-2 weeks
synthetic-f17e00b180131dff82049207,Electrical,,75201,2026-06,Install 2 outlets or switches,296.4,573.04,395.2,,As soon as possible
synthetic-cf9506040d17111f6f6d215d,Cleaning,,95014,2026-06,"Standard home cleaning, 5 rooms, you supply materials",242.76,469.34,323.69,231.63,Within 1 month
synthetic-22fc59c3603b2ee6fe043a97,Appliance Repair,,75007,2026-01,Repair 1 household appliance(s),192.96,373.05,257.28,,I'm flexible
synthetic-83d4abb95dd6f4e59ac8d92f,Painting,,75201,2026-01,Paint 3 rooms,945.62,1828.2,1260.83,1223.49,I'm flexible
synthetic-74eb4ac509449273bccff661,Cleaning,,94105,2026-02,"Standard home cleaning, 4 rooms",242.62,469.06,323.49,,As soon as possible
synthetic-89eee557aafb87e09201cfbe,Handyman,,75201,2026-01,"Handyman visit: 4 small tasks (mount TV, hang shelves, patch drywall)",131.86,254.94,175.82,,As soon as possible
synthetic-c48d514e8179088a6d81b934,Painting,,11201,2026-05,Paint 2 rooms,1415.3,2736.24,1887.06,,Within 1-2 weeks
synthetic-4f4b4afa00419eae8d20fbc2,Exterior,,94105,2026-05,Power wash 2 exterior surfaces,763.77,1476.62,1018.36,,Within 1-2 weeks
synthetic-0c70b7fc08638d8c3574abf9,Cleaning,,94105,2026-02,"Standard home cleaning, 4 rooms, you supply materials",242.63,469.09,323.51,,Within 1 month
synthetic-d439c33a0a27b529c80cb9e0,Appliance Repair,,11201,2026-05,Repair 1 household appliance(s),269.84,521.69,359.78,,As soon as possible
synthetic-ac055f086e7036c24845db57,Plumbing,,75007,2026-05,Replace 1 plumbing fixtures,223.63,432.34,298.17,253.26,Within 1 month
synthetic-4c020c9550491afdf6bffd80,Handyman,,75201,2026-06,"Handyman visit: 3 small tasks (mount TV, hang shelves, patch drywall)",132.84,256.83,177.12,,Within 1-2 weeks
synthetic-7a82f3c7583ed423ad29ee92,Flooring,,75201,2026-04,"Install flooring, 1202 sqft",1115.83,2157.27,1487.77,,I'm flexible
synthetic-86951452a3ed44fc1f9d966e,HVAC,,75007,2026-04,Service 1 HVAC unit(s),583.87,1128.82,778.49,,I'm flexible
synthetic-8ff102d4128ff57ab61f7d8c,Appliance Repair,,11201,2026-05,Repair 1 household appliance(s),275.63,532.88,367.5,,Within 1 month
synthetic-fe0144527d0837969cb96184,Roofing,,75201,2026-04,"Roof repair, 2 sections",3546.54,6856.65,4728.73,,I'm flexible
synthetic-dccb7ee470d9ae7bc41c3583,Pest Control,,75201,2026-02,"Pest treatment for a 1BR home, you supply materials",423.53,818.82,564.71,,I'm flexible
synthetic-c7ed2cf6fa6e234c5f7ed659,Pest Control,,10023,2026-02,Pest treatment for a 9BR home,578.87,1119.14,771.82,,I'm flexible
synthetic-9588a12114aca1888e5df78c,Painting,,94105,2026-03,Paint 2 rooms,1416.61,2738.79,1888.82,2420.69,Within 1-2 weeks
synthetic-c414abe78d1b753d226d798e,Plumbing,,11201,2026-01,"Replace 3 plumbing fixtures, you supply materials",351.33,679.23,468.44,447.9,As soon as possible
synthetic-80c82290541b07a9735629bd,Exterior,,75007,2026-04,"Power wash 3 exterior surfaces, you supply materials",502.18,970.89,669.58,,Within 1-2 weeks
synthetic-667908482db094107525a980,HVAC,,75007,2026-01,Service 3 HVAC unit(s),675.99,1306.92,901.32,,As soon as possible
synthetic-a556098efdc6a226b13a67a8,Pest Control,,75007,2026-05,Pest treatment for a 1BR home,437.21,845.27,582.95,,Within 1 month
synthetic-555238d6e17f2f63a508dd4b,Painting,,75201,2026-03,"Paint 1 rooms, you supply materials",942.48,1822.14,1256.65,,Within 1-2 weeks
synthetic-01633f015c37b13445404db8,Pool,,95014,2026-04,"Pool service package, 1 visits",4780.43,9242.17,6373.91,,As soon as possible
synthetic-87bb6eda2aa0c4486699ff6a,Plumbing,,11201,2026-03,"Replace 4 plumbing fixtures, you supply materials",350.08,676.81,466.77,,Within 1 month
synthetic-8ad4c3ac1f261af07b250ae0,Exterior,,75201,2026-01,Power wash 4 exterior surfaces,494.48,956.0,659.31,745.92,As soon as possible
synthetic-3a7039d167e1f21eed44cf28,Plumbing,,11201,2026-04,Replace 3 plumbing fixtures,363.01,701.81,484.01,527.15,Within 1 month
synthetic-f13a8a822045759f4af468bb,Landscaping,,95014,2026-06,Mow and trim 6 yard sections,588.64,1138.04,784.86,,I'm flexible
synthetic-d1f00bd1fbc6976469a42cc3,Flooring,,75201,2026-05,"Install flooring, 452 sqft",1135.67,2195.63,1514.23,1258.32,Within 1 month
synthetic-1981fdc29b2dd0d2b2fe18a9,Exterior,,11201,2026-03,Power wash 2 exterior surfaces,733.16,1417.45,977.55,,Within 1 month
synthetic-b88a2fd08c00b9f7b4b48083,Handyman,,95014,2026-05,"Handyman visit: 2 small tasks (mount TV, hang shelves, patch drywall)",197.46,381.76,263.28,,Within 1-2 weeks
synthetic-9be2080b4973177e3baba547,Exterior,,75201,2026-01,Power wash 5 exterior surfaces,496.79,960.46,662.39,,Within 1-2 weeks
synthetic-20ace283df040c5e72429c20,Flooring,,11201,2026-05,"Install flooring, 419 sqft",1781.58,3444.4,2375.45,,Within 1-2 weeks
synthetic-8f17254cc112ef440ea8514d,Pool,,94105,2026-03,"Pool service package, 3 visits",4653.45,8996.68,6204.61,,Within 1 month
synthetic-3ff9c0b7b19550181b290765,Plumbing,,11201,2026-06,Replace 4 plumbing fixtures,312.72,604.59,416.96,,As soon as possible
synthetic-26df49c5d6583ec9c4d67f26,Cleaning,,11201,2026-02,"Standard home cleaning, 3 rooms, you supply materials",215.45,416.54,287.27,,I'm flexible
synthetic-c775e9fe1e871f4ce6dd93e7,Flooring,,94105,2026-03,"Install flooring, 188 sqft",1800.99,3481.92,2401.32,,As soon as possible
synthetic-79f94ba8500d1ec99ae3eab6,Painting,,11201,2026-06,Paint 3 rooms,1534.21,2966.13,2045.61,,I'm flexible
synthetic-b85822310e4504014ae51d87,Appliance Repair,,95014,2026-02,Repair 1 household appliance(s),281.81,544.83,375.74,,Within 1-2 weeks
synthetic-8c73bf9bc25e7f231083efd0,Appliance Repair,,10023,2026-05,Repair 2 household appliance(s),278.78,538.97,371.7,,Within 1-2 weeks
synthetic-44de16b886e4ecfd4514122b,Landscaping,,11201,2026-02,"Mow and trim 4 yard sections, you supply materials",569.78,1101.58,759.71,753.48,I'm flexible
synthetic-93f8124cb2a16b3246a038b8,Exterior,,95014,2026-04,Power wash 5 exterior surfaces,723.56,1398.89,964.75,970.68,Within 1 month
synthetic-5806faeb775a770d182ed6e2,Appliance Repair,,11201,2026-04,Repair 1 household appliance(s),260.78,504.17,347.71,,Within 1 month
synthetic-b3ee4348c6104eb50cc2e5f5,HVAC,,95014,2026-04,"Service 3 HVAC unit(s), you supply materials",966.94,1869.42,1289.25,,Within 1 month
synthetic-f82b6e124d11023f0e51a772,Pest Control,,10023,2026-06,"Pest treatment for a 4BR home, you supply materials",607.3,1174.12,809.74,835.42,As soon as possible
synthetic-ca17bbdb2eb27cf08f844128,Handyman,,75201,2026-04,"Handyman visit: 1 small tasks (mount TV, hang shelves, patch drywall)",131.69,254.59,175.58,,I'm flexible
synthetic-5e485a7651cdcb27fd1f52e2,Cleaning,,95014,2026-01,"Standard home cleaning, 5 rooms",235.38,455.07,313.84,,Within 1 month
synthetic-d44b101f031feb380604bf3d,Moving,,95014,2026-06,Move 6 rooms of furniture,1350.82,2611.59,1801.1,,Within 1-2 weeks
synthetic-ccb62907459f86e59a19169a,Appliance Repair,,75201,2026-04,Repair 1 household appliance(s),195.3,377.59,260.4,295.94,I'm flexible
synthetic-2bc86278ab365ffca4966be4,Pest Control,,10023,2026-06,Pest treatment for a 3BR home,580.3,1121.92,773.74,,Within 1-2 weeks
synthetic-e9d53e8faf37130f52502146,Cleaning,,75007,2026-04,"Standard home cleaning, 1 rooms",150.23,290.45,200.31,,Within 1-2 weeks
synthetic-a783998ade7efde1b7af9291,Exterior,,94105,2026-05,Power wash 4 exterior surfaces,767.09,1483.03,1022.78,,As soon as possible
synthetic-8d468de7e6d80693bc72a138,Plumbing,,10023,2026-06,Replace 2 plumbing fixtures,365.89,707.38,487.85,452.47,I'm flexible
synthetic-2f32a6de71e7384c798fedd6,Cleaning,,11201,2026-02,"Standard home cleaning, 5 rooms",230.87,446.35,307.83,,Within 1 month
synthetic-e7c9839d9bef0e4405ed9621,HVAC,,11201,2026-01,Service 2 HVAC unit(s),1014.73,1961.81,1352.97,,Within 1-2 weeks
synthetic-f9754d9afcbe1c5307c690be,Cleaning,,11201,2026-03,"Standard home cleaning, 3 rooms, you supply materials",223.57,432.24,298.1,,As soon as possible
synthetic-5d046d3043e693b14d21a287,Plumbing,,75007,2026-03,Replace 3 plumbing fixtures,249.67,482.7,332.89,,I'm flexible
synthetic-d12fcafe1509b7488f39cbda,Handyman,,95014,2026-06,"Handyman visit: 5 small tasks (mount TV, hang shelves, patch drywall)",198.37,383.51,264.49,,I'm flexible
synthetic-131c534a9104b15344062849,Exterior,,75007,2026-02,Power wash 1 exterior surfaces,464.35,897.74,619.13,,Within 1 month
synthetic-e3a830b731c04d2ad8b6279b,Landscaping,,11201,2026-05,"Mow and trim 3 yard sections, you supply materials",567.04,1096.27,756.05,,Within 1-2 weeks
synthetic-98bc4e1579bb98e343e544a1,Cleaning,,75201,2026-05,"Standard home cleaning, 3 rooms, you supply materials",148.75,287.59,198.34,,Within 1-2 weeks
synthetic-05065d8fd770b8580086887e,Electrical,,94105,2026-04,Install 7 outlets or switches,479.81,927.64,639.75,,Within 1 month
synthetic-ae46bfce9dc44eb8f5114b3b,Exterior,,75007,2026-02,Power wash 5 exterior surfaces,523.67,1012.44,698.23,740.03,Within 1 month
synthetic-130df9c88696d584e7ad06d8,Cleaning,,95014,2026-02,"Standard home cleaning, 4 rooms",230.13,444.92,306.84,,Within 1-2 weeks
synthetic-ee3d3268de5cea8110b228a5,Pest Control,,75007,2026-03,Pest treatment for a 1BR home,387.91,749.96,517.21,,Within 1 month
synthetic-5c98f6fea95c39750740f946,Handyman,,94105,2026-03,"Handyman visit: 4 small tasks (mount TV, hang shelves, patch drywall)",198.0,382.81,264.01,,As soon as possible
synthetic-d6e3c454144a21e0ab2b05df,Cleaning,,10023,2026-03,"Standard home cleaning, 2 rooms, you supply materials",217.24,419.99,289.65,,I'm flexible
synthetic-2797cf99a47a18fe7a9c063c,Pest Control,,10023,2026-02,"Pest treatment for a 4BR home, you supply materials",620.63,1199.89,827.51,,Within 1-2 weeks
synthetic-66942f22d5c07cf4a2000acd,Pool,,75201,2026-04,"Pool service package, 10 visits, you supply materials",3162.59,6114.34,4216.78,,Within 1 month
synthetic-43ef7e0983b090c81ff55c1a,Chimney,,11201,2026-04,Inspect and sweep 1 chimney(s),599.62,1159.27,799.5,,Within 1-2 weeks
synthetic-55ba0ff371f80a4d28e88fde,Handyman,,10023,2026-04,"Handyman visit: 3 small tasks (mount TV, hang shelves, patch drywall)",177.34,342.85,236.45,,As soon as possible
synthetic-f1a195939a6aa806f124875e,Auto,,11201,2026-02,Mobile service for 1 vehicle(s),533.54,1031.5,711.38,,As soon as possible
synthetic-f674f5599ddcb46557160ede,HVAC,,11201,2026-06,"Service 3 HVAC unit(s), you supply materials",915.12,1769.23,1220.16,,As soon as possible
synthetic-aeb0d8a5f9dabe23dc3fadbc,Handyman,,11201,2026-01,"Handyman visit: 4 small tasks (mount TV, hang shelves, patch drywall), you supply materials",189.04,365.49,252.06,,Within 1 month
synthetic-6bfc5ffe208ea9c733eed1d6,Electrical,,94105,2026-04,Install 3 outlets or switches,460.64,890.58,614.19,,I'm flexible
synthetic-bda4e0b6388140bab6412967,Pest Control,,95014,2026-01,Pest treatment for a 4BR home,635.44,1228.51,847.25,,I'm flexible
synthetic-115d2e3712ee8faaec7b0792,Appliance Repair,,75007,2026-04,Repair 1 household appliance(s),197.89,382.59,263.85,,Within 1 month
synthetic-3dd1c9b3e949fbd8c3743fa3,Cleaning,,11201,2026-02,"Standard home cleaning, 10 rooms",223.3,431.72,297.74,415.88,As soon as possible
synthetic-5c413b866bc1731b1f980a55,Plumbing,,10023,2026-06,Replace 11 plumbing fixtures,348.51,673.78,464.68,,Within 1-2 weeks
synthetic-dc71dd3959d4767bba71a595,Auto,,10023,2026-03,Mobile service for 1 vehicle(s),495.86,958.66,661.14,806.98,As soon as possible
synthetic-a2c608aee7051acdad83b193,Auto,,75201,2026-06,Mobile service for 1 vehicle(s),369.46,714.28,492.61,447.34,As soon as possible
synthetic-d7f94a8b5df127abeb4efa6d,Exterior,,75007,2026-01,"Power wash 3 exterior surfaces, you supply materials",476.32,920.89,635.1,,I'm flexible
synthetic-0ff7a16f673d4b1b805328ad,Cleaning,,75007,2026-04,"Standard home cleaning, 3 rooms",140.93,272.47,187.91,205.79,I'm flexible
synthetic-fa4e3267eca2e8e06e2c4081,HVAC,,10023,2026-01,Service 5 HVAC unit(s),842.12,1628.1,1122.83,,Within 1-2 weeks
synthetic-c38f525519dd9fbd2c452801,General Contractor,,11201,2026-02,"General contracting, 2 work items",4319.29,8350.62,5759.05,,Within 1 month
synthetic-49e2093d23a09cf2060e4591,Electrical,,75007,2026-05,Install 3 outlets or switches,337.03,651.6,449.38,,Within 1-2 weeks
synthetic-9d31feb1b68a3cc7ea4f4108,Electrical,,75007,2026-04,Install 5 outlets or switches,320.07,618.81,426.77,,Within 1 month
synthetic-1c0bea0caaf5ee1cfb466dbf,Cleaning,,94105,2026-03,"Standard home cleaning, 6 rooms",253.98,491.03,338.64,433.61,As soon as possible
synthetic-2a3eb457875120d1eaa503fe,Electrical,,75201,2026-05,Install 5 outlets or switches,301.68,583.25,402.24,,Within 1-2 weeks
synthetic-68b11e4172f2305c18c4a217,Painting,,75007,2026-06,Paint 2 rooms,1042.81,2016.09,1390.41,,I'm flexible
synthetic-79fa1afb67116ea5f70490ef,Cleaning,,75201,2026-04,"Standard home cleaning, 4 rooms",154.19,298.1,205.59,,Within 1-2 weeks
synthetic-01976a77ba687c68a309b61a,Chimney,,95014,2026-02,"Inspect and sweep 1 chimney(s), you supply materials",706.31,1365.52,941.74,,I'm flexible
synthetic-fc360f96399b55a86b57d696,Roofing,,94105,2026-03,"Roof repair, 2 sections",5437.16,10511.85,7249.55,6162.39,Within 1 month
synthetic-df36429eeeb8d6c4a3405754,Plumbing,,75007,2026-03,Replace 4 plumbing fixtures,244.72,473.13,326.3,,Within 1 month
synthetic-650ec71a3b8e0d258c8cb4a5,Chimney,,75201,2026-02,Inspect and sweep 1 chimney(s),424.9,821.47,566.53,,Within 1 month
synthetic-c06fa702b8981ff0e33952b1,Moving,,11201,2026-01,Move 1 rooms of furniture,1209.15,2337.69,1612.2,,I'm flexible
synthetic-74941f3ffb2bb45ef17feed4,Exterior,,11201,2026-06,Power wash 2 exterior surfaces,762.3,1473.78,1016.4,,Within 1 month
synthetic-ead510123ab77500db52cc8c,Cleaning,,10023,2026-03,"Standard home cleaning, 7 rooms",225.62,436.21,300.83,,Within 1-2 weeks
synthetic-546cb7a6a47a09f84da10ca9,Exterior,,95014,2026-05,"Power wash 4 exterior surfaces, you supply materials",744.5,1439.37,992.67,918.78,I'm flexible
synthetic-ad96b02f90e971a43e73b835,Painting,,75201,2026-03,Paint 4 rooms,938.83,1815.06,1251.77,1523.59,Within 1 month
synthetic-cb6ba3465a766636c17a8814,Flooring,,94105,2026-03,"Install flooring, 414 sqft",1701.58,3289.73,2268.78,,Within 1 month
synthetic-4395c052ad787f9f8ffa1eef,HVAC,,75007,2026-01,Service 1 HVAC unit(s),587.44,1135.72,783.26,,Within 1 month
synthetic-4aeca9b1fddac80fab04c9b2,Handyman,,75201,2026-03,"Handyman visit: 5 small tasks (mount TV, hang shelves, patch drywall)",128.69,248.81,171.59,,As soon as possible
synthetic-ceeea0905ca6b431968409a8,Electrical,,11201,2026-01,Install 7 outlets or switches,431.17,833.59,574.89,829.11,Within 1-2 weeks
synthetic-4f1673037118ae9dad242708,Auto,,10023,2026-03,Mobile service for 2 vehicle(s),504.2,974.78,672.26,,As soon as possible
synthetic-f13763e242e59c5d47876560,Auto,,95014,2026-05,Mobile service for 3 vehicle(s),550.52,1064.35,734.03,,Within 1 month
synthetic-1f002f5043030665c9055f50,Landscaping,,10023,2026-05,Mow and trim 6 yard sections,541.72,1047.33,722.3,,Within 1 month
synthetic-936991c91444c91dc14e1080,Handyman,,75007,2026-06,"Handyman visit: 4 small tasks (mount TV, hang shelves, patch drywall), you supply materials",127.23,245.97,169.64,,I'm flexible
synthetic-4d17adfe93f9e560136fa47f,Exterior,,94105,2026-02,Power wash 5 exterior surfaces,737.36,1425.57,983.15,,Within 1-2 weeks
synthetic-36713a747cafeea1000e1bd9,Moving,,95014,2026-04,"Move 4 rooms of furniture, you supply materials",1446.25,2796.09,1928.33,1688.65,As soon as possible
synthetic-8d3458c2a0c350395d31845f,Pest Control,,95014,2026-06,Pest treatment for a 5BR home,626.0,1210.26,834.66,,I'm flexible
synthetic-ce276280427834d03adb938f,Handyman,,75201,2026-01,"Handyman visit: 4 small tasks (mount TV, hang shelves, patch drywall)",126.28,244.14,168.37,,I'm flexible
synthetic-d487640f82ce3fb0d216a100,Plumbing,,75007,2026-05,Replace 2 plumbing fixtures,237.63,459.42,316.84,,I'm flexible
synthetic-6a61ab25047bc9ce9ac76dce,Handyman,,75007,2026-06,"Handyman visit: 5 small tasks (mount TV, hang shelves, patch drywall)",127.46,246.43,169.95,,Within 1-2 weeks
synthetic-fb1165c084ea7e1301abb716,Handyman,,94105,2026-01,"Handyman visit: 3 small tasks (mount TV, hang shelves, patch drywall), you supply materials",191.44,370.12,255.26,,As soon as possible
synthetic-343a8c25e24e10e386df11e0,Handyman,,11201,2026-03,"Handyman visit: 3 small tasks (mount TV, hang shelves, patch drywall)",179.92,347.85,239.9,199.06,I'm flexible
synthetic-5a84c94cd345febc61b3ccc4,Plumbing,,75007,2026-03,Replace 7 plumbing fixtures,242.12,468.09,322.82,,Within 1 month
synthetic-451584376b390028c05ff738,Auto,,94105,2026-03,Mobile service for 1 vehicle(s),533.96,1032.33,711.95,,Within 1 month
synthetic-0faa1cca1077e2b8522641a4,Painting,,11201,2026-03,Paint 6 rooms,1402.21,2710.94,1869.61,,Within 1-2 weeks
synthetic-74ccd8fba7b8ff3f091e590d,Painting,,11201,2026-01,Paint 2 rooms,1346.26,2602.77,1795.01,,Within 1 month
synthetic-d2b9359c66bc0b0872115234,Appliance Repair,,75201,2026-04,Repair 3 household appliance(s),208.36,402.83,277.82,333.13,As soon as possible
synthetic-485e0234555b0a34f1868ad2,Pool,,11201,2026-05,"Pool service package, 2 visits",4190.3,8101.25,5587.07,,Within 1 month
synthetic-8ddef312d8e8a505c38d9498,Pest Control,,10023,2026-02,Pest treatment for a 2BR home,637.28,1232.07,849.7,,Within 1 month
synthetic-9cd414763dcb38571ce11865,Painting,,11201,2026-01,Paint 1 rooms,1455.11,2813.22,1940.15,1816.7,As soon as possible
synthetic-3fe78410fd1f4df05aaa4416,Electrical,,95014,2026-05,"Install 5 outlets or switches, you supply materials",484.26,936.24,645.68,548.81,Within 1-2 weeks
synthetic-2a26970ffae3a2e129d9ace6,Electrical,,75201,2026-02,Install 13 outlets or switches,320.83,620.27,427.77,,As soon as possible
synthetic-df5d4df58447da45725af4c6,Remodeling,,10023,2026-01,"Remodel 2 rooms, you supply materials",6284.16,12149.37,8378.88,,Within 1 month
synthetic-ecb2b89dd657e4ec0b411989,Landscaping,,94105,2026-01,Mow and trim 6 yard sections,615.73,1190.41,820.97,,I'm flexible
synthetic-a3c3d1ed9d735c4808ddae73,Handyman,,75201,2026-04,"Handyman visit: 5 small tasks (mount TV, hang shelves, patch drywall)",125.57,242.77,167.43,,I'm flexible
synthetic-f1a79cc82d6b830d696adc34,Remodeling,,75201,2026-05,Remodel 3 rooms,4642.0,8974.53,6189.33,,Within 1-2 weeks
synthetic-0d2704469851be4bb548616e,Pest Control,,10023,2026-02,Pest treatment for a 6BR home,598.21,1156.55,797.62,1018.91,Within 1-2 weeks
synthetic-208fd35707f2c6a880887b0e,Cleaning,,95014,2026-06,"Standard home cleaning, 3 rooms",228.81,442.36,305.08,,I'm flexible
synthetic-21e80f16e29b71a9ddc4566f,Plumbing,,10023,2026-03,"Replace 12 plumbing fixtures, you supply materials",351.08,678.76,468.11,,Within 1-2 weeks
synthetic-064a0758f1ecbbef669b5a9b,Pest Control,,75007,2026-05,Pest treatment for a 3BR home,433.07,837.26,577.42,,As soon as possible
synthetic-d748ff33f13070c2353a4dac,Plumbing,,10023,2026-01,Replace 9 plumbing fixtures,349.04,674.81,465.39,,I'm flexible
synthetic-f1f8ffc2853b009792dc1620,Electrical,,11201,2026-03,Install 3 outlets or switches,437.8,846.41,583.73,,Within 1 month
synthetic-e083091ae9c14ecc331362a2,Plumbing,,94105,2026-01,"Replace 6 plumbing fixtures, you supply materials",415.8,803.88,554.4,,As soon as possible
synthetic-07793f60f33bb95a382d031e,Cleaning,,75201,2026-05,"Standard home cleaning, 4 rooms",147.29,284.77,196.39,,I'm flexible
synthetic-cc47627d31272ac5f1cac6a7,Appliance Repair,,94105,2026-03,"Repair 4 household appliance(s), you supply materials",334.67,647.03,446.23,,Within 1 month
synthetic-e961db9d6517db46750aa04b,Pest Control,,95014,2026-05,Pest treatment for a 2BR home,623.95,1206.3,831.93,,As soon as possible
synthetic-ed06ec867a6889dd5b242470,Auto,,11201,2026-02,"Mobile service for 1 vehicle(s), you supply materials",482.63,933.08,643.5,,I'm flexible
synthetic-1fd07af64217a3929891abf9,Painting,,75201,2026-02,"Paint 2 rooms, you supply materials",876.75,1695.05,1169.0,934.13,As soon as possible
synthetic-f774d786ddf854e2277d5525,Appliance Repair,,94105,2026-03,"Repair 1 household appliance(s), you supply materials",301.96,583.79,402.61,,I'm flexible
synthetic-284aaafa20d93093ae8b606f,Painting,,11201,2026-06,"Paint 3 rooms, you supply materials",1454.6,2812.22,1939.46,,Within 1 month
synthetic-f986930f68c7f8af8a58a369,Exterior,,94105,2026-05,Power wash 2 exterior surfaces,773.26,1494.97,1031.01,994.57,Within 1 month
synthetic-af42f5754894abfc4ac78311,Pest Control,,95014,2026-03,"Pest treatment for a 2BR home, you supply materials",596.65,1153.51,795.53,,Within 1 month
synthetic-af26d97d498c651f695b838e,Cleaning,,11201,2026-04,"Standard home cleaning, 6 rooms",227.12,439.09,302.82,,Within 1-2 weeks
synthetic-91142aeb28a91f24c9e2f6e4,Electrical,,75201,2026-04,Install 4 outlets or switches,278.72,538.86,371.63,,As soon as possible
synthetic-7fdbc635dbe1721dde541045,Exterior,,11201,2026-04,"Power wash 4 exterior surfaces, you supply materials",717.05,1386.3,956.07,953.04,Within 1 month
synthetic-723c2f4616050440ccdfa0a9,Painting,,10023,2026-03,Paint 2 rooms,1368.22,2645.22,1824.29,,Within 1-2 weeks
synthetic-579f022c3e6e234010c49ee3,Exterior,,75201,2026-04,"Power wash 4 exterior surfaces, you supply materials",491.83,950.86,655.77,,Within 1 month
synthetic-0fe4027ba12719bf456b9ad5,Appliance Repair,,10023,2026-01,Repair 1 household appliance(s),285.77,552.49,381.03,,As soon as possible
synthetic-65a8636c82ac3a8049ade6d9,Chimney,,11201,2026-02,Inspect and sweep 1 chimney(s),594.55,1149.46,792.73,694.54,As soon as possible
synthetic-95d4cff0c98fe29fcce1f501,Remodeling,,94105,2026-04,Remodel 3 rooms,6724.57,13000.84,8966.09,8114.79,I'm flexible
synthetic-59703fb3d8c6868b8d1bef90,Appliance Repair,,75007,2026-04,Repair 1 household appliance(s),194.23,375.5,258.97,,I'm flexible
synthetic-d159e3917de09c4774d247e4,Pest Control,,11201,2026-03,"Pest treatment for a 2BR home, you supply materials",625.22,1208.76,833.62,,I'm flexible
synthetic-f8969dc60959f35f2c00d49a,Handyman,,75007,2026-02,"Handyman visit: 6 small tasks (mount TV, hang shelves, patch drywall)",121.01,233.96,161.35,,Within 1 month
synthetic-db9545badd496db1fde36826,Chimney,,11201,2026-04,"Inspect and sweep 1 chimney(s), you supply materials",618.5,1195.76,824.66,763.03,Within 1-2 weeks
synthetic-9e90871897190411bc6eaeeb,Remodeling,,75201,2026-05,"Remodel 3 rooms, you supply materials",4759.81,9202.31,6346.42,,As soon as possible
synthetic-d52b75d9d5c8f0094309ca7a,Painting,,11201,2026-02,Paint 1 rooms,1391.9,2691.0,1855.86,,Within 1-2 weeks
synthetic-64815e6e5ca86687aa0d40e9,Handyman,,10023,2026-01,"Handyman visit: 10 small tasks (mount TV, hang shelves, patch drywall)",192.7,372.55,256.93,,As soon as possible
synthetic-f5a87b80b4fed4b3ce957ed2,Auto,,11201,2026-02,Mobile service for 1 vehicle(s),519.76,1004.87,693.01,,I'm flexible
synthetic-0e42cd01e592be48112076a3,Electrical,,94105,2026-06,Install 6 outlets or switches,494.86,956.73,659.82,798.14,Within 1-2 weeks
synthetic-a7fabcaa7d5a3fbf63559036,Handyman,,75201,2026-05,"Handyman visit: 10 small tasks (mount TV, hang shelves, patch drywall), you supply materials",128.34,248.12,171.12,,I'm flexible
synthetic-0372ffd50b0094b04569b895,Electrical,,10023,2026-03,Install 6 outlets or switches,479.78,927.57,639.7,,I'm flexible
synthetic-db20f5c5109a5d93a10d5bff,Plumbing,,75007,2026-04,"Replace 4 plumbing fixtures, you supply materials",248.8,481.01,331.73,,Within 1-2 weeks
synthetic-ed10456f3f13e2907b307bad,Electrical,,75007,2026-05,Install 3 outlets or switches,321.34,621.26,428.45,,I'm flexible
synthetic-2a2c1c2837048315f66778cf,Plumbing,,95014,2026-04,"Replace 3 plumbing fixtures, you supply materials",380.46,735.56,507.28,,Within 1 month
synthetic-827d0bb343fb6f273e9de67d,Electrical,,75201,2026-03,Install 3 outlets or switches,297.9,575.94,397.2,,As soon as possible
synthetic-e1b580d9acf67b94331e81f2,Electrical,,10023,2026-04,Install 3 outlets or switches,442.52,855.54,590.03,,Within 1-2 weeks
synthetic-05c187900cd32dc30f80137e,Handyman,,10023,2026-01,"Handyman visit: 3 small tasks (mount TV, hang shelves, patch drywall), you supply materials",180.34,348.67,240.46,,As soon as possible
synthetic-d5b2659218d1d4d9fd99c89d,Remodeling,,11201,2026-02,"Remodel 3 rooms, you supply materials",6912.87,13364.89,9217.16,,Within 1-2 weeks
synthetic-0d55df29167fc8112c800a7b,Handyman,,94105,2026-03,"Handyman visit: 4 small tasks (mount TV, hang shelves, patch drywall)",176.82,341.85,235.76,,I'm flexible
synthetic-8daa773faebc51025853fe8d,Handyman,,10023,2026-05,"Handyman visit: 1 small tasks (mount TV, hang shelves, patch drywall)",177.99,344.11,237.32,171.56,I'm flexible
synthetic-c08b9d869fb3ad5fee92bbbe,HVAC,,75007,2026-04,Service 4 HVAC unit(s),597.22,1154.63,796.3,,As soon as possible
synthetic-1f4c31ae82804c99d7218a95,Cleaning,,10023,2026-03,"Standard home cleaning, 11 rooms",217.28,420.08,289.71,,Within 1-2 weeks
synthetic-0375229facbccd06c5ad694d,General Contractor,,95014,2026-04,"General contracting, 5 work items",4116.69,7958.93,5488.92,5283.55,Within 1 month
synthetic-fd157ff517738d31c2ab310f,Appliance Repair,,11201,2026-03,"Repair 1 household appliance(s), you supply materials",264.84,512.03,353.12,254.73,I'm flexible
synthetic-20c4b0cd0c7220610e2e87f3,Painting,,75007,2026-03,Paint 2 rooms,963.74,1863.22,1284.98,,Within 1-2 weeks
synthetic-9cffb1dc46c99c3c89eab5f5,Plumbing,,11201,2026-04,"Replace 6 plumbing fixtures, you supply materials",337.63,652.74,450.17,,As soon as possible
synthetic-3d00999a54179e1892f54c7b,Exterior,,75201,2026-02,Power wash 4 exterior surfaces,485.16,937.98,646.88,,Within 1-2 weeks
synthetic-66c4203ead1cc2917e04bf6c,Appliance Repair,,94105,2026-05,Repair 1 household appliance(s),315.49,609.95,420.65,,Within 1 month
synthetic-6de609b5b45a65f43a23d8d1,Plumbing,,11201,2026-01,Replace 2 plumbing fixtures,343.28,663.67,457.7,,Within 1-2 weeks
synthetic-116652472c6482b8f2b99f83,Painting,,94105,2026-03,Paint 2 rooms,1561.21,3018.35,2081.62,,Within 1-2 weeks
synthetic-0f2f4cacab2af36ee380215f,Chimney,,94105,2026-06,Inspect and sweep 1 chimney(s),629.2,1216.45,838.93,,Within 1-2 weeks
synthetic-0a97fcb97bd279585ec350c0,Electrical,,11201,2026-01,Install 2 outlets or switches,459.47,888.31,612.63,502.99,As soon as possible
synthetic-f18a871c94b3b3deebc73dd6,Handyman,,95014,2026-05,"Handyman visit: 8 small tasks (mount TV, hang shelves, patch drywall)",190.44,368.17,253.91,,Within 1-2 weeks
synthetic-ac1f6500e22c84821eb86bb8,Plumbing,,75007,2026-06,Replace 5 plumbing fixtures,220.63,426.55,294.17,,As soon as possible
synthetic-8e39427d2be4dc255b633f3b,Appliance Repair,,75007,2026-06,Repair 1 household appliance(s),205.28,396.87,273.7,230.22,Within 1-2 weeks
synthetic-221f39f59f71f8163aadf099,Handyman,,95014,2026-01,"Handyman visit: 2 small tasks (mount TV, hang shelves, patch drywall)",203.19,392.83,270.92,,I'm flexible
synthetic-13d1039f4411dc4c8a2a9fe7,Pest Control,,75007,2026-04,Pest treatment for a 4BR home,421.65,815.18,562.2,566.64,Within 1 month
synthetic-02f8775515e428b1370c996e,General Contractor,,94105,2026-03,"General contracting, 18 work items",4473.27,8648.32,5964.36,,Within 1 month
synthetic-686e642c6a9b26e9e2b88075,Plumbing,,75007,2026-05,Replace 1 plumbing fixtures,252.9,488.94,337.2,,Within 1-2 weeks
synthetic-c283e8009e75e9108f2deded,Plumbing,,94105,2026-01,Replace 2 plumbing fixtures,385.4,745.1,513.86,,As soon as possible
synthetic-4962ad716451bd36bfde34ed,Handyman,,11201,2026-03,"Handyman visit: 2 small tasks (mount TV, hang shelves, patch drywall), you supply materials",192.49,372.15,256.65,,Within 1-2 weeks
synthetic-a9eb90a5e14d137a307a3f9e,Electrical,,95014,2026-06,Install 10 outlets or switches,533.51,1031.45,711.35,,Within 1-2 weeks
synthetic-5a56322f536ef230b487b2f0,Moving,,11201,2026-01,Move 3 rooms of furniture,1345.15,2600.63,1793.54,,I'm flexible
synthetic-43c4810d9abe329da2045b75,Pest Control,,10023,2026-05,Pest treatment for a 5BR home,589.38,1139.46,785.83,,Within 1 month
synthetic-eb5d9b4c41ba5126d46fd4bc,Exterior,,75201,2026-04,"Power wash 2 exterior surfaces, you supply materials",466.65,902.19,622.2,,Within 1-2 weeks
synthetic-c5ec2c77b4f408b4fcf7b14d,Moving,,75201,2026-03,Move 7 rooms of furniture,845.7,1635.02,1127.6,,As soon as possible
synthetic-629e0654b15dacffd43f426c,Pool,,10023,2026-03,"Pool service package, 6 visits, you supply materials",4822.78,9324.04,6430.37,,Within 1-2 weeks
synthetic-aa96a997dc773754bf5314f1,Painting,,11201,2026-02,Paint 5 rooms,1397.1,2701.07,1862.8,2682.42,I'm flexible
synthetic-dc341ae1a99ecb10308869ab,Handyman,,11201,2026-02,"Handyman visit: 2 small tasks (mount TV, hang shelves, patch drywall)",182.61,353.04,243.48,218.14,Within 1-2 weeks
synthetic-8ddd9bba547ed5643db279ac,Flooring,,95014,2026-05,"Install flooring, 268 sqft",1732.7,3349.88,2310.26,,I'm flexible
synthetic-c878b2cbc85b3f8190566ccb,Auto,,95014,2026-03,Mobile service for 1 vehicle(s),542.35,1048.54,723.13,712.73,Within 1 month
synthetic-eee9d8372f408e845deab77f,Plumbing,,94105,2026-02,Replace 1 plumbing fixtures,402.47,778.1,536.62,,I'm flexible
synthetic-e64ca886d1fb3cbb594ce3b0,Plumbing,,11201,2026-03,Replace 2 plumbing fixtures,361.34,698.59,481.78,400.94,Within 1-2 weeks
synthetic-90b5827d2f115cb046d92726,Electrical,,95014,2026-01,Install 5 outlets or switches,498.94,964.62,665.26,,As soon as possible
synthetic-cee2cbada60a3d649ac5d80e,Electrical,,94105,2026-02,"Install 4 outlets or switches, you supply materials",466.46,901.82,621.94,,As soon as possible
synthetic-62a5b581ac8978783c13506b,Handyman,,95014,2026-05,"Handyman visit: 1 small tasks (mount TV, hang shelves, patch drywall)",186.1,359.8,248.14,,As soon as possible
synthetic-c0136cbd8aedd566772e39d5,Pest Control,,75007,2026-06,Pest treatment for a 14BR home,417.75,807.65,557.0,794.0,Within 1-2 weeks
synthetic-35ef6edd31bc43397d3767e0,Handyman,,10023,2026-05,"Handyman visit: 1 small tasks (mount TV, hang shelves, patch drywall)",196.36,379.63,261.82,202.97,I'm flexible
synthetic-a58467040e193297e0052517,Handyman,,11201,2026-01,"Handyman visit: 14 small tasks (mount TV, hang shelves, patch drywall), you supply materials",205.17,396.66,273.56,,I'm flexible
synthetic-a4d16dd0ab670084238d4992,Flooring,,75007,2026-03,"Install flooring, 611 sqft",1113.16,2152.12,1484.22,1891.55,I'm flexible
synthetic-b96b6c9df5e7e6a703849bfb,Appliance Repair,,75201,2026-05,Repair 4 household appliance(s),201.34,389.26,268.45,349.71,I'm flexible
synthetic-0da8cd507c6c183fcf5577f0,Painting,,11201,2026-02,"Paint 2 rooms, you supply materials",1441.03,2785.99,1921.37,1659.71,As soon as possible
synthetic-124cb46e22d9ae6e1385ba61,Plumbing,,75201,2026-05,Replace 2 plumbing fixtures,239.58,463.18,319.44,,As soon as possible
synthetic-e5eded247ce6f53a62abbd1b,Handyman,,75007,2026-01,"Handyman visit: 2 small tasks (mount TV, hang shelves, patch drywall)",122.26,236.37,163.01,,I'm flexible
synthetic-18960170c1a8fa4c71bc5987,Pest Control,,10023,2026-02,Pest treatment for a 2BR home,622.97,1204.42,830.63,,I'm flexible
synthetic-57ad614d582139c2cbf75aca,HVAC,,10023,2026-02,Service 1 HVAC unit(s),880.96,1703.2,1174.62,,I'm flexible
synthetic-d619eb23b9328acf41319a07,Landscaping,,75007,2026-01,Mow and trim 2 yard sections,368.52,712.48,491.36,502.79,Within 1-2 weeks
synthetic-46ad348318dbfc3cf9055aaa,Pest Control,,94105,2026-04,"Pest treatment for a 3BR home, you supply materials",614.03,1187.12,818.7,785.82,Within 1-2 weeks
synthetic-94517dc2deafee9c1092628b,General Contractor,,10023,2026-05,"General contracting, 3 work items",3977.37,7689.59,5303.17,,Within 1-2 weeks
synthetic-2eea0bc2dff75bc66a126bdb,Landscaping,,10023,2026-05,Mow and trim 3 yard sections,526.71,1018.31,702.28,,As soon as possible
synthetic-3e74de4b56babbfcec4db4a2,Auto,,11201,2026-06,Mobile service for 1 vehicle(s),484.67,937.04,646.23,,Within 1 month
synthetic-82253c3a0ae8ca3dfcb2c9f1,Painting,,75201,2026-03,Paint 1 rooms,869.33,1680.71,1159.11,1077.5,Within 1 month
synthetic-622f5d1bacaec64e27c03366,Plumbing,,75007,2026-04,Replace 3 plumbing fixtures,231.01,446.63,308.02,,As soon as possible
synthetic-e56d8780598bd45951a9d9c2,Painting,,75201,2026-05,Paint 2 rooms,904.51,1748.72,1206.01,1316.53,Within 1 month
synthetic-9526595cdc6fe09d9e3801e8,Plumbing,,95014,2026-03,Replace 2 plumbing fixtures,378.1,730.99,504.13,,As soon as possible
synthetic-172e7b31c8eddbb81ae3fefb,Electrical,,95014,2026-01,Install 2 outlets or switches,490.42,948.15,653.9,,Within 1-2 weeks
synthetic-73085b1167e4b1c50b931d74,Cleaning,,75007,2026-03,"Standard home cleaning, 2 rooms",140.67,271.96,187.56,,As soon as possible
synthetic-51051f57b27b7121369a0ab9,Remodeling,,94105,2026-05,Remodel 2 rooms,7702.53,14891.56,10270.04,,I'm flexible
synthetic-34e8be97cb3d05e7ff31e3d3,Plumbing,,94105,2026-05,"Replace 7 plumbing fixtures, you supply materials",391.34,756.58,521.78,,Within 1-2 weeks
synthetic-8bd1f2aca9da4b2fb288064b,Landscaping,,95014,2026-05,Mow and trim 2 yard sections,611.74,1182.69,815.65,,Within 1-2 weeks
synthetic-562a81042dfea474ca4292de,Pool,,75201,2026-04,"Pool service package, 3 visits",3319.49,6417.69,4425.99,3692.81,Within 1 month
synthetic-f3b2d2b6407e996ed7ad8996,Remodeling,,11201,2026-02,Remodel 1 rooms,6205.01,11996.36,8273.35,,Within 1 month
synthetic-9c300c72831ce2d3361ccaca,Handyman,,75007,2026-06,"Handyman visit: 3 small tasks (mount TV, hang shelves, patch drywall)",127.16,245.84,169.54,,Within 1 month
synthetic-dcec993fcd74c470befae1f9,Landscaping,,10023,2026-06,Mow and trim 5 yard sections,583.29,1127.7,777.73,684.15,As soon as possible
synthetic-ffec703a534b1a73f1bf265d,Chimney,,75007,2026-01,"Inspect and sweep 1 chimney(s), you supply materials",403.78,780.64,538.37,434.99,As soon as possible
synthetic-f28f19e36dd30369bc09c473,Handyman,,10023,2026-01,"Handyman visit: 2 small tasks (mount TV, hang shelves, patch drywall)",186.11,359.82,248.15,,I'm flexible
synthetic-694b5e62797580f585825ff2,Handyman,,75007,2026-02,"Handyman visit: 7 small tasks (mount TV, hang shelves, patch drywall)",125.51,242.65,167.34,175.77,As soon as possible
synthetic-97644d905caf87a27f2d7d99,Cleaning,,75007,2026-04,"Standard home cleaning, 1 rooms",144.94,280.22,193.25,,Within 1 month
synthetic-190f0ed20a4d8b27d7e1d2c6,Landscaping,,75007,2026-03,Mow and trim 4 yard sections,375.05,725.1,500.07,,As soon as possible
synthetic-5dca545e53a9b16b01824749,Painting,,95014,2026-01,"Paint 3 rooms, you supply materials",1534.76,2967.2,2046.35,,Within 1 month
synthetic-48a615daa91291f8e108f0d0,General Contractor,,75201,2026-05,"General contracting, 7 work items",2936.3,5676.85,3915.07,4057.78,As soon as possible
synthetic-9cb5f9593f0a62b33a379c59,Handyman,,75201,2026-06,"Handyman visit: 3 small tasks (mount TV, hang shelves, patch drywall), you supply materials",128.05,247.55,170.73,,As soon as possible
synthetic-03243d564db1c725dcdc8156,Handyman,,75201,2026-04,"Handyman visit: 2 small tasks (mount TV, hang shelves, patch drywall)",123.71,239.17,164.95,,Within 1-2 weeks
synthetic-4f902fe931fb59972aa2be28,Plumbing,,94105,2026-01,Replace 3 plumbing fixtures,384.27,742.93,512.36,,I'm flexible
synthetic-ee24d158e2501a8a807e1c15,Handyman,,94105,2026-05,"Handyman visit: 1 small tasks (mount TV, hang shelves, patch drywall)",191.42,370.08,255.23,,I'm flexible
synthetic-0b065bdfe1aa9b52bc387494,Moving,,75201,2026-02,Move 4 rooms of furniture,810.27,1566.51,1080.36,,Within 1 month
synthetic-e0e789f1ecbd6d35e378f64d,Pest Control,,75007,2026-02,Pest treatment for a 5BR home,401.04,775.33,534.71,691.27,I'm flexible
synthetic-e9ad5606f52ce6430048d513,Flooring,,75007,2026-03,"Install flooring, 188 sqft",1107.45,2141.06,1476.6,,Within 1-2 weeks
synthetic-9c65708f1f8ce55c8f6a2584,Painting,,10023,2026-02,"Paint 3 rooms, you supply materials",1369.66,2648.01,1826.22,,Within 1 month
synthetic-b507bc103978f85b39bddcb0,Appliance Repair,,10023,2026-02,Repair 2 household appliance(s),290.18,561.01,386.9,,I'm flexible
synthetic-4bebaf4a8febae3f8360c4f3,Electrical,,94105,2026-01,Install 4 outlets or switches,456.35,882.27,608.46,661.89,Within 1-2 weeks
synthetic-53159f3913ec918f2ad69114,Auto,,94105,2026-01,"Mobile service for 2 vehicle(s), you supply materials",499.93,966.54,666.58,698.03,Within 1 month
synthetic-f13e844dc543f63e8b285b8d,Electrical,,10023,2026-06,"Install 3 outlets or switches, you supply materials",434.56,840.15,579.41,562.12,As soon as possible
synthetic-7fa603a01ba5da2e9ddfe856,Plumbing,,75201,2026-02,"Replace 3 plumbing fixtures, you supply materials",255.0,493.01,340.01,,Within 1-2 weeks
synthetic-19444550220cf78fdd50129e,Appliance Repair,,11201,2026-03,Repair 2 household appliance(s),289.7,560.08,386.26,464.56,I'm flexible
synthetic-e3e19f35ee0b7397b7882686,Plumbing,,95014,2026-01,Replace 3 plumbing fixtures,395.05,763.75,526.73,532.07,Within 1-2 weeks
synthetic-312540d030179640c72141f9,Handyman,,75007,2026-06,"Handyman visit: 2 small tasks (mount TV, hang shelves, patch drywall)",124.9,241.47,166.53,,I'm flexible
synthetic-a48c7e55de09f4bc2cd46245,Cleaning,,75201,2026-06,"Standard home cleaning, 4 rooms, you supply materials",161.5,312.23,215.33,170.84,As soon as possible
synthetic-414f4845bcc6bae1aaf9d9b7,Pest Control,,10023,2026-02,Pest treatment for a 2BR home,637.83,1233.14,850.44,,Within 1-2 weeks
synthetic-30a26e8b6ba1a1e73ff52985,HVAC,,11201,2026-03,Service 1 HVAC unit(s),990.27,1914.51,1320.36,,As soon as possible
synthetic-a587418de01bb1b4cbd61518,Plumbing,,75201,2026-06,Replace 8 plumbing fixtures,243.28,470.34,324.37,,Within 1 month
synthetic-63bec1fa09e22178b161e30f,Handyman,,94105,2026-04,"Handyman visit: 5 small tasks (mount TV, hang shelves, patch drywall)",195.31,377.6,260.42,,I'm flexible
synthetic-bac25cdbb928b15fe32863a9,Auto,,94105,2026-05,"Mobile service for 2 vehicle(s), you supply materials",505.36,977.03,673.81,790.45,Within 1-2 weeks
synthetic-bbb6a41c2e85a65729fa4c2a,Plumbing,,10023,2026-01,Replace 2 plumbing fixtures,324.51,627.39,432.68,,As soon as possible
synthetic-a9998bdfaa59cecf2dd5baf3,Chimney,,11201,2026-03,"Inspect and sweep 1 chimney(s), you supply materials",616.53,1191.96,822.04,,I'm flexible
synthetic-75ea5fe01f40452c35b0c7cf,Plumbing,,75007,2026-01,Replace 4 plumbing fixtures,221.58,428.39,295.44,,Within 1-2 weeks
synthetic-e976c4e7e34f681ad92a0392,Cleaning,,10023,2026-01,"Standard home cleaning, 2 rooms",221.62,428.47,295.5,,As soon as possible
synthetic-9a66e88011a8bd5bf0d49138,Pool,,94105,2026-02,"Pool service package, 4 visits",5143.13,9943.39,6857.51,,As soon as possible
synthetic-11fa72b42b275fa1138ef6c8,Plumbing,,75007,2026-04,Replace 3 plumbing fixtures,230.69,446.0,307.58,336.93,I'm flexible
synthetic-daa1efb638a84dc4b05b4999,Pool,,75201,2026-04,"Pool service package, 1 visits, you supply materials",3000.36,5800.69,4000.48,,I'm flexible
synthetic-e3dd770c314b872c9d231fac,Handyman,,11201,2026-05,"Handyman visit: 1 small tasks (mount TV, hang shelves, patch drywall)",186.63,360.83,248.85,,Within 1 month
synthetic-75c37367d3613fa491439eb9,Landscaping,,75201,2026-04,"Mow and trim 9 yard sections, you supply materials",391.77,757.42,522.36,,Within 1 month
synthetic-28ba6131d88a0f8dd12aa7eb,Appliance Repair,,75201,2026-03,Repair 3 household appliance(s),201.52,389.61,268.7,,As soon as possible
synthetic-1bbdf9ba4379cfccc524311b,Flooring,,10023,2026-01,"Install flooring, 839 sqft",1554.94,3006.21,2073.25,,I'm flexible
synthetic-1f0ccea3caab564bb176fad2,Auto,,11201,2026-03,Mobile service for 2 vehicle(s),488.23,943.91,650.97,,I'm flexible
synthetic-21c28aac973d5a62bf118050,Pest Control,,94105,2026-05,Pest treatment for a 10BR home,647.46,1251.77,863.29,,I'm flexible
synthetic-4d90d76f9ed09a0032bb4520,Handyman,,11201,2026-02,"Handyman visit: 3 small tasks (mount TV, hang shelves, patch drywall), you supply materials",176.21,340.67,234.95,203.27,Within 1 month
synthetic-c5f01085b5b1db822b101de1,Chimney,,11201,2026-02,"Inspect and sweep 1 chimney(s), you supply materials",570.95,1103.84,761.27,,As soon as possible
synthetic-ab997c3308fe0cc7a076c296,Auto,,75201,2026-03,Mobile service for 3 vehicle(s),325.37,629.05,433.83,,Within 1-2 weeks
synthetic-110ea5df3d6941c658186a32,Plumbing,,95014,2026-05,Replace 1 plumbing fixtures,344.4,665.85,459.21,,Within 1-2 weeks
synthetic-8bd99b0a4c3c06a4f5549986,Handyman,,10023,2026-01,"Handyman visit: 4 small tasks (mount TV, hang shelves, patch drywall), you supply materials",177.24,342.67,236.32,,Within 1 month
synthetic-d2fa98d91079613a3f3d5d68,Pool,,75007,2026-01,"Pool service package, 3 visits",3233.91,6252.23,4311.88,,Within 1-2 weeks
synthetic-655d2d05249169442988b64b,Auto,,75201,2026-01,Mobile service for 1 vehicle(s),334.36,646.43,445.81,,Within 1 month
synthetic-cac7e4ef01afa9e379579262,Landscaping,,11201,2026-01,Mow and trim 5 yard sections,574.31,1110.33,765.75,,I'm flexible
synthetic-8d5284300a60e60325ca6c5e,Cleaning,,75201,2026-01,"Standard home cleaning, 2 rooms",138.53,267.83,184.71,,Within 1 month
synthetic-9fde0b140a89c28382859fbc,Exterior,,75201,2026-01,Power wash 7 exterior surfaces,451.68,873.26,602.25,712.63,As soon as possible
synthetic-31acc699aecb31d6a3f411f2,Auto,,75201,2026-02,"Mobile service for 1 vehicle(s), you supply materials",355.18,686.69,473.58,,I'm flexible
synthetic-35531d0ab797cea1389ad190,Plumbing,,10023,2026-02,Replace 3 plumbing fixtures,345.13,667.25,460.18,,I'm flexible
synthetic-ef577822cf68c58b82d6323e,Electrical,,95014,2026-06,Install 10 outlets or switches,457.1,883.74,609.47,,As soon as possible
synthetic-6eee8ad938cc114781385c20,Cleaning,,94105,2026-06,"Standard home cleaning, 4 rooms",245.15,473.95,326.86,,As soon as possible
synthetic-160e529a10eb263d38ccd689,Pest Control,,75007,2026-02,Pest treatment for a 3BR home,419.19,810.44,558.93,,As soon as possible
synthetic-e83410fd6eedae924cf31612,Appliance Repair,,75201,2026-04,Repair 1 household appliance(s),188.08,363.62,250.77,,Within 1 month
synthetic-981937e6912876d26a9fcf67,Plumbing,,11201,2026-02,Replace 3 plumbing fixtures,351.96,680.45,469.27,,Within 1 month
synthetic-72f6c6fbf22df41121ca0f49,Exterior,,11201,2026-04,Power wash 4 exterior surfaces,705.89,1364.73,941.19,1146.7,Within 1-2 weeks
synthetic-4383b319b791236775aac112,Landscaping,,75007,2026-03,Mow and trim 4 yard sections,373.93,722.92,498.57,,Within 1 month
synthetic-4c8c4d6efc876c1737aec70c,Pest Control,,75007,2026-02,Pest treatment for a 1BR home,396.49,766.55,528.65,,I'm flexible
synthetic-e91891e09463678b52e419e4,General Contractor,,75201,2026-06,"General contracting, 14 work items",2670.47,5162.92,3560.63,4711.6,As soon as possible
synthetic-d79bb810cc1675f378211e7b,Landscaping,,75201,2026-02,"Mow and trim 6 yard sections, you supply materials",358.85,693.79,478.47,,As soon as possible
synthetic-2494931b5f7f4dead0876688,Auto,,11201,2026-05,"Mobile service for 1 vehicle(s), you supply materials",502.71,971.9,670.28,,Within 1 month
synthetic-9bb965ea3a28b99dac871353,Pest Control,,11201,2026-03,Pest treatment for a 2BR home,579.2,1119.8,772.27,,Within 1-2 weeks
synthetic-b583fa55073e1f05f74e492b,Roofing,,75201,2026-06,"Roof repair, 5 sections",3444.56,6659.48,4592.75,,I'm flexible
synthetic-70b3444dd01cf6314095f7c7,HVAC,,11201,2026-01,Service 1 HVAC unit(s),840.05,1624.1,1120.07,817.83,Within 1 month
synthetic-8ad6ebd80c35ef7d11cf1a21,Handyman,,11201,2026-06,"Handyman visit: 3 small tasks (mount TV, hang shelves, patch drywall)",177.85,343.84,237.13,,I'm flexible
synthetic-20a5fc145d7c52d83be5c30c,Pest Control,,95014,2026-04,Pest treatment for a 8BR home,664.38,1284.46,885.84,,As soon as possible
synthetic-5d4fc292b350c2182925cab5,Auto,,10023,2026-01,"Mobile service for 1 vehicle(s), you supply materials",537.34,1038.87,716.46,,I'm flexible
synthetic-d450d864f136cee061ac7971,Landscaping,,10023,2026-04,Mow and trim 2 yard sections,552.66,1068.48,736.88,,Within 1-2 weeks
synthetic-25ede7db2c1d8f0c22013bde,Remodeling,,94105,2026-02,Remodel 2 rooms,6706.8,12966.48,8942.4,8448.33,Within 1 month
synthetic-34daf10658d48ac33ee3ccba,General Contractor,,94105,2026-06,"General contracting, 3 work items",4051.78,7833.44,5402.37,,I'm flexible
synthetic-787d67bb4808b76332be2e4c,Handyman,,75007,2026-06,"Handyman visit: 2 small tasks (mount TV, hang shelves, patch drywall)",129.57,250.51,172.76,,As soon as possible
synthetic-3067e6753a0b00f7cf8c0763,HVAC,,11201,2026-05,Service 3 HVAC unit(s),946.21,1829.35,1261.62,1463.58,I'm flexible
synthetic-85e2b103c84350a98439a8ed,Auto,,75201,2026-06,Mobile service for 1 vehicle(s),348.04,672.88,464.05,,Within 1 month
synthetic-2aa2485f957ae25f54e9afc5,Handyman,,94105,2026-05,"Handyman visit: 9 small tasks (mount TV, hang shelves, patch drywall)",199.41,385.52,265.87,,I'm flexible
synthetic-0bfa2dbd4e4fe0aef714460f,Plumbing,,95014,2026-02,Replace 4 plumbing fixtures,355.66,687.61,474.21,,I'm flexible
synthetic-b3f15f9b18a65f10c7948737,Roofing,,94105,2026-06,"Roof repair, 3 sections",5188.51,10031.11,6918.01,7422.3,Within 1-2 weeks
synthetic-75f683f181fbbaf59763d2ab,Landscaping,,10023,2026-02,"Mow and trim 3 yard sections, you supply materials",559.97,1082.6,746.62,586.52,As soon as possible
synthetic-bb974fbf623882f3cbf0cf25,Cleaning,,11201,2026-01,"Standard home cleaning, 6 rooms, you supply materials",228.85,442.45,305.14,,I'm flexible
synthetic-9652c4f3b4a2a5e8058f4486,Handyman,,75007,2026-03,"Handyman visit: 5 small tasks (mount TV, hang shelves, patch drywall)",140.14,270.93,186.85,184.82,I'm flexible
synthetic-8d331c12a8be51b1a4f750b9,Moving,,94105,2026-05,"Move 3 rooms of furniture, you supply materials",1320.91,2553.76,1761.21,,Within 1-2 weeks
synthetic-2498b5b8cea9aeb0ccf46936,Electrical,,75201,2026-03,Install 6 outlets or switches,316.98,612.84,422.65,413.77,I'm flexible
synthetic-d17f6b1b5a06ded75794a3d4,Painting,,75007,2026-05,Paint 2 rooms,992.39,1918.63,1323.19,,As soon as possible
synthetic-7b6e062208367334ca08a46d,HVAC,,75007,2026-06,Service 1 HVAC unit(s),641.44,1240.12,855.26,729.14,Within 1-2 weeks
synthetic-a0309f163e69e207564ec4bd,Handyman,,10023,2026-04,"Handyman visit: 7 small tasks (mount TV, hang shelves, patch drywall), you supply materials",199.14,385.01,265.52,356.52,I'm flexible
synthetic-1a3a20207f9f2237667868b4,Roofing,,11201,2026-01,"Roof repair, 2 sections, you supply materials",5241.96,10134.45,6989.28,,Within 1 month
synthetic-054d87c6fc32b55b5d9df76c,Landscaping,,10023,2026-02,"Mow and trim 4 yard sections, you supply materials",529.24,1023.2,705.66,594.44,As soon as possible
synthetic-b4cd9edd4ea03de7cfc18b6f,Plumbing,,95014,2026-01,Replace 4 plumbing fixtures,351.24,679.06,468.32,,Within 1 month
synthetic-1027f9ed8647f4d46c73b480,Pest Control,,94105,2026-06,"Pest treatment for a 4BR home, you supply materials",621.66,1201.87,828.88,,Within 1 month
synthetic-f2325b381696e679366686fc,Exterior,,94105,2026-01,Power wash 2 exterior surfaces,764.65,1478.32,1019.53,684.36,Within 1 month
synthetic-b346b8f48b43523d30b06968,Moving,,75007,2026-03,"Move 4 rooms of furniture, you supply materials",822.23,1589.64,1096.3,,Within 1-2 weeks
synthetic-042f72ccd6da90bb3e0e2eee,Pest Control,,94105,2026-03,Pest treatment for a 3BR home,612.2,1183.59,816.27,941.09,As soon as possible
synthetic-bb30cef3e6b81b3875611477,Exterior,,10023,2026-05,Power wash 2 exterior surfaces,696.08,1345.75,928.1,,Within 1 month
synthetic-0a34ad790f754fc5ecd360dd,Pool,,95014,2026-01,"Pool service package, 1 visits",4693.26,9073.63,6257.68,,I'm flexible
synthetic-06a981081a4ef36b5bd01810,Plumbing,,75201,2026-01,"Replace 5 plumbing fixtures, you supply materials",239.32,462.68,319.09,,Within 1-2 weeks
synthetic-b903364a5e4c65659944a731,Painting,,95014,2026-02,Paint 5 rooms,1572.74,3040.63,2096.99,,Within 1 month
synthetic-97ff5394048ec4cd13bc796a,Electrical,,94105,2026-04,"Install 5 outlets or switches, you supply materials",513.61,992.97,684.81,558.72,As soon as possible
synthetic-3127ee2fa9bcc74f60f45ae3,Cleaning,,95014,2026-01,"Standard home cleaning, 3 rooms",256.67,496.23,342.23,,Within 1-2 weeks
synthetic-bf8ce9f96cdba2f0b5ebd72e,Plumbing,,75201,2026-05,Replace 1 plumbing fixtures,245.99,475.58,327.98,,As soon as possible
synthetic-067417f7b5bb8576e22597a7,Roofing,,94105,2026-04,"Roof repair, 6 sections",5713.62,11046.34,7618.16,,As soon as possible
synthetic-7c7fbec680b7285399139e53,Electrical,,95014,2026-03,"Install 9 outlets or switches, you supply materials",498.76,964.26,665.01,,As soon as possible
synthetic-cb78d18614f22134d1593c97,Electrical,,75201,2026-06,Install 3 outlets or switches,301.85,583.58,402.47,,As soon as possible
synthetic-2ad09b03c11bb917a294443c,Electrical,,75201,2026-05,"Install 2 outlets or switches, you supply materials",304.41,588.53,405.89,,Within 1-2 weeks
synthetic-00474706ee3e5c07e5ce2ca6,Flooring,,75201,2026-05,"Install flooring, 311 sqft",1160.38,2243.39,1547.17,,I'm flexible
synthetic-1a43eb5118fae98e80476c7e,Appliance Repair,,75007,2026-03,"Repair 2 household appliance(s), you supply materials",174.24,336.87,232.32,,Within 1 month
synthetic-d7cd8657859846fbe09269c6,Handyman,,94105,2026-06,"Handyman visit: 1 small tasks (mount TV, hang shelves, patch drywall)",204.88,396.1,273.18,,I'm flexible
synthetic-29934139a1ea352c1dea3564,Electrical,,94105,2026-01,Install 4 outlets or switches,499.57,965.83,666.09,,Within 1 month
synthetic-611b4d8cc33f162278f6c319,Landscaping,,11201,2026-03,Mow and trim 6 yard sections,567.87,1097.89,757.16,,As soon as possible
synthetic-c3735b1f0f3babe08df45402,Pest Control,,75201,2026-04,Pest treatment for a 6BR home,438.1,847.0,584.14,,Within 1-2 weeks
synthetic-81e5234eb2d3a726c5ea2813,Auto,,94105,2026-03,"Mobile service for 2 vehicle(s), you supply materials",590.96,1142.52,787.94,,Within 1 month
synthetic-c3329fe10946166727370e78,Appliance Repair,,94105,2026-04,Repair 1 household appliance(s),333.46,644.7,444.62,,Within 1-2 weeks
synthetic-81151b0d0f4fbd355fc9918a,Painting,,10023,2026-04,"Paint 1 rooms, you supply materials",1474.56,2850.82,1966.09,,I'm flexible
synthetic-71cfcf9954b4fe7f388e4058,Exterior,,75201,2026-03,Power wash 3 exterior surfaces,487.19,941.9,649.59,,I'm flexible
synthetic-ad7ba3646a97623171201f84,Moving,,94105,2026-05,Move 2 rooms of furniture,1330.74,2572.77,1774.32,,Within 1 month
synthetic-06f7f32e4f301e8fdb3971f5,Electrical,,94105,2026-05,Install 3 outlets or switches,487.09,941.71,649.46,,As soon as possible
synthetic-daa215543505226cdc968c65,Pool,,11201,2026-04,"Pool service package, 6 visits",4454.97,8612.95,5939.96,,Within 1-2 weeks
synthetic-e81c8fafd3926c7e6b67c216,Handyman,,10023,2026-02,"Handyman visit: 7 small tasks (mount TV, hang shelves, patch drywall)",173.69,335.81,231.59,,Within 1 month
synthetic-ed2379cc72827ccbb77941a6,Exterior,,75201,2026-05,Power wash 2 exterior surfaces,471.56,911.69,628.75,,As soon as possible
synthetic-01408f0d8a917744dab5b0f2,Cleaning,,75201,2026-05,"Standard home cleaning, 5 rooms",140.29,271.24,187.06,,Within 1-2 weeks
synthetic-5957bf0066d89aa5cf7a37f5,Landscaping,,75007,2026-05,"Mow and trim 3 yard sections, you supply materials",399.01,771.41,532.01,418.33,Within 1-2 weeks
synthetic-dd534875de4ac656062d721c,Painting,,11201,2026-06,Paint 1 rooms,1475.49,2852.6,1967.31,,Within 1 month
synthetic-901722b339e48e9e6e503cc0,Landscaping,,11201,2026-02,Mow and trim 3 yard sections,523.35,1011.81,697.8,,Within 1 month
synthetic-30f4cfa177c4ecc5a4fbad96,Exterior,,75007,2026-05,"Power wash 1 exterior surfaces, you supply materials",466.85,902.58,622.47,350.07,As soon as possible
synthetic-1a65d0934b55d27d29d07248,Cleaning,,75007,2026-04,"Standard home cleaning, 5 rooms, you supply materials",151.38,292.66,201.83,,I'm flexible
synthetic-ca6d1a60a453ebcb28299626,Moving,,75007,2026-03,"Move 16 rooms of furniture, you supply materials",833.58,1611.6,1111.45,,I'm flexible
synthetic-f1caacb16495db7e77ec5c7a,Painting,,10023,2026-04,Paint 4 rooms,1429.02,2762.77,1905.36,1823.82,Within 1 month
synthetic-bc78851e0541194ebb9d1994,Plumbing,,11201,2026-06,Replace 5 plumbing fixtures,335.4,648.44,447.2,,As soon as possible
synthetic-87bb895a433ed805069e00bb,HVAC,,75007,2026-06,Service 1 HVAC unit(s),600.48,1160.94,800.65,817.05,I'm flexible
synthetic-0a594023baf5b70a49109956,Pest Control,,75007,2026-03,Pest treatment for a 2BR home,422.64,817.1,563.52,,Within 1-2 weeks
synthetic-1c063437b78c082ac6d98911,Handyman,,10023,2026-02,"Handyman visit: 1 small tasks (mount TV, hang shelves, patch drywall)",194.81,376.64,259.75,,As soon as possible
synthetic-42893318f60b3ffd5fa6a514,General Contractor,,75201,2026-06,"General contracting, 3 work items",2837.56,5485.94,3783.41,3319.68,As soon as possible
synthetic-d7c64a3d3685519e03441b4e,Pest Control,,95014,2026-04,Pest treatment for a 2BR home,676.8,1308.48,902.4,866.59,I'm flexible
synthetic-d38cb16e75310508b0c30f03,Flooring,,11201,2026-02,"Install flooring, 276 sqft",1672.63,3233.75,2230.17,1931.11,As soon as possible
synthetic-be812ae2c202e82190c98fde,Landscaping,,75007,2026-01,Mow and trim 3 yard sections,387.2,748.59,516.27,,Within 1-2 weeks
synthetic-4d992f0f3a8eb6a0386d161c,Auto,,10023,2026-02,Mobile service for 1 vehicle(s),493.04,953.21,657.39,,As soon as possible
synthetic-c38285fa61a21c711a900ca6,Appliance Repair,,11201,2026-04,Repair 2 household appliance(s),304.24,588.21,405.66,,As soon as possible
synthetic-9b9cd32cb8c8d1c3e88f590e,Flooring,,75007,2026-04,"Install flooring, 453 sqft",1150.56,2224.42,1534.08,,As soon as possible
synthetic-abf27ddc130ef7a6f7d83199,Plumbing,,75007,2026-02,Replace 2 plumbing fixtures,223.72,432.53,298.3,,As soon as possible
synthetic-6ab140ae142c296be8a11d1a,Handyman,,75201,2026-01,"Handyman visit: 2 small tasks (mount TV, hang shelves, patch drywall)",122.96,237.72,163.95,154.17,Within 1-2 weeks
synthetic-e9bfc6154fda45971236ea2f,Landscaping,,95014,2026-06,Mow and trim 2 yard sections,562.84,1088.16,750.45,,Within 1-2 weeks
synthetic-631fd0fc09bacc3c6e2bf4e3,Electrical,,11201,2026-01,Install 5 outlets or switches,447.71,865.58,596.95,,As soon as possible
synthetic-146cbf6254d7a7a074b59f22,Handyman,,11201,2026-05,"Handyman visit: 8 small tasks (mount TV, hang shelves, patch drywall)",193.4,373.9,257.86,,Within 1-2 weeks
synthetic-db08652c7dd882023bdfc90e,Cleaning,,10023,2026-05,"Standard home cleaning, 3 rooms",235.88,456.03,314.5,,I'm flexible
synthetic-085ecb4db6fa7add7b05890a,Handyman,,75201,2026-02,"Handyman visit: 4 small tasks (mount TV, hang shelves, patch drywall)",120.23,232.44,160.3,,Within 1-2 weeks
synthetic-d0e32820d5af3018e11ec670,Cleaning,,94105,2026-03,"Standard home cleaning, 2 rooms",241.25,466.42,321.67,282.66,Within 1 month
synthetic-9b669d8a6d036422a031625a,Electrical,,11201,2026-02,"Install 5 outlets or switches, you supply materials",492.17,951.54,656.23,,As soon as possible
synthetic-07a91a7419002c8ed70b8f27,Painting,,75007,2026-02,Paint 1 rooms,947.48,1831.8,1263.31,1052.2,Within 1-2 weeks
synthetic-cd64f9b29f6b1868910cd5ac,Flooring,,75007,2026-05,"Install flooring, 318 sqft",1132.92,2190.31,1510.56,,As soon as possible
synthetic-999d16d29b0fb4789a317534,Exterior,,11201,2026-02,Power wash 1 exterior surfaces,737.92,1426.65,983.9,,Within 1 month
synthetic-be70d826926340441a2dcfd6,Pest Control,,10023,2026-05,Pest treatment for a 2BR home,588.29,1137.36,784.39,,Within 1-2 weeks
synthetic-a7fba03a3cc02ee305769fcb,Handyman,,75007,2026-04,"Handyman visit: 4 small tasks (mount TV, hang shelves, patch drywall)",129.42,250.21,172.56,172.28,As soon as possible
synthetic-6ac7927c4eb327d12ac127f9,Auto,,75007,2026-06,Mobile service for 1 vehicle(s),355.13,686.58,473.51,,Within 1-2 weeks
synthetic-f2da72a1005ca9560940f69c,Auto,,11201,2026-05,Mobile service for 2 vehicle(s),477.58,923.33,636.78,701.11,Within 1-2 weeks
synthetic-ddcb6302e57daafff825ea02,Auto,,10023,2026-03,Mobile service for 2 vehicle(s),489.81,946.98,653.09,,Within 1-2 weeks
synthetic-85416fcc6d274acdf033e451,Electrical,,75007,2026-02,Install 11 outlets or switches,317.73,614.27,423.64,,Within 1-2 weeks
synthetic-c3ce4cb237d46c199bde5769,Auto,,75007,2026-03,Mobile service for 3 vehicle(s),348.02,672.84,464.03,,I'm flexible
synthetic-576e24735953317c656f1c58,Electrical,,11201,2026-04,Install 5 outlets or switches,439.45,849.6,585.93,,Within 1-2 weeks
synthetic-42286e19cdbc43b2ca5fb0ec,Landscaping,,75007,2026-04,"Mow and trim 7 yard sections, you supply materials",363.12,702.03,484.16,436.24,Within 1 month
synthetic-ef61ecc19f2d36b07a278a62,Pest Control,,10023,2026-02,Pest treatment for a 7BR home,640.63,1238.55,854.17,,Within 1-2 weeks
synthetic-29fe96764a9b5bd8326b1d9d,Plumbing,,11201,2026-06,"Replace 2 plumbing fixtures, you supply materials",332.01,641.88,442.68,,Within 1-2 weeks
synthetic-e3ef4cf95de510aa334ee208,Auto,,75007,2026-01,Mobile service for 1 vehicle(s),331.8,641.48,442.4,,Within 1 month
synthetic-bf7b1260d860db1f7dfdd0f9,Moving,,75201,2026-05,"Move 8 rooms of furniture, you supply materials",825.74,1596.43,1100.99,,I'm flexible
synthetic-54ede5522f0e1072a95fc227,Chimney,,11201,2026-03,"Inspect and sweep 3 chimney(s), you supply materials",587.56,1135.96,783.42,,Within 1 month
synthetic-636745b2730393ded035f9bc,Painting,,94105,2026-01,Paint 2 rooms,1529.27,2956.59,2039.02,,Within 1-2 weeks
synthetic-7cfc027c9f8fae38e632bf92,Landscaping,,95014,2026-05,Mow and trim 2 yard sections,591.3,1143.18,788.4,,Within 1 month
synthetic-e4481d22e1e62d84875de1d9,Appliance Repair,,11201,2026-04,Repair 1 household appliance(s),271.86,525.6,362.48,,As soon as possible
synthetic-214c32557360ed33965c6663,Cleaning,,75201,2026-03,"Standard home cleaning, 1 rooms",160.0,309.32,213.33,125.38,I'm flexible
synthetic-79cffdfd398121aba257bcfa,Electrical,,95014,2026-06,Install 4 outlets or switches,494.13,955.32,658.84,,I'm flexible
synthetic-e03ed667c66de7bf8ba03ab4,Painting,,75007,2026-06,Paint 1 rooms,888.38,1717.53,1184.5,,Within 1-2 weeks
synthetic-89191fe9f5c17e3fd8fdf4c2,Appliance Repair,,11201,2026-01,Repair 1 household appliance(s),267.7,517.55,356.93,,I'm flexible
synthetic-00ae3d2ee6f817fb7fd129a1,Electrical,,75007,2026-04,Install 4 outlets or switches,323.07,624.6,430.76,450.31,Within 1 month
synthetic-e56093146cc1179de43a8e47,Cleaning,,75007,2026-03,"Standard home cleaning, 4 rooms, you supply materials",157.13,303.78,209.5,197.12,As soon as possible
synthetic-5480059716355317a590be1c,Plumbing,,75201,2026-04,Replace 9 plumbing fixtures,225.34,435.65,300.45,,I'm flexible
synthetic-557fc3ed2a1ecd252d106ab7,General Contractor,,11201,2026-06,"General contracting, 7 work items, you supply materials",4074.66,7877.68,5432.88,,Within 1 month
synthetic-2ab4f626cb6fcc03b82296a2,Pest Control,,94105,2026-04,Pest treatment for a 4BR home,669.28,1293.93,892.37,930.47,Within 1 month
synthetic-e91abf97125e37b8fa6ca62c,Landscaping,,11201,2026-05,"Mow and trim 7 yard sections, you supply materials",546.58,1056.72,728.78,,As soon as possible
synthetic-eed298223c864f0e1b1eaefb,Handyman,,75007,2026-06,"Handyman visit: 8 small tasks (mount TV, hang shelves, patch drywall)",126.48,244.53,168.64,179.74,Within 1 month
synthetic-2cabf6afa219919dbd763cde,Cleaning,,10023,2026-03,"Standard home cleaning, 11 rooms",216.54,418.64,288.72,,As soon as possible
synthetic-1c7c6b58467cf55e60e10eeb,Flooring,,75201,2026-04,"Install flooring, 483 sqft, you supply materials",1058.03,2045.53,1410.71,,Within 1-2 weeks
synthetic-3147a0551f891baf59e2ab00,Flooring,,95014,2026-02,"Install flooring, 658 sqft",1763.99,3410.37,2351.98,,Within 1 month
synthetic-8986cc88652c557452dfdfff,Landscaping,,75007,2026-03,Mow and trim 5 yard sections,381.71,737.97,508.95,,Within 1 month
synthetic-feab400d6d51b504be04fe46,Handyman,,75201,2026-04,"Handyman visit: 1 small tasks (mount TV, hang shelves, patch drywall)",132.48,256.14,176.65,142.11,As soon as possible
synthetic-619f8477841b20d85a713c52,Appliance Repair,,10023,2026-01,"Repair 1 household appliance(s), you supply materials",268.09,518.31,357.46,,Within 1 month
synthetic-e652857f22812ead8b80161b,Handyman,,95014,2026-03,"Handyman visit: 2 small tasks (mount TV, hang shelves, patch drywall)",197.59,382.0,263.45,,As soon as possible
synthetic-5d26462d430ebe64f6fa16a5,HVAC,,10023,2026-03,Service 3 HVAC unit(s),803.74,1553.9,1071.66,1269.72,As soon as possible
synthetic-23901d3f1e92b4f3adb99d10,Landscaping,,94105,2026-04,"Mow and trim 3 yard sections, you supply materials",632.43,1222.69,843.23,755.29,As soon as possible
synthetic-8f3e48a24c7561e159c9ab61,Auto,,75007,2026-04,Mobile service for 1 vehicle(s),331.27,640.45,441.69,,Within 1 month
synthetic-c0cad89c1811bd4761ee2f9b,Auto,,11201,2026-05,"Mobile service for 1 vehicle(s), you supply materials",461.35,891.95,615.14,,I'm flexible
synthetic-52ec8062dd833baf1162a289,Pest Control,,10023,2026-01,Pest treatment for a 1BR home,656.26,1268.77,875.02,636.35,I'm flexible
synthetic-70e51653ec8b64a8ce96e975,Handyman,,11201,2026-05,"Handyman visit: 2 small tasks (mount TV, hang shelves, patch drywall)",177.54,343.25,236.72,,As soon as possible
synthetic-00f739fa5d398d89403a7cb7,Handyman,,75007,2026-02,"Handyman visit: 3 small tasks (mount TV, hang shelves, patch drywall)",133.44,257.99,177.92,,Within 1 month
synthetic-7f5e41f05d8492030cf3b76e,Cleaning,,75007,2026-06,"Standard home cleaning, 3 rooms",142.04,274.62,189.39,,Within 1-2 weeks
synthetic-e1c5a6ca5084bf8de7afaa75,Auto,,10023,2026-05,Mobile service for 1 vehicle(s),494.93,956.86,659.9,,Within 1 month
synthetic-39cd756e9220979b64f97455,Appliance Repair,,75007,2026-03,Repair 2 household appliance(s),192.05,371.3,256.07,,Within 1 month
synthetic-8c549834a1a1e3fc9f2ace98,Cleaning,,75201,2026-01,"Standard home cleaning, 4 rooms, you supply materials",160.98,311.22,214.64,,I'm flexible
synthetic-995bd353dbb185c0898f7594,Cleaning,,75007,2026-06,"Standard home cleaning, 4 rooms, you supply materials",141.17,272.92,188.22,170.3,As soon as possible
synthetic-f5302da2d93acc4100a26861,HVAC,,11201,2026-03,"Service 3 HVAC unit(s), you supply materials",896.61,1733.45,1195.48,,I'm flexible
synthetic-774c080392bc0d8bdb65b2ef,Appliance Repair,,94105,2026-03,Repair 2 household appliance(s),297.38,574.94,396.51,431.54,I'm flexible
synthetic-ad8c2bd24f728ab82c956e16,Pest Control,,95014,2026-06,Pest treatment for a 3BR home,670.84,1296.96,894.45,,Within 1-2 weeks
synthetic-e1a0576edc0e32573e27dfd4,Cleaning,,94105,2026-06,"Standard home cleaning, 3 rooms",245.36,474.36,327.15,,I'm flexible
synthetic-d6c71909f11082bcf641996c,Handyman,,75007,2026-01,"Handyman visit: 2 small tasks (mount TV, hang shelves, patch drywall), you supply materials",116.61,225.44,155.47,,Within 1-2 weeks
synthetic-46cc1b37170e44853bba3654,Chimney,,11201,2026-01,"Inspect and sweep 2 chimney(s), you supply materials",627.62,1213.41,836.83,,Within 1-2 weeks
synthetic-ba3ae148a42471d273dfed63,Landscaping,,75007,2026-05,"Mow and trim 6 yard sections, you supply materials",357.0,690.2,476.0,,Within 1-2 weeks
synthetic-4953c2c5001954749b92f386,General Contractor,,75201,2026-05,"General contracting, 4 work items",2745.28,5307.54,3660.38,3589.94,As soon as possible
synthetic-0babbda37e97a33a5154e75f,Auto,,10023,2026-05,Mobile service for 1 vehicle(s),494.15,955.35,658.86,504.58,As soon as possible
synthetic-6bc679ccc1cd8a126d1bf2ae,Auto,,75007,2026-03,Mobile service for 3 vehicle(s),352.34,681.18,469.78,,As soon as possible
synthetic-b9d771ce0f57e646415d1cbf,Remodeling,,75007,2026-01,Remodel 1 rooms,4486.85,8674.57,5982.46,,Within 1 month
synthetic-7abd23dd5a941953fbddb6a6,Landscaping,,75201,2026-02,"Mow and trim 1 yard sections, you supply materials",384.28,742.94,512.37,313.75,Within 1-2 weeks
synthetic-553916fa2d52e3fb061b7805,Electrical,,95014,2026-04,Install 12 outlets or switches,495.47,957.91,660.63,814.05,Within 1-2 weeks
synthetic-65934de244ab1e4fdadb0d24,Exterior,,95014,2026-06,Power wash 2 exterior surfaces,742.89,1436.25,990.52,,Within 1-2 weeks
synthetic-a50a7758d091f7aa6d07066a,Cleaning,,11201,2026-04,"Standard home cleaning, 2 rooms",220.11,425.54,293.47,,Within 1-2 weeks
synthetic-0dde71782b156f71b269483e,Cleaning,,11201,2026-05,"Standard home cleaning, 7 rooms",209.98,405.95,279.97,,Within 1 month
synthetic-75679826e40e29c1d2203b12,Cleaning,,11201,2026-04,"Standard home cleaning, 1 rooms",223.71,432.5,298.28,,I'm flexible
synthetic-ce856a9619cef0c03ddb190e,Pest Control,,75007,2026-04,Pest treatment for a 5BR home,444.13,858.66,592.18,,As soon as possible
synthetic-01f74f178732a94262f59607,Plumbing,,75201,2026-02,Replace 1 plumbing fixtures,237.41,458.99,316.54,204.24,Within 1-2 weeks
synthetic-3ca84afa786f07ba328d56a3,Plumbing,,75007,2026-04,Replace 3 plumbing fixtures,228.58,441.93,304.78,,I'm flexible
synthetic-ad7eb49de7c327b78cdd4577,Plumbing,,75007,2026-01,Replace 4 plumbing fixtures,258.71,500.17,344.94,,As soon as possible
synthetic-74e23a9e7467acd0849038ef,Flooring,,75007,2026-05,"Install flooring, 1119 sqft",1072.11,2072.75,1429.49,2012.6,Within 1-2 weeks
synthetic-6f48ec63a558c009c84c6f7d,Electrical,,10023,2026-04,Install 4 outlets or switches,434.4,839.85,579.2,,As soon as possible
synthetic-83bfc05a6752c4c9c8b0d27a,Flooring,,75201,2026-02,"Install flooring, 662 sqft",1151.7,2226.61,1535.6,,As soon as possible
synthetic-f29f40589db6f7fd36608d00,Plumbing,,75201,2026-01,Replace 4 plumbing fixtures,250.25,483.81,333.67,,Within 1-2 weeks
synthetic-742c00e4b741e539194335a8,Plumbing,,75007,2026-05,Replace 1 plumbing fixtures,256.04,495.01,341.39,,I'm flexible
synthetic-24ea4418eb3d441c585fa17f,Plumbing,,11201,2026-06,Replace 1 plumbing fixtures,329.24,636.52,438.98,340.93,As soon as possible
synthetic-cd3c51de95294941b05060c8,Moving,,95014,2026-03,"Move 5 rooms of furniture, you supply materials",1160.79,2244.19,1547.72,1325.44,Within 1 month
synthetic-baf083f35b6b245fb23cbf0a,Exterior,,11201,2026-05,"Power wash 6 exterior surfaces, you supply materials",726.2,1403.98,968.26,,Within 1 month
synthetic-2b3e58b8fcc956ecec5aa34a,HVAC,,75007,2026-05,"Service 3 HVAC unit(s), you supply materials",633.39,1224.54,844.51,,I'm flexible
synthetic-0033427efb61a6234d250e72,Pest Control,,11201,2026-04,Pest treatment for a 3BR home,596.57,1153.37,795.43,720.4,Within 1 month
synthetic-88f9143617bd83cd94abda11,Cleaning,,75201,2026-03,"Standard home cleaning, 11 rooms, you supply materials",142.76,276.01,190.35,,I'm flexible
synthetic-3b5170a85de9c6affbb4942b,Handyman,,75201,2026-06,"Handyman visit: 1 small tasks (mount TV, hang shelves, patch drywall)",121.93,235.73,162.57,,Within 1-2 weeks
synthetic-b2d2182c317039161e87efaf,HVAC,,10023,2026-06,Service 3 HVAC unit(s),846.28,1636.14,1128.37,,Within 1 month
synthetic-3b977633118997369a27d416,Moving,,11201,2026-06,Move 3 rooms of furniture,1172.43,2266.7,1563.24,,Within 1 month
synthetic-a682dc434fcc98943877c03e,Electrical,,75007,2026-01,"Install 4 outlets or switches, you supply materials",298.18,576.48,397.57,294.7,Within 1-2 weeks
synthetic-3612f5d24de98a828cf1921e,Moving,,10023,2026-04,Move 4 rooms of furniture,1189.51,2299.72,1586.01,,Within 1-2 weeks
synthetic-c004a1f2bb5c31b4d9ec372d,Electrical,,94105,2026-06,Install 5 outlets or switches,449.41,868.85,599.21,,Within 1-2 weeks
synthetic-b92df47447110d5a7705fb28,Plumbing,,11201,2026-05,"Replace 3 plumbing fixtures, you supply materials",361.22,698.35,481.62,,I'm flexible
synthetic-f214eed3fb8dc5cb345cda30,Handyman,,10023,2026-03,"Handyman visit: 2 small tasks (mount TV, hang shelves, patch drywall)",180.62,349.21,240.83,,Within 1-2 weeks
synthetic-f95bb0456ddf019ced22ff47,Remodeling,,94105,2026-02,Remodel 7 rooms,6841.32,13226.54,9121.75,11502.95,I'm flexible
synthetic-492aabd635055c2b2accc425,Handyman,,95014,2026-06,"Handyman visit: 1 small tasks (mount TV, hang shelves, patch drywall)",204.51,395.38,272.68,,As soon as possible
synthetic-5cbb0e66ee3f9126b1e6667a,Plumbing,,95014,2026-02,"Replace 1 plumbing fixtures, you supply materials",376.4,727.72,501.87,391.78,I'm flexible
synthetic-e8b2b2d3a4f0b5acb48e72a6,Cleaning,,95014,2026-04,"Standard home cleaning, 1 rooms",242.53,468.9,323.38,211.28,Within 1-2 weeks
synthetic-156ced096e986780c32d0796,Handyman,,75201,2026-04,"Handyman visit: 3 small tasks (mount TV, hang shelves, patch drywall), you supply materials",120.92,233.78,161.23,134.66,Within 1-2 weeks
synthetic-50835dc691eefc6a0da552f0,Handyman,,75201,2026-01,"Handyman visit: 3 small tasks (mount TV, hang shelves, patch drywall)",110.94,214.49,147.92,,Within 1-2 weeks
synthetic-766f9b7636f642b2ed142341,Electrical,,75007,2026-04,Install 6 outlets or switches,279.9,541.14,373.2,,Within 1 month
synthetic-d869a130220f8e4365a783b8,HVAC,,75007,2026-04,Service 3 HVAC unit(s),559.3,1081.31,745.73,,Within 1-2 weeks
synthetic-81265419f2f252e4a065694a,Exterior,,94105,2026-06,Power wash 4 exterior surfaces,808.52,1563.14,1078.03,,Within 1 month
synthetic-101d2ca3ed04ca813e73833a,Painting,,10023,2026-02,Paint 3 rooms,1454.66,2812.35,1939.55,,Within 1-2 weeks
synthetic-83a1feffdf1cac69478ba522,Plumbing,,94105,2026-01,Replace 1 plumbing fixtures,404.89,782.79,539.85,,As soon as possible
synthetic-63d08ad130449a12d3ec6b94,Appliance Repair,,95014,2026-01,"Repair 1 household appliance(s), you supply materials",300.86,581.65,401.14,,Within 1-2 weeks
synthetic-48c28f6fbfac870904172e5b,Exterior,,75007,2026-01,Power wash 2 exterior surfaces,475.17,918.67,633.56,611.48,I'm flexible
synthetic-ff8c9c12ac7baa2ae4a3696d,Electrical,,75201,2026-02,Install 4 outlets or switches,312.99,605.11,417.32,423.12,As soon as possible
synthetic-6e7f4176d2dc738d8955dab3,Handyman,,94105,2026-03,"Handyman visit: 4 small tasks (mount TV, hang shelves, patch drywall)",193.99,375.05,258.66,258.25,Within 1-2 weeks
synthetic-989f7880fbc8f3a0696f3497,Electrical,,75201,2026-05,Install 10 outlets or switches,317.67,614.16,423.56,,Within 1-2 weeks
synthetic-0097642909509e8f286954ea,Auto,,11201,2026-02,Mobile service for 1 vehicle(s),494.1,955.26,658.8,573.6,Within 1 month
synthetic-4b39ab705baa05db1daf34a5,Auto,,11201,2026-03,"Mobile service for 1 vehicle(s), you supply materials",505.29,976.9,673.72,,As soon as possible
synthetic-cf2915f93fbb8f21648fede8,Cleaning,,75007,2026-06,"Standard home cleaning, 10 rooms",158.06,305.59,210.75,,As soon as possible
synthetic-6784c84a06215d0c60dc62d5,Pest Control,,11201,2026-03,"Pest treatment for a 4BR home, you supply materials",550.77,1064.81,734.35,684.17,Within 1 month
synthetic-be264973e2fd762d20f17f95,Flooring,,95014,2026-02,"Install flooring, 249 sqft",1752.24,3387.66,2336.32,,Within 1 month
synthetic-a7895a662c5891d024b98ea9,Plumbing,,10023,2026-01,Replace 3 plumbing fixtures,347.87,672.54,463.82,445.98,I'm flexible
synthetic-64b9347d00cd9d9e7543fc90,Painting,,95014,2026-05,Paint 2 rooms,1570.11,3035.54,2093.48,,As soon as possible
synthetic-95a21312c883517ec608d386,Plumbing,,11201,2026-05,"Replace 3 plumbing fixtures, you supply materials",328.98,636.03,438.64,416.8,Within 1-2 weeks
synthetic-214b2c7dedf87720df3236ec,HVAC,,75201,2026-06,Service 4 HVAC unit(s),643.81,1244.69,858.41,,Within 1-2 weeks
synthetic-d30184e8887252a6eb88c7fd,Cleaning,,75201,2026-01,"Standard home cleaning, 5 rooms",153.24,296.27,204.32,,Within 1-2 weeks
synthetic-c967af2e0ca223bd8561b8fa,Painting,,95014,2026-05,Paint 3 rooms,1574.47,3043.98,2099.3,2087.11,I'm flexible
synthetic-04f7824f77736c9a4493942d,Flooring,,94105,2026-03,"Install flooring, 483 sqft",1876.41,3627.72,2501.88,,Within 1-2 weeks
synthetic-053f5d63fbd84aa968445d06,Cleaning,,75201,2026-03,"Standard home cleaning, 8 rooms",157.68,304.85,210.24,240.16,Within 1-2 weeks
synthetic-68630e425cb42f099ff69020,Painting,,11201,2026-06,"Paint 2 rooms, you supply materials",1350.28,2610.53,1800.37,,As soon as possible
synthetic-1947572712c62b9520629069,Plumbing,,10023,2026-06,Replace 3 plumbing fixtures,345.36,667.7,460.48,453.91,Within 1-2 weeks
synthetic-8729fc6276806a0b40510a08,Painting,,10023,2026-06,"Paint 3 rooms, you supply materials",1389.91,2687.15,1853.21,,As soon as possible
synthetic-58b0edbc798a2ecb64a4e15e,Appliance Repair,,10023,2026-03,"Repair 2 household appliance(s), you supply materials",280.85,542.98,374.47,345.9,Within 1 month
synthetic-ef9bae3b10feebb0951537d3,Painting,,75007,2026-02,Paint 1 rooms,953.49,1843.42,1271.33,,As soon as possible
synthetic-339436ac1aeeeacd69cf439b,Appliance Repair,,75007,2026-06,Repair 1 household appliance(s),193.69,374.47,258.26,275.14,As soon as possible
synthetic-6bb812e44b58e151378ce592,Handyman,,75007,2026-05,"Handyman visit: 2 small tasks (mount TV, hang shelves, patch drywall), you supply materials",130.03,251.38,173.37,,Within 1 month
synthetic-b059eb28ff4716d8422011f8,Cleaning,,94105,2026-03,"Standard home cleaning, 5 rooms",230.32,445.29,307.1,,Within 1-2 weeks
synthetic-acb72bec37c891086e2f7214,Landscaping,,10023,2026-02,Mow and trim 2 yard sections,535.07,1034.48,713.43,,As soon as possible
synthetic-021f966a23b4c2c977116cee,Cleaning,,10023,2026-03,"Standard home cleaning, 13 rooms, you supply materials",206.34,398.92,275.12,,Within 1-2 weeks
synthetic-c4ed5278277f67cdb57c36f3,HVAC,,95014,2026-02,Service 2 HVAC unit(s),947.79,1832.4,1263.72,,I'm flexible
synthetic-92f2f9a42803e94262ff353d,Electrical,,75007,2026-06,Install 7 outlets or switches,324.53,627.43,432.71,,As soon as possible
synthetic-d8cc944b3e80204f2d9c5cac,HVAC,,95014,2026-01,Service 1 HVAC unit(s),943.98,1825.03,1258.64,,As soon as possible
synthetic-d343d6ce5734f2f157289294,Appliance Repair,,10023,2026-06,Repair 1 household appliance(s),278.36,538.16,371.15,351.26,I'm flexible
synthetic-35527b663d47542c88eb3bd9,Painting,,75007,2026-06,"Paint 1 rooms, you supply materials",944.54,1826.11,1259.39,,As soon as possible
synthetic-8fee804b57f212da01d93c02,Pest Control,,11201,2026-02,Pest treatment for a 2BR home,647.67,1252.17,863.56,803.61,Within 1 month
synthetic-506fa774f1585d095601fe82,Cleaning,,75007,2026-04,"Standard home cleaning, 4 rooms",161.17,311.59,214.89,,I'm flexible
synthetic-3768f6a0d01dbd488044c61b,Appliance Repair,,75007,2026-06,Repair 2 household appliance(s),181.36,350.63,241.81,299.42,Within 1 month
synthetic-ccc2530d667f043cd5603cd4,Landscaping,,10023,2026-03,Mow and trim 5 yard sections,564.6,1091.57,752.8,,Within 1 month
synthetic-2e29a6dd9e3beeeb84c09824,Landscaping,,11201,2026-01,Mow and trim 3 yard sections,517.38,1000.28,689.85,,Within 1-2 weeks
synthetic-40e3d59ab5c639a8a4f942d4,Painting,,95014,2026-05,Paint 5 rooms,1544.7,2986.41,2059.6,2384.05,Within 1 month
synthetic-44863ce01f0d6786685e4281,HVAC,,75007,2026-02,"Service 4 HVAC unit(s), you supply materials",615.35,1189.68,820.47,829.13,Within 1-2 weeks
synthetic-0155683477b576de0eafd2a7,Handyman,,75201,2026-02,"Handyman visit: 3 small tasks (mount TV, hang shelves, patch drywall), you supply materials",117.56,227.27,156.74,,Within 1 month
synthetic-9cdad9d96dc64e3ec1509f0b,Plumbing,,10023,2026-06,Replace 7 plumbing fixtures,327.75,633.66,437.0,,Within 1 month
synthetic-36c9d6e84b41fcbc79a2f33e,Flooring,,75007,2026-02,"Install flooring, 542 sqft",1080.11,2088.2,1440.14,,Within 1-2 weeks
synthetic-3d01557b55625f41b83d5bfb,Plumbing,,75007,2026-02,Replace 6 plumbing fixtures,244.33,472.37,325.77,,Within 1 month
synthetic-56c8fb613eaadeb9a85c63c0,Pest Control,,10023,2026-02,"Pest treatment for a 3BR home, you supply materials",592.19,1144.9,789.58,,Within 1-2 weeks
synthetic-becd8350f77b4beeaf5f14a2,Plumbing,,95014,2026-03,Replace 5 plumbing fixtures,368.96,713.32,491.95,,Within 1-2 weeks
synthetic-536cc9c9100418280010e72a,Appliance Repair,,75201,2026-02,"Repair 3 household appliance(s), you supply materials",209.84,405.7,279.79,,Within 1 month
synthetic-5eb987d69b6f0beb2dcfdfd7,Cleaning,,95014,2026-02,"Standard home cleaning, 1 rooms, you supply materials",245.31,474.26,327.08,,Within 1-2 weeks
synthetic-2bc1f83e3d44894a4ec7ca59,Handyman,,94105,2026-04,"Handyman visit: 3 small tasks (mount TV, hang shelves, patch drywall)",191.47,370.17,255.29,288.5,I'm flexible
synthetic-8db356033ef0720b73d06e1e,Landscaping,,75007,2026-03,Mow and trim 3 yard sections,384.54,743.44,512.72,420.12,Within 1-2 weeks
synthetic-84f5bbc659a0e3c108b4940f,Flooring,,75201,2026-04,"Install flooring, 486 sqft",1081.64,2091.17,1442.19,,As soon as possible
synthetic-39ea8ca17979dbae46d1e038,Landscaping,,11201,2026-06,Mow and trim 3 yard sections,553.95,1070.97,738.6,528.76,As soon as possible
synthetic-c84bff26e3a09c1da0814f10,Moving,,94105,2026-04,"Move 2 rooms of furniture, you supply materials",1259.94,2435.88,1679.92,,Within 1-2 weeks
synthetic-5594f2cb3aa321f7ef639854,Roofing,,95014,2026-04,"Roof repair, 7 sections",5481.52,10597.61,7308.7,,Within 1 month
synthetic-c1dcf9d4600543c1b54be8da,Pool,,11201,2026-01,"Pool service package, 4 visits",4449.64,8602.64,5932.85,,As soon as possible
synthetic-cdbece50732e434b2684f5e4,HVAC,,75007,2026-06,Service 4 HVAC unit(s),628.09,1214.32,837.46,,Within 1-2 weeks
synthetic-6c84301ac5e6eb0f9d64f675,Chimney,,95014,2026-03,Inspect and sweep 1 chimney(s),613.49,1186.09,817.99,,Within 1 month
synthetic-8817329b9168a98942c9e76c,Plumbing,,94105,2026-03,"Replace 2 plumbing fixtures, you supply materials",393.2,760.19,524.27,458.56,Within 1 month
synthetic-2d2700af38736c5923257b2d,Cleaning,,95014,2026-05,"Standard home cleaning, 3 rooms",242.57,468.97,323.43,,As soon as possible
synthetic-fdde85365575b95dae7b8867,Painting,,10023,2026-05,Paint 2 rooms,1420.75,2746.78,1894.33,,As soon as possible
synthetic-aae3a9adaabd7b4252ece714,Cleaning,,94105,2026-02,"Standard home cleaning, 11 rooms, you supply materials",216.26,418.1,288.35,,I'm flexible
synthetic-9dc37f727f9d8a0f20015890,Handyman,,10023,2026-02,"Handyman visit: 3 small tasks (mount TV, hang shelves, patch drywall)",175.49,339.27,233.98,221.36,Within 1 month
synthetic-ea92f704ace90b07d9781029,Landscaping,,94105,2026-03,Mow and trim 5 yard sections,614.86,1188.74,819.82,982.79,Within 1-2 weeks
synthetic-bb0bd1b31461d297b6a7d909,Handyman,,10023,2026-03,"Handyman visit: 5 small tasks (mount TV, hang shelves, patch drywall)",171.3,331.19,228.41,,Within 1-2 weeks
synthetic-838c76d76f93c2cc6363ce09,Electrical,,95014,2026-05,Install 13 outlets or switches,455.48,880.59,607.3,,Within 1-2 weeks
synthetic-45143985949bf4554a4b5e02,Handyman,,10023,2026-04,"Handyman visit: 1 small tasks (mount TV, hang shelves, patch drywall)",170.33,329.3,227.11,,Within 1-2 weeks
synthetic-f6281196b2b1f0b19d135c47,Handyman,,75007,2026-01,"Handyman visit: 1 small tasks (mount TV, hang shelves, patch drywall)",126.7,244.96,168.94,,I'm flexible
synthetic-ef1d119a110079b3e0f80a08,Auto,,75007,2026-04,Mobile service for 2 vehicle(s),341.14,659.53,454.85,602.22,Within 1 month
synthetic-8de83ce0a71f85735109cee9,General Contractor,,75201,2026-02,"General contracting, 6 work items",2806.24,5425.39,3741.65,,Within 1-2 weeks
synthetic-59bdc993a2394dcffb05cc0c,Electrical,,95014,2026-03,"Install 11 outlets or switches, you supply materials",467.63,904.08,623.51,,As soon as possible
synthetic-6a0f88661f25ec6918d75f99,Plumbing,,75007,2026-01,Replace 6 plumbing fixtures,248.8,481.01,331.73,413.12,Within 1-2 weeks
synthetic-9faa38874b1ad084f55edc83,Pest Control,,75201,2026-04,Pest treatment for a 1BR home,396.92,767.38,529.23,,I'm flexible
synthetic-cbe76c12017879662d1d9b32,Handyman,,95014,2026-03,"Handyman visit: 3 small tasks (mount TV, hang shelves, patch drywall)",191.71,370.63,255.61,,As soon as possible
synthetic-924665d96b737cd1bb2ec0b2,Handyman,,11201,2026-05,"Handyman visit: 7 small tasks (mount TV, hang shelves, patch drywall), you supply materials",204.51,395.38,272.67,,Within 1-2 weeks
synthetic-1b5cfda7c1df2b332408468c,Exterior,,75007,2026-03,Power wash 5 exterior surfaces,479.52,927.07,639.36,,I'm flexible
synthetic-a7d90418fb8f51b53adbd778,Handyman,,75201,2026-01,"Handyman visit: 2 small tasks (mount TV, hang shelves, patch drywall), you supply materials",128.74,248.9,171.66,,I'm flexible
synthetic-b749a7ad66112e5ac50ac507,Exterior,,75201,2026-01,Power wash 3 exterior surfaces,480.28,928.53,640.37,638.01,Within 1-2 weeks
synthetic-7cf2af2debab0dba4af52265,Cleaning,,75007,2026-03,"Standard home cleaning, 2 rooms",138.73,268.21,184.97,147.94,I'm flexible
synthetic-4916a8ea8ff77147892a88e9,Pest Control,,75007,2026-01,Pest treatment for a 1BR home,421.01,813.96,561.35,,I'm flexible
synthetic-b16846f42569c7719c1f767a,Handyman,,75007,2026-02,"Handyman visit: 4 small tasks (mount TV, hang shelves, patch drywall)",135.3,261.58,180.4,199.73,Within 1 month
synthetic-8e4b70fda05abd988f99cf73,Roofing,,95014,2026-02,"Roof repair, 3 sections",5586.19,10799.96,7448.25,7266.14,Within 1 month
synthetic-31dd96b3a91ea72fca4385cf,Electrical,,75007,2026-04,"Install 4 outlets or switches, you supply materials",322.45,623.41,429.93,,Within 1-2 weeks
synthetic-7dad77c1fae1789e84164f44,Plumbing,,10023,2026-06,Replace 3 plumbing fixtures,360.87,697.69,481.16,528.98,Within 1 month
synthetic-b6998e30eee632e11f6887a2,Electrical,,11201,2026-04,Install 5 outlets or switches,461.44,892.12,615.25,553.69,Within 1-2 weeks
synthetic-ba9039dd6de354abe034eee3,Handyman,,11201,2026-06,"Handyman visit: 1 small tasks (mount TV, hang shelves, patch drywall)",184.92,357.51,246.56,,Within 1-2 weeks
synthetic-280cb26fb682b451d253e6f4,Pool,,75007,2026-05,"Pool service package, 4 visits, you supply materials",2978.31,5758.06,3971.08,,Within 1-2 weeks
synthetic-cb68b7983005534a739808d4,Appliance Repair,,94105,2026-03,Repair 1 household appliance(s),282.69,546.53,376.92,,I'm flexible
synthetic-bdf41398fac5c71edcc2e400,Auto,,10023,2026-02,Mobile service for 3 vehicle(s),539.49,1043.01,719.31,,Within 1 month
synthetic-d8591fef485b7dfbe62ad144,Appliance Repair,,95014,2026-03,Repair 1 household appliance(s),302.31,584.46,403.08,,Within 1 month
synthetic-ecd086b1dd30f998b364df20,Roofing,,75201,2026-01,"Roof repair, 11 sections",3073.54,5942.19,4098.06,,I'm flexible
synthetic-36852a3093c6223f45684901,Plumbing,,95014,2026-05,Replace 3 plumbing fixtures,375.85,726.64,501.13,,As soon as possible
synthetic-3d2af38d42d727f76b67c043,Cleaning,,75007,2026-04,"Standard home cleaning, 4 rooms",164.37,317.77,219.15,,Within 1 month
synthetic-92720533bf519fcfaeff9fad,Landscaping,,75007,2026-02,"Mow and trim 5 yard sections, you supply materials",375.96,726.87,501.29,,Within 1-2 weeks
synthetic-eba798307945b71cbc3cf032,Plumbing,,10023,2026-06,Replace 6 plumbing fixtures,378.42,731.61,504.56,576.07,As soon as possible
synthetic-dbb1c54c7a44976be0641687,Plumbing,,10023,2026-04,Replace 2 plumbing fixtures,374.78,724.57,499.7,509.69,As soon as possible
synthetic-9094df4f766be73b052af8da,Plumbing,,95014,2026-04,Replace 3 plumbing fixtures,367.29,710.09,489.72,,Within 1 month
synthetic-4750f3d2612456d54d54a1d4,Exterior,,75007,2026-02,Power wash 8 exterior surfaces,455.82,881.25,607.76,,Within 1-2 weeks
synthetic-f71f6e3b41fc3b0de589daed,Moving,,75201,2026-04,Move 6 rooms of furniture,886.67,1714.24,1182.23,1533.26,Within 1 month
synthetic-55ce8281ea360b753a273cc6,Plumbing,,95014,2026-01,Replace 3 plumbing fixtures,398.47,770.37,531.29,,Within 1-2 weeks
synthetic-60ea8c9bcbbb337ff83741a0,Cleaning,,75201,2026-04,"Standard home cleaning, 3 rooms",150.79,291.53,201.05,,As soon as possible
synthetic-536bd13e87de989776fbd45a,Pest Control,,94105,2026-04,"Pest treatment for a 6BR home, you supply materials",658.04,1272.21,877.38,847.43,As soon as possible
synthetic-c7b81a2c116a828615f928b5,Exterior,,75007,2026-05,"Power wash 2 exterior surfaces, you supply materials",483.3,934.38,644.4,,I'm flexible
synthetic-dc6a66a957addeaab9e5b763,Moving,,10023,2026-06,Move 3 rooms of furniture,1237.62,2392.74,1650.17,,Within 1 month
synthetic-baf32f5b0346ea47c6deebe5,Handyman,,75007,2026-03,"Handyman visit: 4 small tasks (mount TV, hang shelves, patch drywall)",124.5,240.69,165.99,197.04,As soon as possible
synthetic-23ca91638e5a2033be55793f,Flooring,,11201,2026-01,"Install flooring, 1966 sqft",1616.31,3124.87,2155.08,,As soon as possible
synthetic-757bde5aaa9648d82a8061e5,Landscaping,,10023,2026-02,Mow and trim 2 yard sections,556.2,1075.32,741.6,,I'm flexible
synthetic-4c8720db036e00b2adc62ffb,Remodeling,,95014,2026-06,"Remodel 2 rooms, you supply materials",6742.3,13035.11,8989.73,,Within 1-2 weeks
synthetic-da8907cf39286ecf4cb84489,Roofing,,75007,2026-02,"Roof repair, 3 sections",3459.29,6687.95,4612.38,,Within 1-2 weeks
synthetic-14f713c75d06fb63b6c6dd5a,Pest Control,,10023,2026-02,"Pest treatment for a 1BR home, you supply materials",604.75,1169.18,806.33,578.37,Within 1 month
synthetic-0956ab7e1ac50204dc7f5683,Appliance Repair,,10023,2026-03,Repair 1 household appliance(s),275.27,532.2,367.03,348.67,Within 1 month
synthetic-413828e433febd4e869597d1,Appliance Repair,,75201,2026-06,Repair 1 household appliance(s),174.89,338.12,233.18,258.8,I'm flexible
synthetic-0d40f0048709ee54b0605023,Handyman,,75201,2026-01,"Handyman visit: 4 small tasks (mount TV, hang shelves, patch drywall)",124.66,241.02,166.22,192.71,As soon as possible
synthetic-20b0afe4b493a263fe5e3c18,Remodeling,,75201,2026-02,"Remodel 2 rooms, you supply materials",4484.74,8670.5,5979.66,5011.97,As soon as possible
synthetic-06347c6b049ddbd3d8a77423,Cleaning,,75007,2026-03,"Standard home cleaning, 4 rooms",157.57,304.63,210.09,,As soon as possible
synthetic-6eacf8f6c373e95a10fa4354,Pool,,10023,2026-03,"Pool service package, 6 visits",4559.64,8815.31,6079.53,,I'm flexible
synthetic-bd251b6fb40a41e0ce3a55a1,Plumbing,,95014,2026-04,Replace 5 plumbing fixtures,394.83,763.35,526.45,,As soon as possible
synthetic-75f3238a01013f4d78694044,Pest Control,,94105,2026-04,"Pest treatment for a 3BR home, you supply materials",694.49,1342.68,925.99,742.35,Within 1 month
synthetic-205883c0323ebf0653aaca08,Landscaping,,94105,2026-02,Mow and trim 4 yard sections,587.16,1135.17,782.88,,As soon as possible
synthetic-595a4bd85fb174b04aae7ec3,Painting,,94105,2026-03,"Paint 1 rooms, you supply materials",1481.98,2865.16,1975.98,1497.1,I'm flexible
synthetic-0b69fa65bb9734e6063505c1,Appliance Repair,,95014,2026-06,Repair 1 household appliance(s),287.83,556.47,383.77,445.62,Within 1-2 weeks
synthetic-27ec8ff799b9302f4588039c,HVAC,,75007,2026-05,Service 1 HVAC unit(s),636.38,1230.34,848.51,762.75,Within 1-2 weeks
synthetic-55882666daf692ec8aa2c34d,Electrical,,94105,2026-04,Install 6 outlets or switches,487.26,942.04,649.68,,As soon as possible
synthetic-96ad0b1d6d122b9f705e87d8,Flooring,,75007,2026-06,"Install flooring, 288 sqft",1126.72,2178.33,1502.3,,As soon as possible
synthetic-a7a98cebd5268b1f196ca4bf,Handyman,,95014,2026-02,"Handyman visit: 4 small tasks (mount TV, hang shelves, patch drywall)",200.51,387.64,267.34,,As soon as possible
synthetic-7087d5c2c54159fcf5c3a7d2,Landscaping,,10023,2026-06,Mow and trim 8 yard sections,564.42,1091.2,752.55,,Within 1-2 weeks
synthetic-bc232574405ae56ccd3fd2cd,Handyman,,95014,2026-02,"Handyman visit: 3 small tasks (mount TV, hang shelves, patch drywall)",200.23,387.12,266.98,,Within 1 month
synthetic-30e11c071d5c67c0fe603adb,Moving,,75007,2026-01,Move 4 rooms of furniture,896.31,1732.87,1195.08,,As soon as possible
synthetic-a4473515261bcb86d99a6221,Electrical,,11201,2026-04,Install 3 outlets or switches,445.62,861.54,594.17,,Within 1 month
synthetic-39c52122554d5e5aa7517418,Handyman,,11201,2026-01,"Handyman visit: 1 small tasks (mount TV, hang shelves, patch drywall), you supply materials",190.18,367.68,253.58,,Within 1-2 weeks
synthetic-953f5b40556ea0477954c7c7,Moving,,75201,2026-06,Move 7 rooms of furniture,786.74,1521.03,1048.99,1031.61,Within 1 month
synthetic-e26fa69ba71e884bc7cccd48,Handyman,,11201,2026-01,"Handyman visit: 6 small tasks (mount TV, hang shelves, patch drywall)",193.86,374.8,258.48,,I'm flexible
synthetic-e298e8acce78da1209e1efe6,Handyman,,75007,2026-01,"Handyman visit: 1 small tasks (mount TV, hang shelves, patch drywall), you supply materials",121.24,234.41,161.66,125.99,Within 1-2 weeks
synthetic-d05149a800350825fdf57fe6,Painting,,11201,2026-05,Paint 7 rooms,1434.05,2772.51,1912.07,,Within 1-2 weeks
synthetic-c4ca75a1dff1ea735f16c1a1,Handyman,,95014,2026-01,"Handyman visit: 2 small tasks (mount TV, hang shelves, patch drywall)",187.53,362.56,250.04,,As soon as possible
synthetic-0cf39ae2d97d58f42ee718b0,HVAC,,11201,2026-01,Service 1 HVAC unit(s),984.99,1904.31,1313.32,1233.36,Within 1 month
synthetic-0e2f3e4884182fc6f2899c88,Appliance Repair,,75007,2026-06,Repair 1 household appliance(s),193.29,373.7,257.73,,Within 1 month
synthetic-1d40da540e4023253a621904,Electrical,,11201,2026-04,Install 3 outlets or switches,463.24,895.59,617.65,595.82,As soon as possible
synthetic-a7d582533a7027a9a9ce44ee,Flooring,,75201,2026-01,"Install flooring, 546 sqft",1105.95,2138.17,1474.6,,As soon as possible
synthetic-86bc8d567a6f87323e3516a9,Auto,,10023,2026-05,Mobile service for 1 vehicle(s),521.77,1008.76,695.7,,I'm flexible
synthetic-3c1c055706c4de5358c6e48d,Moving,,94105,2026-04,Move 5 rooms of furniture,1366.38,2641.67,1821.84,,Within 1 month
synthetic-bd3ce8219423a27ed8b0b5a9,Handyman,,75201,2026-05,"Handyman visit: 1 small tasks (mount TV, hang shelves, patch drywall)",127.9,247.27,170.53,,Within 1 month
synthetic-773585a11876f343c85e09d4,Electrical,,10023,2026-01,"Install 3 outlets or switches, you supply materials",430.95,833.16,574.59,,As soon as possible
synthetic-6b11c209bcdb3bf741497458,Electrical,,75201,2026-01,Install 2 outlets or switches,307.14,593.8,409.52,,As soon as possible
synthetic-cfc262303dd2465c7b5287c0,Handyman,,11201,2026-01,"Handyman visit: 2 small tasks (mount TV, hang shelves, patch drywall), you supply materials",183.56,354.88,244.75,201.29,Within 1-2 weeks
synthetic-4de1a379273b87efde19e094,Auto,,75007,2026-04,"Mobile service for 1 vehicle(s), you supply materials",356.48,689.2,475.31,391.54,I'm flexible
synthetic-aacb1c5f14fcf812fc76b22a,Pest Control,,95014,2026-04,Pest treatment for a 1BR home,673.12,1301.36,897.49,731.52,Within 1-2 weeks
synthetic-94c59d754be47922b37c4e7d,Plumbing,,95014,2026-03,Replace 5 plumbing fixtures,403.83,780.74,538.44,652.78,Within 1 month
synthetic-b13f244c0b9683765d12ba38,Electrical,,10023,2026-02,Install 5 outlets or switches,431.21,833.67,574.94,475.07,Within 1-2 weeks
synthetic-b896478d67d18f442954c4b2,Handyman,,75201,2026-04,"Handyman visit: 2 small tasks (mount TV, hang shelves, patch drywall)",126.67,244.9,168.9,153.06,I'm flexible
synthetic-dda8f948c377c897cf102ac8,Handyman,,75007,2026-02,"Handyman visit: 4 small tasks (mount TV, hang shelves, patch drywall)",117.3,226.78,156.4,,I'm flexible
synthetic-8b053aabd9900edf7e403484,Landscaping,,94105,2026-05,Mow and trim 7 yard sections,576.85,1115.24,769.13,902.46,Within 1-2 weeks
synthetic-88288ceb628f2106535bb2b6,Exterior,,75201,2026-06,"Power wash 4 exterior surfaces, you supply materials",451.4,872.71,601.87,,I'm flexible
synthetic-0dce541c24c38a8761a47dff,Pest Control,,94105,2026-02,Pest treatment for a 9BR home,651.8,1260.14,869.06,1002.98,I'm flexible
synthetic-77b1b2e74ae82a72f7780fa9,Landscaping,,75007,2026-03,Mow and trim 3 yard sections,375.9,726.74,501.2,,I'm flexible
synthetic-7497486ec83aab7cf1b02750,Handyman,,94105,2026-04,"Handyman visit: 1 small tasks (mount TV, hang shelves, patch drywall)",180.01,348.02,240.01,,Within 1-2 weeks
synthetic-6af289503a76df5dee8e5903,Cleaning,,11201,2026-06,"Standard home cleaning, 5 rooms",231.56,447.69,308.75,,As soon as possible
synthetic-dec81ce2953cec22148689b4,Landscaping,,75201,2026-03,Mow and trim 2 yard sections,393.29,760.36,524.38,,Within 1-2 weeks
synthetic-d942593317b6e4954b1ec4cb,Handyman,,95014,2026-04,"Handyman visit: 3 small tasks (mount TV, hang shelves, patch drywall)",189.97,367.27,253.29,,Within 1-2 weeks
synthetic-5191b574779c356a68cc813f,Exterior,,10023,2026-03,Power wash 3 exterior surfaces,717.57,1387.31,956.76,,Within 1 month
synthetic-52ae762aff483aa88fe5dc1a,Handyman,,94105,2026-03,"Handyman visit: 7 small tasks (mount TV, hang shelves, patch drywall)",202.78,392.05,270.38,,I'm flexible
synthetic-30c8bcab6e1b309cb685fc92,Handyman,,94105,2026-04,"Handyman visit: 3 small tasks (mount TV, hang shelves, patch drywall)",199.41,385.53,265.88,,As soon as possible
synthetic-006f83dd3c04026f8c815f7e,Plumbing,,10023,2026-05,Replace 2 plumbing fixtures,330.87,639.69,441.17,439.85,As soon as possible
synthetic-2151539417b5e743350e4d4f,Cleaning,,75201,2026-02,"Standard home cleaning, 9 rooms, you supply materials",162.92,314.97,217.22,243.85,Within 1 month
synthetic-41f5334b18eac9403b63bb2b,Painting,,11201,2026-02,Paint 3 rooms,1461.97,2826.48,1949.3,2007.45,Within 1 month
synthetic-95d8378fa72f78d833de0ca9,Appliance Repair,,10023,2026-06,Repair 1 household appliance(s),286.32,553.55,381.76,378.87,As soon as possible
synthetic-5a69529462f556f039a4a56c,Cleaning,,11201,2026-06,"Standard home cleaning, 3 rooms",222.01,429.23,296.02,,Within 1 month
synthetic-1fd4180f73ff0ec6d5bd9dd6,Handyman,,75201,2026-03,"Handyman visit: 3 small tasks (mount TV, hang shelves, patch drywall)",120.65,233.25,160.86,,Within 1 month
synthetic-cbd2f7a95e7c077bf05deb6b,Exterior,,75201,2026-04,Power wash 7 exterior surfaces,498.62,964.01,664.83,743.11,Within 1 month
synthetic-400545a71e1a880ae4ca77b2,Pest Control,,95014,2026-05,Pest treatment for a 3BR home,694.26,1342.23,925.68,,I'm flexible
synthetic-27171c4b6182ea62e50c9ac3,Plumbing,,11201,2026-05,"Replace 3 plumbing fixtures, you supply materials",385.18,744.69,513.58,389.36,Within 1-2 weeks
synthetic-b0bbc2093168b89ebca26ee6,Roofing,,75201,2026-04,"Roof repair, 2 sections",3548.1,6859.65,4730.79,,As soon as possible
synthetic-bec3744384c7ca6f3ee22e28,Cleaning,,11201,2026-03,"Standard home cleaning, 3 rooms",236.32,456.89,315.1,,Within 1-2 weeks
synthetic-d82464bbae5fe309d042fae9,Pool,,94105,2026-03,"Pool service package, 6 visits, you supply materials",4893.55,9460.86,6524.73,,As soon as possible
synthetic-e0e750582a88783a7cf6a819,Chimney,,95014,2026-05,Inspect and sweep 1 chimney(s),611.55,1182.34,815.41,,Within 1 month
synthetic-4906a530d6e3f97a8289dbdd,Plumbing,,94105,2026-06,"Replace 1 plumbing fixtures, you supply materials",367.96,711.38,490.61,,Within 1-2 weeks
synthetic-cfd3184d929138221c62c417,Flooring,,75007,2026-06,"Install flooring, 269 sqft",1042.62,2015.73,1390.16,,As soon as possible
synthetic-473c83d954b1585247f9b139,Pool,,75201,2026-01,"Pool service package, 3 visits",2818.41,5448.92,3757.88,,I'm flexible
synthetic-b5f794c9ae754a0321c487be,Cleaning,,75201,2026-06,"Standard home cleaning, 7 rooms",157.63,304.74,210.17,219.95,As soon as possible
synthetic-a23bf7d5f2ef9785b4361dba,Plumbing,,10023,2026-06,Replace 1 plumbing fixtures,363.4,702.58,484.54,,Within 1-2 weeks
synthetic-87ea354b46260f6690d2da72,Cleaning,,11201,2026-05,"Standard home cleaning, 2 rooms",223.55,432.19,298.06,,Within 1 month
synthetic-05771b1f4d295b9f98321856,HVAC,,11201,2026-06,Service 1 HVAC unit(s),970.68,1876.65,1294.24,950.72,I'm flexible
synthetic-d17522583e9dbb6a5aa7ef35,Plumbing,,11201,2026-01,Replace 3 plumbing fixtures,359.73,695.48,479.64,418.26,I'm flexible
synthetic-55c60448a114dc187f63f950,Cleaning,,94105,2026-04,"Standard home cleaning, 4 rooms",242.5,468.83,323.33,384.62,Within 1 month
synthetic-90271a7ea1ce246fd45e10a0,Pest Control,,10023,2026-01,Pest treatment for a 5BR home,610.52,1180.34,814.03,676.6,As soon as possible
synthetic-d1894251707f6e7903eafeb1,Handyman,,94105,2026-06,"Handyman visit: 5 small tasks (mount TV, hang shelves, patch drywall), you supply materials",186.92,361.38,249.23,,Within 1-2 weeks
synthetic-81bad5c68cbaf59c2eb86525,Cleaning,,75201,2026-03,"Standard home cleaning, 5 rooms",149.82,289.65,199.76,,I'm flexible
synthetic-66ee5372142e0077b73dcde2,Appliance Repair,,10023,2026-06,Repair 3 household appliance(s),308.42,596.27,411.22,609.82,Within 1-2 weeks
synthetic-fbe28f9e70bc93021f239bf5,Roofing,,75007,2026-04,"Roof repair, 7 sections",3580.69,6922.66,4774.25,,Within 1-2 weeks
synthetic-1b61450c447a926d1b083901,Handyman,,10023,2026-05,"Handyman visit: 5 small tasks (mount TV, hang shelves, patch drywall)",178.27,344.66,237.7,,Within 1 month
synthetic-209bd3070665c2c4f037eb23,Painting,,10023,2026-06,Paint 4 rooms,1508.02,2915.51,2010.7,,Within 1 month
synthetic-c03caed5336f5caa1f1b7950,Flooring,,11201,2026-06,"Install flooring, 157 sqft",1691.66,3270.54,2255.54,2007.8,As soon as possible
synthetic-10409895bc4a39e52f8503c0,Exterior,,10023,2026-02,Power wash 1 exterior surfaces,657.15,1270.5,876.2,680.4,I'm flexible
synthetic-4aed1eaa400cb8a1cf657644,Electrical,,10023,2026-03,Install 6 outlets or switches,450.48,870.92,600.64,,I'm flexible
synthetic-2e7e95eca8e935dc910e1fab,Pest Control,,10023,2026-04,Pest treatment for a 5BR home,626.32,1210.89,835.09,,As soon as possible
synthetic-d5965b09d4798025452a85c5,Plumbing,,75201,2026-03,Replace 1 plumbing fixtures,233.68,451.79,311.58,,Within 1-2 weeks
synthetic-65bdec1cebb34042adf09185,Exterior,,75007,2026-05,Power wash 5 exterior surfaces,509.33,984.7,679.1,708.5,Within 1-2 weeks
synthetic-5c759da8215b22dbf2426c57,Painting,,75201,2026-03,Paint 2 rooms,902.93,1745.66,1203.9,,Within 1-2 weeks
synthetic-a6d2f50b87a096ab09bfc37e,Cleaning,,94105,2026-04,"Standard home cleaning, 4 rooms",227.15,439.16,302.87,,I'm flexible
synthetic-1a8759540593b77ac66c607c,Handyman,,10023,2026-01,"Handyman visit: 3 small tasks (mount TV, hang shelves, patch drywall)",179.16,346.38,238.88,201.83,Within 1-2 weeks
synthetic-edb73bb6a90960135f450d22,Landscaping,,11201,2026-06,"Mow and trim 2 yard sections, you supply materials",546.64,1056.84,728.86,,Within 1-2 weeks
synthetic-c71c4ebed5df1949fa67cbd9,Exterior,,95014,2026-05,Power wash 1 exterior surfaces,706.74,1366.37,942.32,,I'm flexible
synthetic-8abc1684b17cfe2ae9a1acc2,Electrical,,75201,2026-01,Install 2 outlets or switches,301.57,583.04,402.1,,As soon as possible
synthetic-a1385ee89ac58f0d582f6e3f,Electrical,,94105,2026-04,"Install 9 outlets or switches, you supply materials",495.84,958.62,661.12,,As soon as possible
synthetic-a949c118da7d803b5b6c659f,Appliance Repair,,94105,2026-04,"Repair 2 household appliance(s), you supply materials",304.62,588.93,406.16,398.83,I'm flexible
synthetic-8c8750148e2124219ae6f1e7,HVAC,,95014,2026-06,Service 2 HVAC unit(s),1032.59,1996.35,1376.79,,Within 1 month
synthetic-90237d4b3bd57920560a3c2a,Cleaning,,95014,2026-04,"Standard home cleaning, 5 rooms, you supply materials",245.67,474.96,327.56,302.02,Within 1 month
synthetic-4a30b4c9427a5f6d20c3b203,Pest Control,,10023,2026-06,Pest treatment for a 3BR home,639.24,1235.86,852.32,,Within 1-2 weeks
synthetic-296ba3dba8d09dd56fa2ec92,Chimney,,75201,2026-04,Inspect and sweep 2 chimney(s),419.43,810.9,559.24,776.94,As soon as possible
synthetic-19f912852c5387b9396040e9,Exterior,,11201,2026-05,"Power wash 3 exterior surfaces, you supply materials",732.14,1415.47,976.19,,Within 1-2 weeks
synthetic-761b0d2256b279b679b7a5b9,Handyman,,11201,2026-02,"Handyman visit: 2 small tasks (mount TV, hang shelves, patch drywall)",187.66,362.81,250.22,173.19,As soon as possible
synthetic-ab18b5c4946cab4aaa8ede63,Plumbing,,11201,2026-06,Replace 4 plumbing fixtures,387.43,749.04,516.58,,As soon as possible
synthetic-de2e93f4ab7482cef6db5e9c,Cleaning,,75201,2026-02,"Standard home cleaning, 13 rooms",138.72,268.2,184.96,,I'm flexible
synthetic-bd51db811bb159e0fd8df8c4,Handyman,,11201,2026-03,"Handyman visit: 2 small tasks (mount TV, hang shelves, patch drywall)",169.61,327.92,226.15,,Within 1 month
synthetic-d60cf36632ac341c2b1f3bc5,Landscaping,,11201,2026-01,Mow and trim 9 yard sections,574.86,1111.4,766.48,866.5,As soon as possible
synthetic-1a0b8139df8a6c8472270a40,Handyman,,94105,2026-02,"Handyman visit: 3 small tasks (mount TV, hang shelves, patch drywall)",192.54,372.24,256.72,,I'm flexible
synthetic-7d76304a959189910b27e8eb,Plumbing,,95014,2026-03,Replace 2 plumbing fixtures,375.68,726.31,500.9,483.33,As soon as possible
synthetic-62ff7cbf7f120545cfacbb9d,HVAC,,11201,2026-03,Service 3 HVAC unit(s),834.78,1613.91,1113.04,,Within 1-2 weeks
synthetic-fa06b59320b459c5631441e0,Plumbing,,11201,2026-05,Replace 2 plumbing fixtures,358.49,693.08,477.98,,Within 1-2 weeks
synthetic-4855d7f28d91edc7e4091090,Plumbing,,94105,2026-02,"Replace 5 plumbing fixtures, you supply materials",379.53,733.75,506.04,,Within 1 month
synthetic-b6be681dcca38e6845dbd679,Pest Control,,95014,2026-01,"Pest treatment for a 3BR home, you supply materials",600.76,1161.46,801.01,,Within 1 month
synthetic-dc3fb3593d35c7d41cf71673,Cleaning,,75201,2026-04,"Standard home cleaning, 3 rooms, you supply materials",145.28,280.87,193.71,,Within 1 month
synthetic-9b668cbbe630edf28ffefc23,Appliance Repair,,11201,2026-01,Repair 1 household appliance(s),304.3,588.32,405.74,310.6,As soon as possible
synthetic-1a9cd80decd584499cfe9828,Electrical,,10023,2026-02,Install 4 outlets or switches,459.08,887.56,612.11,614.24,Within 1 month
synthetic-979b356767c96ac8a0633a33,Pest Control,,95014,2026-01,Pest treatment for a 3BR home,666.9,1289.35,889.21,1016.71,Within 1-2 weeks
synthetic-64ebcaff4171b7c5592137da,Cleaning,,95014,2026-06,"Standard home cleaning, 11 rooms",243.4,470.57,324.53,,Within 1-2 weeks
synthetic-f39aab339ab0e219c243d87c,Electrical,,11201,2026-06,Install 2 outlets or switches,467.79,904.4,623.72,,I'm flexible
synthetic-7c2efbba02705e592acd779b,Appliance Repair,,75201,2026-05,Repair 1 household appliance(s),212.45,410.75,283.27,327.56,Within 1 month
synthetic-b42e28cdb6f3d7c37977da6b,Plumbing,,11201,2026-06,Replace 4 plumbing fixtures,348.26,673.3,464.35,,Within 1-2 weeks
synthetic-94f2bcb5aa2acbe94250b79f,Landscaping,,11201,2026-05,Mow and trim 5 yard sections,499.15,965.03,665.54,814.74,Within 1-2 weeks
synthetic-1c75e1e472928a80e1d2ff5f,Appliance Repair,,11201,2026-02,Repair 1 household appliance(s),287.8,556.42,383.74,,I'm flexible
synthetic-8a267edda2a26b88e45065fe,Moving,,94105,2026-03,Move 5 rooms of furniture,1271.38,2458.01,1695.18,,Within 1 month
synthetic-f9573635738297f7ef63ad18,Landscaping,,75007,2026-01,Mow and trim 8 yard sections,380.98,736.56,507.98,,Within 1 month
synthetic-4dae60a2fc953676321afb52,Cleaning,,75007,2026-06,"Standard home cleaning, 2 rooms, you supply materials",163.05,315.23,217.4,,Within 1-2 weeks
synthetic-724849a0e52e73710da25647,Plumbing,,11201,2026-06,Replace 6 plumbing fixtures,364.19,704.09,485.58,,I'm flexible
synthetic-e740ca06846d72d84003fa9a,Landscaping,,95014,2026-04,Mow and trim 5 yard sections,624.96,1208.26,833.29,,As soon as possible
synthetic-2f8a2184601a89688047ec6b,Exterior,,94105,2026-05,Power wash 2 exterior surfaces,792.31,1531.8,1056.41,938.2,I'm flexible
synthetic-04ce89c4039eda703810a0dd,Plumbing,,75007,2026-03,"Replace 2 plumbing fixtures, you supply materials",238.65,461.39,318.2,,I'm flexible
synthetic-3abec25a56236635643f7a36,Handyman,,94105,2026-06,"Handyman visit: 1 small tasks (mount TV, hang shelves, patch drywall)",195.89,378.71,261.18,,Within 1 month
synthetic-07d52f3e18afba59c6f240df,Appliance Repair,,75007,2026-06,"Repair 2 household appliance(s), you supply materials",190.05,367.42,253.4,,Within 1-2 weeks
synthetic-3cbfd83ad82e519e4f8346a9,Plumbing,,75201,2026-05,"Replace 3 plumbing fixtures, you supply materials",221.16,427.57,294.87,239.62,I'm flexible
synthetic-12938f752b56c8015928a68a,Electrical,,10023,2026-02,Install 6 outlets or switches,461.05,891.37,614.74,,As soon as possible
synthetic-eea89186daa65a55ba5b5b03,Electrical,,11201,2026-03,Install 4 outlets or switches,414.01,800.41,552.01,,Within 1-2 weeks
synthetic-d2d8abb04473200416c1b41c,Plumbing,,10023,2026-04,Replace 2 plumbing fixtures,333.87,645.48,445.16,,I'm flexible
synthetic-c87066fb9456a9f0d7610312,Handyman,,75201,2026-04,"Handyman visit: 3 small tasks (mount TV, hang shelves, patch drywall)",121.76,235.4,162.35,145.93,Within 1-2 weeks
synthetic-eeef8c0fa675417d1e714d0a,Plumbing,,11201,2026-04,"Replace 3 plumbing fixtures, you supply materials",366.84,709.22,489.12,,I'm flexible
synthetic-09b47a16dd5b25a66ca84e70,Plumbing,,75007,2026-04,Replace 5 plumbing fixtures,222.39,429.95,296.51,,Within 1-2 weeks
synthetic-ffbfb0183ca543d108f506b7,Cleaning,,10023,2026-04,"Standard home cleaning, 4 rooms, you supply materials",220.69,426.67,294.26,,I'm flexible
synthetic-4e1de2b9c5b5dd683f9c2437,Plumbing,,11201,2026-03,Replace 3 plumbing fixtures,351.8,680.15,469.07,,I'm flexible
synthetic-efa87ce7cb5a6352fdb537dc,Electrical,,10023,2026-05,"Install 4 outlets or switches, you supply materials",452.47,874.78,603.3,,Within 1-2 weeks
synthetic-59605ab53ae79a7d4f17ca94,Cleaning,,75201,2026-02,"Standard home cleaning, 5 rooms",148.92,287.91,198.56,,Within 1-2 weeks
synthetic-3acab0fa71e532df86df797b,Chimney,,75007,2026-05,Inspect and sweep 1 chimney(s),432.61,836.38,576.82,,Within 1-2 weeks
synthetic-10d37b4c63bb3f11ce465ec5,Handyman,,75007,2026-02,"Handyman visit: 2 small tasks (mount TV, hang shelves, patch drywall), you supply materials",123.82,239.39,165.09,,I'm flexible
synthetic-5e0757741347d4c1443d87d8,Plumbing,,11201,2026-05,"Replace 4 plumbing fixtures, you supply materials",330.09,638.18,440.12,307.18,Within 1 month
synthetic-05481c8d6a0c01caf4835ec7,Remodeling,,10023,2026-02,Remodel 3 rooms,6905.15,13349.95,9206.86,9608.06,As soon as possible
synthetic-de13960f3f28c768fc9489f5,Appliance Repair,,75201,2026-04,Repair 1 household appliance(s),195.06,377.12,260.08,,Within 1-2 weeks
synthetic-3ca7bda23dcce1ea4a225b19,Handyman,,11201,2026-02,"Handyman visit: 4 small tasks (mount TV, hang shelves, patch drywall)",164.37,317.78,219.16,,Within 1 month
synthetic-9f9c5080ebdcb6c1113e69cf,Cleaning,,11201,2026-06,"Standard home cleaning, 9 rooms",236.61,457.45,315.48,,I'm flexible
synthetic-e33b2b069cbbf3c6a6f53d31,Handyman,,11201,2026-04,"Handyman visit: 2 small tasks (mount TV, hang shelves, patch drywall), you supply materials",179.59,347.2,239.45,,Within 1 month
synthetic-757f9b1c2cea412363887351,Plumbing,,10023,2026-03,"Replace 6 plumbing fixtures, you supply materials",347.68,672.19,463.58,,Within 1-2 weeks
synthetic-03a150cef34d2207ca57b227,Pest Control,,11201,2026-02,Pest treatment for a 4BR home,599.09,1158.24,798.79,,Within 1 month
synthetic-df3a7c3bda69e4c20cb9adc1,Painting,,94105,2026-04,"Paint 1 rooms, you supply materials",1461.19,2824.96,1948.25,,Within 1 month
synthetic-47449afdf979bdf5e1fa7dc6,Electrical,,10023,2026-02,Install 7 outlets or switches,439.93,850.54,586.58,,Within 1 month
synthetic-82a1612f03f0b18e90291a0e,Appliance Repair,,95014,2026-06,Repair 1 household appliance(s),298.15,576.41,397.53,,I'm flexible
synthetic-945e72de900dd6f6b0f83b7e,Chimney,,75201,2026-02,"Inspect and sweep 2 chimney(s), you supply materials",442.19,854.9,589.59,,Within 1 month
synthetic-89f166b7b1918daffe987458,Pest Control,,75007,2026-03,Pest treatment for a 3BR home,381.35,737.28,508.47,,Within 1 month
synthetic-e6756c6841f8e0bee62fda88,Pool,,11201,2026-01,"Pool service package, 4 visits",4516.79,8732.47,6022.39,5567.77,As soon as possible
synthetic-b094daa8180539e359527f32,Electrical,,95014,2026-05,Install 6 outlets or switches,480.65,929.25,640.86,708.34,As soon as possible
synthetic-6833f427fbc1679fa295159c,Exterior,,75007,2026-06,"Power wash 1 exterior surfaces, you supply materials",482.01,931.88,642.67,,I'm flexible
synthetic-2c4e998e75c06960873b6540,Landscaping,,75007,2026-05,Mow and trim 4 yard sections,392.81,759.43,523.75,550.32,Within 1 month
synthetic-954843c964941354c7744b8f,Landscaping,,11201,2026-05,Mow and trim 8 yard sections,568.89,1099.86,758.53,899.11,Within 1 month
synthetic-12df3d2f6d4c6e9af5e45eb5,Pest Control,,10023,2026-06,Pest treatment for a 7BR home,574.7,1111.09,766.27,1142.13,As soon as possible
synthetic-35b511b0b077b6b6597705dd,Exterior,,94105,2026-01,Power wash 2 exterior surfaces,721.37,1394.64,961.82,,Within 1-2 weeks
synthetic-f5faa09319e80c4692d0b490,Handyman,,75007,2026-03,"Handyman visit: 3 small tasks (mount TV, hang shelves, patch drywall)",127.52,246.53,170.02,,I'm flexible
synthetic-925c2e2237b84e360ed77636,Handyman,,75201,2026-04,"Handyman visit: 3 small tasks (mount TV, hang shelves, patch drywall)",129.13,249.65,172.17,174.21,As soon as possible
synthetic-aa2fe1b509c0969241ee474d,Appliance Repair,,11201,2026-03,Repair 1 household appliance(s),278.53,538.5,371.38,404.44,Within 1-2 weeks
synthetic-24c7cea80a34c460cef1e10a,Plumbing,,11201,2026-02,Replace 1 plumbing fixtures,370.85,716.98,494.47,,Within 1 month
synthetic-cea1c8e4ce4fad653f797191,Appliance Repair,,11201,2026-05,"Repair 2 household appliance(s), you supply materials",266.08,514.41,354.77,,I'm flexible
synthetic-f4a63f6bf07513e6709182a8,HVAC,,95014,2026-05,Service 2 HVAC unit(s),987.99,1910.12,1317.32,,I'm flexible
synthetic-e7e6abf86752644d64a54e21,Plumbing,,75201,2026-03,Replace 6 plumbing fixtures,265.85,513.98,354.47,,I'm flexible
synthetic-ed1b8ea0ec12d08c9cf9958e,Plumbing,,10023,2026-06,Replace 4 plumbing fixtures,363.43,702.64,484.58,563.77,Within 1 month
synthetic-3ac008e04e03633c77051224,Cleaning,,75201,2026-04,"Standard home cleaning, 3 rooms",156.99,303.51,209.31,,I'm flexible
synthetic-dea0a9ebc702d1d1b9025666,Handyman,,75201,2026-01,"Handyman visit: 8 small tasks (mount TV, hang shelves, patch drywall), you supply materials",114.35,221.08,152.47,,I'm flexible
synthetic-459cf93d4bde479eff870973,Plumbing,,94105,2026-01,Replace 1 plumbing fixtures,377.27,729.38,503.02,,Within 1-2 weeks
synthetic-8f9ec932e6c506f3423ad197,Exterior,,11201,2026-04,Power wash 4 exterior surfaces,664.69,1285.07,886.25,,I'm flexible
synthetic-b906424706b6e1c4f76aca3a,Flooring,,10023,2026-02,"Install flooring, 1108 sqft",1582.97,3060.42,2110.63,2543.75,Within 1-2 weeks
synthetic-bdbf98b17d45a6a900bbef03,Exterior,,10023,2026-05,"Power wash 2 exterior surfaces, you supply materials",725.04,1401.74,966.72,765.53,Within 1-2 weeks
synthetic-7ea391d61a096227919b2c32,General Contractor,,10023,2026-02,"General contracting, 5 work items",4070.87,7870.36,5427.83,4625.41,Within 1-2 weeks
synthetic-275515e6a7e8dfeb1961ca71,Cleaning,,11201,2026-05,"Standard home cleaning, 1 rooms",221.59,428.4,295.45,,Within 1 month
synthetic-e3d09518f3bf3fe54ab5337d,Handyman,,10023,2026-06,"Handyman visit: 6 small tasks (mount TV, hang shelves, patch drywall)",178.59,345.27,238.12,,As soon as possible
synthetic-eb7cb33801d3766e4ee72438,Plumbing,,11201,2026-02,Replace 3 plumbing fixtures,374.28,723.61,499.04,476.25,I'm flexible
synthetic-f14939446b9c3d9a0a16c55d,Cleaning,,11201,2026-03,"Standard home cleaning, 4 rooms",214.26,414.24,285.68,,Within 1-2 weeks
synthetic-4a34bc64a2e7d401d711b96d,Auto,,75007,2026-01,"Mobile service for 1 vehicle(s), you supply materials",345.58,668.13,460.78,,As soon as possible
synthetic-9ea343044b8f0a09dccfcb2c,Moving,,11201,2026-05,Move 2 rooms of furniture,1126.31,2177.53,1501.75,1212.31,Within 1-2 weeks
synthetic-c92fcb2cd7a9ba89c6b59976,Handyman,,75007,2026-05,"Handyman visit: 3 small tasks (mount TV, hang shelves, patch drywall)",119.71,231.45,159.62,,I'm flexible
synthetic-85a4c85256daa021f30eba2e,Plumbing,,75201,2026-02,"Replace 1 plumbing fixtures, you supply materials",250.93,485.14,334.58,,I'm flexible
synthetic-a6b9c3b655f5ae49483f1084,Handyman,,10023,2026-01,"Handyman visit: 3 small tasks (mount TV, hang shelves, patch drywall)",184.73,357.14,246.3,,Within 1-2 weeks
synthetic-6f014986ebb075fd710f15a7,Painting,,94105,2026-04,Paint 2 rooms,1568.83,3033.06,2091.77,,Within 1-2 weeks
synthetic-2830e26ca4d95fcfb97ac6a1,Electrical,,75007,2026-03,Install 5 outlets or switches,297.17,574.53,396.23,555.85,Within 1-2 weeks
synthetic-35dc36f0387991c79cdd4f2e,Auto,,75201,2026-04,"Mobile service for 1 vehicle(s), you supply materials",351.43,679.43,468.57,,Within 1 month
synthetic-6414b58c7891f34df5b79f73,Pest Control,,95014,2026-06,Pest treatment for a 3BR home,714.63,1381.62,952.84,926.09,I'm flexible
synthetic-3ffdff880f8cdaeb3d80dba4,Appliance Repair,,11201,2026-06,Repair 1 household appliance(s),282.63,546.43,376.85,,Within 1 month
synthetic-901998c0a3f704f1a9c6a679,Auto,,95014,2026-03,Mobile service for 1 vehicle(s),581.74,1124.69,775.65,,Within 1-2 weeks
synthetic-de79a7a833a6a00bb59750db,Handyman,,94105,2026-02,"Handyman visit: 2 small tasks (mount TV, hang shelves, patch drywall), you supply materials",195.0,376.99,259.99,,Within 1-2 weeks
synthetic-1e0e07c17bcb2da6d9c55a5d,Electrical,,95014,2026-04,Install 2 outlets or switches,502.05,970.63,669.4,,Within 1 month
synthetic-4fc16852a08cf39acabf5971,Cleaning,,10023,2026-04,"Standard home cleaning, 6 rooms, you supply materials",215.68,416.99,287.58,,Within 1 month
synthetic-37a6f4e05ab9dfac3f5340b1,Handyman,,75007,2026-05,"Handyman visit: 4 small tasks (mount TV, hang shelves, patch drywall)",121.29,234.49,161.72,,I'm flexible
synthetic-3332a840e042f6000322409c,Cleaning,,10023,2026-01,"Standard home cleaning, 7 rooms",208.18,402.48,277.57,339.95,Within 1-2 weeks
synthetic-04072b9fbbc573b0613fd583,Plumbing,,11201,2026-06,Replace 2 plumbing fixtures,335.42,648.48,447.23,,I'm flexible
synthetic-39668aa0bc38ac447f0ce156,Flooring,,75201,2026-06,"Install flooring, 442 sqft",1046.97,2024.15,1395.96,1624.72,Within 1-2 weeks
synthetic-13046c4a0e17eb4bc4d447dc,HVAC,,11201,2026-04,Service 1 HVAC unit(s),917.24,1773.32,1222.98,,Within 1-2 weeks
synthetic-d2464a291cb04cc0a4e7866e,Electrical,,11201,2026-02,Install 2 outlets or switches,458.68,886.78,611.57,,I'm flexible
synthetic-a42c875f2cb64967844fed9a,Plumbing,,10023,2026-06,Replace 10 plumbing fixtures,357.32,690.81,476.42,567.2,As soon as possible
synthetic-8c734c97e7846324e20d5c21,Painting,,11201,2026-06,"Paint 2 rooms, you supply materials",1421.25,2747.75,1895.0,,As soon as possible
synthetic-011ec78833c6bf909de21489,Cleaning,,75201,2026-03,"Standard home cleaning, 5 rooms",153.97,297.67,205.29,223.2,As soon as possible
synthetic-31dbcb941743b8b2b908b26b,Roofing,,94105,2026-02,"Roof repair, 4 sections",4967.0,9602.86,6622.66,,As soon as possible
synthetic-2ac60836322db42b8828f4e5,Plumbing,,94105,2026-01,Replace 4 plumbing fixtures,393.74,761.22,524.98,,As soon as possible
synthetic-456f4495e988bf6b77ca7682,Exterior,,75007,2026-04,Power wash 3 exterior surfaces,465.83,900.61,621.11,,As soon as possible
synthetic-d6845f248225624576e49d15,Handyman,,75007,2026-05,"Handyman visit: 4 small tasks (mount TV, hang shelves, patch drywall)",126.47,244.52,168.63,,Within 1-2 weeks
synthetic-89e8bcd5aeb8cfa0587c12b3,Appliance Repair,,11201,2026-04,Repair 1 household appliance(s),268.22,518.56,357.63,,Within 1-2 weeks
synthetic-6eb951f20d6179f3a6ad0832,Plumbing,,75201,2026-03,Replace 2 plumbing fixtures,244.16,472.04,325.54,326.22,As soon as possible
synthetic-b8ef9c257012b3dbff64a941,Pest Control,,11201,2026-04,Pest treatment for a 6BR home,652.44,1261.38,869.92,,Within 1-2 weeks
synthetic-70a1158a214f3e40b4e22c82,Moving,,75201,2026-05,"Move 4 rooms of furniture, you supply materials",802.25,1551.02,1069.67,910.26,I'm flexible
synthetic-3bd21ae7cf390e989889af28,Pest Control,,75201,2026-03,Pest treatment for a 2BR home,443.62,857.67,591.49,585.11,Within 1 month
synthetic-ed35debe6d597f9cc1d806c2,Painting,,10023,2026-04,"Paint 2 rooms, you supply materials",1393.66,2694.42,1858.22,,I'm flexible
synthetic-3f953caf3b03d3faeaf03103,Landscaping,,10023,2026-04,"Mow and trim 6 yard sections, you supply materials",561.06,1084.72,748.08,,I'm flexible
synthetic-74be2fce93466ffd44e0e447,Plumbing,,10023,2026-06,"Replace 2 plumbing fixtures, you supply materials",357.98,692.09,477.31,,As soon as possible
synthetic-49ef83bb752ddef1649ae16c,Pest Control,,75007,2026-04,Pest treatment for a 6BR home,434.02,839.1,578.69,,I'm flexible
synthetic-691e1d13f07be358de8f9dca,Roofing,,11201,2026-03,"Roof repair, 3 sections, you supply materials",5011.86,9689.6,6682.48,,Within 1 month
synthetic-d86075575c36c213d80dde3e,Flooring,,95014,2026-03,"Install flooring, 551 sqft",1787.58,3455.98,2383.44,,As soon as possible
synthetic-c00c4047add30c1af6de49f7,Moving,,75007,2026-05,"Move 5 rooms of furniture, you supply materials",835.59,1615.48,1114.12,965.58,I'm flexible
synthetic-58b04a567305be60bb9e845d,Painting,,10023,2026-04,Paint 4 rooms,1479.44,2860.25,1972.59,2206.17,I'm flexible
synthetic-cd196c8ec6b0e406eb57fa9b,Pest Control,,75201,2026-04,Pest treatment for a 1BR home,410.6,793.83,547.47,,I'm flexible
synthetic-bcfba69eb535f6208de760f2,Appliance Repair,,75007,2026-05,"Repair 1 household appliance(s), you supply materials",197.35,381.53,263.13,,I'm flexible
synthetic-ca7673912c3b1714bff5c6e7,Handyman,,95014,2026-05,"Handyman visit: 10 small tasks (mount TV, hang shelves, patch drywall)",212.08,410.02,282.77,,Within 1 month
synthetic-814003074b7ce84fb469c8cf,Handyman,,94105,2026-03,"Handyman visit: 3 small tasks (mount TV, hang shelves, patch drywall), you supply materials",198.75,384.26,265.0,,I'm flexible
synthetic-f444b1bee004c54b98e43fb3,Cleaning,,95014,2026-03,"Standard home cleaning, 22 rooms",241.9,467.67,322.53,,As soon as possible
synthetic-bc77de40e81b18b7d7e59dbe,Chimney,,94105,2026-03,Inspect and sweep 1 chimney(s),642.66,1242.47,856.88,,Within 1 month
synthetic-79dd1e116ad96342fe90d418,Appliance Repair,,94105,2026-02,Repair 1 household appliance(s),288.93,558.6,385.24,,I'm flexible
synthetic-76f218b37044435c6cab7b49,Cleaning,,75201,2026-06,"Standard home cleaning, 2 rooms",154.72,299.12,206.29,,Within 1 month
synthetic-b1861713830623a92a0dcc00,Handyman,,95014,2026-01,"Handyman visit: 3 small tasks (mount TV, hang shelves, patch drywall)",193.24,373.6,257.66,,Within 1-2 weeks
synthetic-7f2744c2b601f27725cff014,HVAC,,75007,2026-03,Service 3 HVAC unit(s),604.31,1168.33,805.75,,I'm flexible
synthetic-55676c858ed0ac018cc0126a,Electrical,,75007,2026-03,Install 1 outlets or switches,311.54,602.32,415.39,,I'm flexible
synthetic-4c4ec93aad75081228c9525b,Plumbing,,75201,2026-06,Replace 2 plumbing fixtures,234.1,452.6,312.14,,As soon as possible
synthetic-88964f2b33d86085f18f5fbd,Auto,,10023,2026-02,"Mobile service for 1 vehicle(s), you supply materials",509.31,984.66,679.08,,Within 1 month
synthetic-c9d707288b4474ecdcea0e18,Handyman,,95014,2026-04,"Handyman visit: 4 small tasks (mount TV, hang shelves, patch drywall), you supply materials",197.05,380.97,262.74,,I'm flexible
synthetic-2cb1c18d23d4c25f51edb812,Pest Control,,94105,2026-02,Pest treatment for a 4BR home,645.74,1248.43,860.98,,Within 1 month
synthetic-8b66088d5b1ac162bccefa32,Auto,,75201,2026-06,Mobile service for 3 vehicle(s),347.89,672.6,463.86,,As soon as possible
synthetic-bc7bb215c7de3548371e3c2c,Cleaning,,95014,2026-06,"Standard home cleaning, 6 rooms",237.35,458.88,316.47,319.62,I'm flexible
synthetic-cea088dd9b4db698f530f49f,Handyman,,11201,2026-04,"Handyman visit: 4 small tasks (mount TV, hang shelves, patch drywall)",190.25,367.81,253.66,,As soon as possible
synthetic-7fa9fe6da492bd4e41dbfc72,Remodeling,,11201,2026-02,"Remodel 1 rooms, you supply materials",6372.34,12319.85,8496.45,,As soon as possible
synthetic-953d4887fbafc6bfd12e8621,Plumbing,,94105,2026-03,Replace 3 plumbing fixtures,397.92,769.31,530.56,,As soon as possible
synthetic-f199efd909d23f972c3bb553,Pest Control,,75007,2026-04,Pest treatment for a 3BR home,414.25,800.89,552.34,,Within 1-2 weeks
synthetic-12d00835c25e77e669ab3bf4,Handyman,,11201,2026-06,"Handyman visit: 1 small tasks (mount TV, hang shelves, patch drywall)",176.8,341.81,235.73,,I'm flexible
synthetic-44efe4d12a88d9313b067cca,Appliance Repair,,75201,2026-04,Repair 1 household appliance(s),188.81,365.02,251.74,,As soon as possible
synthetic-9f675bbb95a7c508bfde8a2e,Cleaning,,95014,2026-03,"Standard home cleaning, 3 rooms",239.97,463.95,319.96,,I'm flexible
synthetic-7d951fc93d5dc4030eec28e4,Painting,,75201,2026-03,"Paint 3 rooms, you supply materials",950.52,1837.68,1267.36,1129.09,Within 1 month
synthetic-3951292fd08a64871a7fc419,HVAC,,75201,2026-02,Service 1 HVAC unit(s),643.08,1243.28,857.44,791.87,As soon as possible
synthetic-1873ce9730e2397aac5b5dd1,Exterior,,94105,2026-02,Power wash 6 exterior surfaces,688.86,1331.8,918.49,841.11,I'm flexible
synthetic-ef8e59d47f807fa64f074d9a,Handyman,,10023,2026-06,"Handyman visit: 2 small tasks (mount TV, hang shelves, patch drywall), you supply materials",200.33,387.3,267.1,199.5,Within 1 month
synthetic-0d437d9399d670a4a4efaf93,Exterior,,94105,2026-01,"Power wash 4 exterior surfaces, you supply materials",797.78,1542.37,1063.7,,Within 1-2 weeks
synthetic-21ad44ce4a34926495a1f8d7,Electrical,,11201,2026-01,"Install 4 outlets or switches, you supply materials",428.52,828.48,571.36,,Within 1-2 weeks
synthetic-7ca1f2ac03425f38472f0805,Auto,,95014,2026-06,Mobile service for 1 vehicle(s),529.96,1024.59,706.61,,I'm flexible
synthetic-3c6f2efbc694dcc6c380183b,Landscaping,,75201,2026-01,Mow and trim 11 yard sections,351.29,679.16,468.38,,Within 1-2 weeks
synthetic-6d3e671a3bf9f297fd41f2f3,Pest Control,,10023,2026-04,Pest treatment for a 1BR home,630.38,1218.74,840.51,,Within 1-2 weeks
synthetic-cb8d562e033f8f84a99befb7,Handyman,,10023,2026-05,"Handyman visit: 5 small tasks (mount TV, hang shelves, patch drywall)",187.23,361.98,249.64,,Within 1-2 weeks
synthetic-f1874df7fc70c8be0cd1070a,HVAC,,75201,2026-02,Service 4 HVAC unit(s),623.86,1206.13,831.82,,I'm flexible
synthetic-3941265b6ddbd3f7618e635a,Cleaning,,75201,2026-01,"Standard home cleaning, 4 rooms, you supply materials",153.84,297.43,205.12,,Within 1 month
synthetic-e7958a264e480276a5384629,Cleaning,,75201,2026-05,"Standard home cleaning, 2 rooms",147.45,285.06,196.6,,Within 1-2 weeks
synthetic-f0f0375cf67e83018e745282,Exterior,,75201,2026-01,"Power wash 2 exterior surfaces, you supply materials",481.17,930.25,641.56,,As soon as possible
synthetic-6df04f4ab88926940bec6bb6,HVAC,,75007,2026-05,Service 1 HVAC unit(s),642.63,1242.41,856.83,,I'm flexible
synthetic-d78eed349d302deae40a885b,Plumbing,,11201,2026-03,Replace 2 plumbing fixtures,362.54,700.91,483.38,471.88,I'm flexible
synthetic-3077ba126b106162cf3e6d7a,Handyman,,75007,2026-02,"Handyman visit: 1 small tasks (mount TV, hang shelves, patch drywall)",123.06,237.91,164.08,,Within 1-2 weeks
synthetic-fb04abb07eae5f2665d93636,Painting,,75007,2026-02,Paint 4 rooms,996.36,1926.3,1328.48,1409.97,I'm flexible
synthetic-514659ce1a77412f59dae1a2,Painting,,10023,2026-02,Paint 2 rooms,1417.7,2740.88,1890.26,,I'm flexible
synthetic-e2e8eeb15a3b627adf11dbeb,HVAC,,10023,2026-04,Service 3 HVAC unit(s),820.2,1585.73,1093.61,,As soon as possible
synthetic-83785cafc5b31d91c26b6326,Plumbing,,10023,2026-02,Replace 4 plumbing fixtures,350.1,676.86,466.8,401.91,I'm flexible
synthetic-c0c8441ae789c28b4ca0264c,Exterior,,95014,2026-06,"Power wash 9 exterior surfaces, you supply materials",714.12,1380.64,952.16,,Within 1-2 weeks
synthetic-80bf83ff25065f8bd246a940,Painting,,11201,2026-01,Paint 1 rooms,1448.13,2799.71,1930.83,,I'm flexible
synthetic-94cdc1808bd1c2531217ef94,Exterior,,11201,2026-06,"Power wash 4 exterior surfaces, you supply materials",727.81,1407.09,970.41,,I'm flexible
synthetic-daebf960a4e298c4e83baf04,Cleaning,,10023,2026-05,"Standard home cleaning, 6 rooms",220.83,426.93,294.43,,Within 1-2 weeks
synthetic-ff15a23f6f92d5bf18327caf,Painting,,94105,2026-04,Paint 5 rooms,1473.7,2849.15,1964.93,,As soon as possible
synthetic-096b86a8dd9fc856b63b6e53,Painting,,94105,2026-06,Paint 4 rooms,1449.13,2801.65,1932.17,,Within 1-2 weeks
synthetic-f14be8fa56b8a7f8352176ab,Plumbing,,10023,2026-01,Replace 4 plumbing fixtures,377.31,729.47,503.08,,Within 1-2 weeks
synthetic-a61ccd5b9d51d871f0e7421e,Plumbing,,75007,2026-06,"Replace 3 plumbing fixtures, you supply materials",221.55,428.32,295.39,,As soon as possible
synthetic-c9551d4c5c716b6e6cd8dc27,Cleaning,,75007,2026-03,"Standard home cleaning, 4 rooms",143.52,277.46,191.35,191.36,I'm flexible
synthetic-be195181da785a1f8568dd15,Plumbing,,10023,2026-02,Replace 2 plumbing fixtures,371.95,719.1,495.93,,Within 1-2 weeks
synthetic-a454e04bd04046584dfe0b95,Cleaning,,95014,2026-02,"Standard home cleaning, 1 rooms, you supply materials",218.35,422.14,291.13,189.02,Within 1 month
synthetic-fb75e4ee9f9ba19fad85c9d3,Handyman,,75007,2026-05,"Handyman visit: 7 small tasks (mount TV, hang shelves, patch drywall)",133.31,257.74,177.75,,I'm flexible
synthetic-b153fef325db86c61019d893,Cleaning,,75201,2026-02,"Standard home cleaning, 6 rooms",169.92,328.51,226.56,256.48,Within 1 month
synthetic-816f0f1579d80b9a19d276a9,Handyman,,10023,2026-05,"Handyman visit: 4 small tasks (mount TV, hang shelves, patch drywall)",183.85,355.45,245.14,260.57,I'm flexible
synthetic-a3dfa5baa7e812831db57656,Flooring,,11201,2026-03,"Install flooring, 471 sqft",1627.88,3147.23,2170.5,,Within 1 month
synthetic-7e2e729f4c1b2ad54b428c2a,HVAC,,11201,2026-01,"Service 3 HVAC unit(s), you supply materials",942.19,1821.57,1256.25,,Within 1 month
synthetic-d986ff73ce93510ef0f3322b,Electrical,,75201,2026-01,Install 4 outlets or switches,288.43,557.63,384.57,,I'm flexible
synthetic-84bba109b0556d35f1ca849c,Handyman,,75007,2026-06,"Handyman visit: 1 small tasks (mount TV, hang shelves, patch drywall)",134.02,259.1,178.69,128.91,Within 1-2 weeks
synthetic-0312b99c5c333b05a96aab4e,Handyman,,11201,2026-03,"Handyman visit: 6 small tasks (mount TV, hang shelves, patch drywall), you supply materials",184.16,356.05,245.55,,I'm flexible
synthetic-7bf1691bdeba83db9910d35a,Moving,,11201,2026-06,Move 6 rooms of furniture,1178.95,2279.3,1571.93,,As soon as possible
synthetic-6c0ddbf98108485d49e7db4f,HVAC,,10023,2026-04,Service 1 HVAC unit(s),1001.82,1936.85,1335.76,,I'm flexible
synthetic-442bdde58b7fa124ad7f36e5,Auto,,94105,2026-06,Mobile service for 1 vehicle(s),553.2,1069.52,737.6,,As soon as possible
synthetic-fe52003b8d86757e5a6e1220,Cleaning,,95014,2026-06,"Standard home cleaning, 4 rooms",246.14,475.88,328.19,,Within 1 month
synthetic-60b10a2ed06e12937ddb0e18,Handyman,,75007,2026-05,"Handyman visit: 6 small tasks (mount TV, hang shelves, patch drywall)",117.21,226.61,156.28,,As soon as possible
synthetic-4783ed50d38496785bcc7cc3,Plumbing,,75201,2026-05,"Replace 4 plumbing fixtures, you supply materials",236.91,458.03,315.88,,As soon as possible
synthetic-772165591cf7a0f75af62bd5,Cleaning,,75007,2026-02,"Standard home cleaning, 8 rooms",158.2,305.84,210.93,,Within 1-2 weeks
synthetic-b0721529439986133eb862f6,Handyman,,94105,2026-06,"Handyman visit: 1 small tasks (mount TV, hang shelves, patch drywall)",192.78,372.71,257.04,,Within 1-2 weeks
synthetic-dbd7bc3be756b51dccd83ae8,Electrical,,75201,2026-06,Install 6 outlets or switches,331.99,641.85,442.65,,Within 1-2 weeks
synthetic-4bae79a4b5a99862bb830745,Flooring,,10023,2026-05,"Install flooring, 512 sqft",1562.69,3021.2,2083.58,,As soon as possible
synthetic-8a891dc742057ac93c229d9c,Handyman,,11201,2026-06,"Handyman visit: 1 small tasks (mount TV, hang shelves, patch drywall)",177.44,343.05,236.59,237.75,I'm flexible
synthetic-6283b37d38a7cd5539d0c209,Plumbing,,94105,2026-03,Replace 1 plumbing fixtures,400.9,775.07,534.53,,Within 1-2 weeks
synthetic-c074671ae3e363eed47cfbff,Flooring,,75007,2026-01,"Install flooring, 244 sqft",1065.14,2059.27,1420.18,,I'm flexible
synthetic-3006320368f531c597d3a611,Landscaping,,10023,2026-02,Mow and trim 7 yard sections,568.33,1098.77,757.77,,Within 1-2 weeks
synthetic-8825aa40cf5a888fda1ad8a0,Cleaning,,75201,2026-01,"Standard home cleaning, 4 rooms",143.22,276.9,190.96,,Within 1-2 weeks
synthetic-a4b39a9d564e02acad7537de,Plumbing,,75201,2026-01,"Replace 2 plumbing fixtures, you supply materials",234.53,453.42,312.7,246.06,Within 1-2 weeks
synthetic-f3f9ffef38eb238c93e4ae7b,Chimney,,75007,2026-05,Inspect and sweep 1 chimney(s),410.18,793.01,546.9,478.57,As soon as possible
synthetic-87cee7eb385d492f0761c6c7,Landscaping,,75007,2026-04,Mow and trim 9 yard sections,371.16,717.58,494.88,,I'm flexible
synthetic-95276814e1a59dedf2e8028f,Cleaning,,95014,2026-02,"Standard home cleaning, 3 rooms, you supply materials",250.49,484.28,333.98,243.3,I'm flexible
synthetic-ae0d3cc27ff91dd332fe7dde,Moving,,95014,2026-02,Move 2 rooms of furniture,1282.63,2479.74,1710.17,1219.94,As soon as possible
synthetic-900789ba5477017fdab1b4ac,Landscaping,,75007,2026-06,"Mow and trim 2 yard sections, you supply materials",367.85,711.18,490.47,,Within 1 month
synthetic-8e2c49b0f0a52b3d6a707447,Handyman,,75201,2026-04,"Handyman visit: 4 small tasks (mount TV, hang shelves, patch drywall)",125.73,243.08,167.64,,Within 1-2 weeks
synthetic-cd6c75da4eda4cc37812e240,Pool,,75201,2026-01,"Pool service package, 3 visits",3125.6,6042.83,4167.47,,I'm flexible
synthetic-e7ef4ab1cc168e0ff43a5398,Exterior,,95014,2026-01,Power wash 4 exterior surfaces,851.02,1645.3,1134.69,,Within 1 month
synthetic-f39a147e36f1af17409e7bfd,Handyman,,75007,2026-02,"Handyman visit: 6 small tasks (mount TV, hang shelves, patch drywall), you supply materials",131.43,254.09,175.24,,As soon as possible
synthetic-01ff32830dbc2c9f673d9cab,Landscaping,,10023,2026-04,"Mow and trim 9 yard sections, you supply materials",573.62,1109.0,764.83,,Within 1 month
synthetic-2bc76d5bb620e0e054e3bfb3,Pool,,11201,2026-06,"Pool service package, 15 visits",4485.49,8671.94,5980.65,,Within 1 month
synthetic-ac7afec9badd3d904130f076,HVAC,,95014,2026-06,Service 3 HVAC unit(s),1041.86,2014.26,1389.15,1199.15,Within 1 month
synthetic-e51b3ebb1cbfa9b8ac5ae76f,Chimney,,75201,2026-05,Inspect and sweep 1 chimney(s),462.77,894.69,617.03,,Within 1-2 weeks
synthetic-bbd5aba483e3adce354ef2b9,Handyman,,94105,2026-03,"Handyman visit: 2 small tasks (mount TV, hang shelves, patch drywall)",183.12,354.04,244.16,214.54,I'm flexible
synthetic-23b994143c0fa1bc6dc5205c,Painting,,95014,2026-06,Paint 1 rooms,1394.44,2695.91,1859.25,,I'm flexible
synthetic-1bcfd8521b57f87e0e3fee6a,Appliance Repair,,75201,2026-04,"Repair 1 household appliance(s), you supply materials",192.58,372.32,256.77,,As soon as possible
synthetic-c6dcbab897389e3319d2c896,Handyman,,94105,2026-04,"Handyman visit: 4 small tasks (mount TV, hang shelves, patch drywall)",212.86,411.53,283.82,,I'm flexible
synthetic-164c39506f175bb4d8ddc84e,Flooring,,75201,2026-02,"Install flooring, 508 sqft",1088.62,2104.66,1451.49,,Within 1 month
synthetic-b7a7c6ece2ab6b2aad047d01,Cleaning,,11201,2026-05,"Standard home cleaning, 6 rooms",216.2,417.99,288.27,,As soon as possible
synthetic-27537e1c8bdfae1f214604f0,Pest Control,,75007,2026-03,Pest treatment for a 4BR home,433.66,838.42,578.22,633.27,Within 1-2 weeks
synthetic-aafafe21de38a7738bbd93af,Plumbing,,95014,2026-02,"Replace 1 plumbing fixtures, you supply materials",407.21,787.27,542.94,,Within 1-2 weeks
synthetic-8b228033b34602263ed1722a,Landscaping,,75007,2026-05,Mow and trim 2 yard sections,378.89,732.51,505.18,,As soon as possible
synthetic-03f69fd1e360752e6815d135,Painting,,11201,2026-04,"Paint 1 rooms, you supply materials",1445.34,2794.33,1927.12,1307.66,Within 1 month
synthetic-33e317b3837563207959d579,Pest Control,,75007,2026-04,Pest treatment for a 1BR home,424.27,820.26,565.69,,As soon as possible
synthetic-fce8f3e8bad2d67e78f3a51b,Exterior,,75007,2026-04,"Power wash 3 exterior surfaces, you supply materials",485.35,938.34,647.13,561.58,I'm flexible
synthetic-568fa264389c261d2e9b3b65,Painting,,11201,2026-04,Paint 1 rooms,1373.78,2655.98,1831.71,,As soon as possible
synthetic-4e4a210375b81cbe0311c49b,Plumbing,,10023,2026-03,Replace 3 plumbing fixtures,344.66,666.34,459.55,427.49,Within 1 month
synthetic-72b35d64dff0e926e6fbc104,Painting,,75007,2026-05,"Paint 1 rooms, you supply materials",1046.6,2023.42,1395.46,1026.7,As soon as possible
synthetic-e71c1c38c44b0831fe4ed2f8,Handyman,,10023,2026-04,"Handyman visit: 2 small tasks (mount TV, hang shelves, patch drywall)",180.3,348.58,240.4,,Within 1 month
synthetic-04b03fc01630804e9088e853,Pool,,75201,2026-04,"Pool service package, 4 visits, you supply materials",2895.27,5597.52,3860.36,,As soon as possible
synthetic-f840702d73c0c16b79e79e2e,Handyman,,75201,2026-04,"Handyman visit: 2 small tasks (mount TV, hang shelves, patch drywall), you supply materials",117.6,227.37,156.8,,Within 1-2 weeks
synthetic-d465b3fcb7f6c2caa1e21633,Pool,,10023,2026-06,"Pool service package, 5 visits, you supply materials",4449.01,8601.41,5932.01,5666.04,I'm flexible
synthetic-08d5f90dda3a50a5b1a616d1,Appliance Repair,,10023,2026-06,"Repair 1 household appliance(s), you supply materials",307.58,594.66,410.11,,Within 1-2 weeks
synthetic-35da84be275541d0d7c8dffc,Electrical,,94105,2026-03,Install 7 outlets or switches,485.69,939.0,647.59,645.0,I'm flexible
synthetic-f67bb6da8d434095f9591941,Electrical,,95014,2026-03,Install 10 outlets or switches,519.48,1004.34,692.65,,Within 1-2 weeks
synthetic-82698f93d0a6d448664ff9c7,Landscaping,,95014,2026-05,Mow and trim 3 yard sections,569.44,1100.91,759.25,699.35,I'm flexible
synthetic-ab7b4e3031cc6ef5605b888d,Painting,,95014,2026-01,Paint 1 rooms,1428.65,2762.05,1904.86,,Within 1 month
synthetic-ec1a6015d84e66eeba44b4e6,Pest Control,,75201,2026-02,Pest treatment for a 9BR home,374.92,724.85,499.9,705.79,Within 1 month
synthetic-0b6cd7dec4306489debcdcd8,Handyman,,95014,2026-03,"Handyman visit: 2 small tasks (mount TV, hang shelves, patch drywall), you supply materials",198.21,383.21,264.28,,As soon as possible
synthetic-087cdfaedacd2a4d3cdde473,Appliance Repair,,95014,2026-04,Repair 2 household appliance(s),307.58,594.65,410.11,,I'm flexible
synthetic-0476d39faaf30434f69d8cc9,Pest Control,,11201,2026-02,Pest treatment for a 1BR home,669.35,1294.07,892.46,,Within 1 month
synthetic-b157a676be8195ba41f9c947,Flooring,,75007,2026-01,"Install flooring, 263 sqft, you supply materials",1089.55,2106.46,1452.73,,Within 1 month
synthetic-e35415b0f3d801d3f6d1d827,Flooring,,94105,2026-02,"Install flooring, 311 sqft",1721.23,3327.7,2294.97,,As soon as possible
